deployment,total_detections,unique_species,mean_confidence
W2,603388,317,0.8703053571653316
W1,464405,308,0.8754002386541468
F1,462890,277,0.8703352437914738
F2,368620,243,0.8700491031961183
G2,336784,301,0.8748689365779722
G1,323507,301,0.8788258736351803
