partner,habitat,species,mean_confidence,median_confidence,min_confidence,max_confidence,sd_confidence,n_recordings
belgium,F,Accipiter gentilis_Northern Goshawk,0.8202703446149823,0.8255489766597746,0.725069403648376,0.904914021492004,0.08896864120693783,4
belgium,F,Accipiter nisus_Eurasian Sparrowhawk,0.725047707557678,0.725047707557678,0.725047707557678,0.725047707557678,NA,1
belgium,F,Aegithalos caudatus_Long-tailed Tit,0.8800559772385491,0.8687255084514616,0.798536479473114,0.996707320213318,0.06208970591463341,36
belgium,F,Aegolius funereus_Boreal Owl,0.8521543443202975,0.8521543443202975,0.796508848667145,0.90779983997345,0.0786946146376614,2
belgium,F,Aix galericulata_Mandarin Duck,0.7819762999011625,0.77076381444931,0.707516312599182,0.918041288852692,0.06339371628128129,31
belgium,F,Alcedo atthis_Common Kingfisher,0.813017547130585,0.813017547130585,0.813017547130585,0.813017547130585,NA,1
belgium,F,Anas acuta_Northern Pintail,0.824818551540375,0.824818551540375,0.797585427761078,0.852051675319672,0.03851345299446704,2
belgium,F,Anas crecca_Green-winged Teal,0.8019440112442807,0.790156483650208,0.700693190097809,0.959774434566498,0.07407948491359423,29
belgium,F,Anas platyrhynchos_Mallard,0.716108322143555,0.716108322143555,0.716108322143555,0.716108322143555,NA,1
belgium,F,Anthus trivialis_Tree Pipit,0.7799934936421258,0.7577246427536011,0.70501571893692,0.934545457363129,0.06440970936833654,28
belgium,F,Apus apus_Common Swift,0.905832499265671,0.905832499265671,0.895301699638367,0.916363298892975,0.014892799655566804,2
belgium,F,Ardea cinerea_Gray Heron,0.8499053699128768,0.856416255235672,0.700831353664398,0.996186196804047,0.10387985364673771,34
belgium,F,Asio otus_Long-eared Owl,0.8785915315151214,0.8552594780921936,0.755555093288422,0.997803151607513,0.08588054901366164,10
belgium,F,Athene noctua_Little Owl,0.8171648638589042,0.792876958847046,0.712039172649384,0.96233206987381,0.0931005838065245,7
belgium,F,Botaurus stellaris_Great Bittern,0.8100463931377117,0.831145346164703,0.703219652175903,0.92860209941864,0.07595416422083062,13
belgium,F,Branta leucopsis_Barnacle Goose,0.866469383239746,0.866469383239746,0.866469383239746,0.866469383239746,NA,1
belgium,F,Bubo bubo_Eurasian Eagle-Owl,0.7623951338058294,0.744235932826996,0.701019942760468,0.909168422222137,0.05405718554771937,43
belgium,F,Burhinus oedicnemus_Eurasian Thick-knee,0.8035084307193755,0.8035084307193755,0.707439363002777,0.899577498435974,0.1358621784893529,2
belgium,F,Buteo buteo_Common Buzzard,0.8415499987701575,0.834900438785553,0.704938590526581,0.984872817993164,0.08314882431674143,48
belgium,F,Carduelis carduelis_European Goldfinch,0.814027845859528,0.814027845859528,0.814027845859528,0.814027845859528,NA,1
belgium,F,Certhia brachydactyla_Short-toed Treecreeper,0.8566419960202892,0.866244673728943,0.686033606529236,0.9992715716362,0.09088569600951513,6199
belgium,F,Certhia familiaris_Eurasian Treecreeper,0.6095928331922154,0.5843205451965335,0.500482201576233,0.932502090930939,0.08976959928329324,394
belgium,F,Chloris chloris_European Greenfinch,0.74820476770401,0.74820476770401,0.74820476770401,0.74820476770401,NA,1
belgium,F,Chroicocephalus ridibundus_Black-headed Gull,0.8178020886012487,0.823756456375122,0.743056237697601,0.910288512706757,0.05547907488929197,7
belgium,F,Coccothraustes coccothraustes_Hawfinch,0.825942174913326,0.816862106323242,0.700358390808105,0.995524525642395,0.08318736788108232,261
belgium,F,Columba livia_Rock Pigeon,0.7444371432065965,0.743984490633011,0.719907224178314,0.76987236738205,0.027784088742313674,4
belgium,F,Columba oenas_Stock Dove,0.7900119946740778,0.773246765136719,0.700299859046936,0.998313903808594,0.07276383878190502,391
belgium,F,Columba palumbus_Common Wood-Pigeon,0.8326884032033914,0.826838314533234,0.701535642147064,0.993035972118378,0.08120474701711031,646
belgium,F,Corvus corax_Common Raven,0.505474716424942,0.505474716424942,0.504125654697418,0.506823778152466,0.0019078613915429542,2
belgium,F,Corvus cornix_Hooded Crow,0.7710775606823664,0.760107278823853,0.70031476020813,0.921670496463776,0.05814833015787998,137
belgium,F,Corvus corone_Carrion Crow,0.7716829747493779,0.7604969441890715,0.700297832489014,0.941309094429016,0.05604528058084001,448
belgium,F,Corvus frugilegus_Rook,0.8149219512939454,0.8244205415248875,0.702263116836548,0.931387007236481,0.08232776633562564,20
belgium,F,Corvus monedula_Eurasian Jackdaw,0.7097987846213173,0.697855114936829,0.500426828861237,0.992978751659393,0.13404995197111222,1129
belgium,F,Coturnix coturnix_Common Quail,0.861022770404816,0.887604892253876,0.726510882377625,0.942370414733887,0.09882493796860001,4
belgium,F,Cuculus canorus_Common Cuckoo,0.828330193956693,0.8985664546489716,0.518904983997345,0.992834210395813,0.16369585896895,24
belgium,F,Curruca curruca_Lesser Whitethroat,0.736773133277893,0.736773133277893,0.736773133277893,0.736773133277893,NA,1
belgium,F,Cyanistes caeruleus_Eurasian Blue Tit,0.7060044707570757,0.690172374248505,0.500066518783569,0.996057152748108,0.13755313043763912,525
belgium,F,Delichon urbicum_Common House-Martin,0.7425684531529747,0.764304041862488,0.641745984554291,0.821655333042145,0.09190304826687125,3
belgium,F,Dendrocopos major_Great Spotted Woodpecker,0.7259860314037114,0.721171379089355,0.500473916530609,0.990842580795288,0.136287610058614,1769
belgium,F,Dendrocoptes medius_Middle Spotted Woodpecker,0.8623403244548374,0.853707492351532,0.702081203460693,0.995216488838196,0.09468803852170254,36
belgium,F,Dryobates minor_Lesser Spotted Woodpecker,0.8036570012569427,0.7788084149360655,0.717086017131805,0.984374582767487,0.07762694138313977,20
belgium,F,Dryocopus martius_Black Woodpecker,0.8343372776590544,0.80635130405426,0.714522361755371,0.999006450176239,0.08413067015969074,29
belgium,F,Emberiza hortulana_Ortolan Bunting,0.717045962810516,0.717045962810516,0.717045962810516,0.717045962810516,NA,1
belgium,F,Erithacus rubecula_European Robin,0.8000709778903162,0.791136771440506,0.633101522922516,0.999278247356415,0.10858614603214589,2720
belgium,F,Falco subbuteo_Eurasian Hobby,0.9422659675280254,0.96504819393158,0.881948411464691,0.979801297187805,0.05275480253979078,3
belgium,F,Ficedula albicollis_Collared Flycatcher,0.7855511478015355,0.771803140640259,0.737280607223511,0.838905870914459,0.04147080677190081,7
belgium,F,Ficedula hypoleuca_European Pied Flycatcher,0.8864925710054544,0.902534395456314,0.712772607803345,0.971442818641663,0.0683545525025619,26
belgium,F,Fringilla coelebs_Common Chaffinch,0.672704159393223,0.6446825563907626,0.500074744224548,0.994813799858093,0.13340310650411624,436
belgium,F,Fringilla montifringilla_Brambling,0.8372571170330048,0.8045623600482941,0.744409501552582,0.995494246482849,0.11417697385242463,4
belgium,F,Fulica atra_Eurasian Coot,0.870548529284341,0.865525007247925,0.707196116447449,0.999463498592377,0.09873963294534348,49
belgium,F,Gallinula chloropus_Eurasian Moorhen,0.8798406711766418,0.871512115001678,0.700476050376892,0.999786198139191,0.09822045262534676,71
belgium,F,Garrulus glandarius_Eurasian Jay,0.7826902527435153,0.782550692558289,0.531144201755524,0.996232092380524,0.14312840122369302,306
belgium,F,Grus grus_Common Crane,0.83129286766052235,0.795745730400085,0.785557925701141,0.912574946880341,0.07057641350244864,3
belgium,F,Haematopus ostralegus_Eurasian Oystercatcher,0.850592037041982,0.855665147304535,0.807125151157379,0.888985812664032,0.041165450457619414,3
belgium,F,Locustella luscinioides_Savi's Warbler,0.732940316200256,0.732940316200256,0.732940316200256,0.732940316200256,NA,1
belgium,F,Locustella naevia_Common Grasshopper-Warbler,0.742212176322937,0.742212176322937,0.742212176322937,0.742212176322937,NA,1
belgium,F,Mareca strepera_Gadwall,0.8319985419511795,0.8224211037158965,0.752341091632843,0.930810868740082,0.07432390606638463,4
belgium,F,Motacilla alba_White Wagtail,0.7743669549624124,0.750061750411987,0.689665853977203,0.883373260498047,0.09911456533444712,3
belgium,F,Motacilla cinerea_Gray Wagtail,0.820754885673523,0.820754885673523,0.810322225093842,0.831187546253204,0.014754010083420038,2
belgium,F,Muscicapa striata_Spotted Flycatcher,0.810010561258486,0.801479578018188,0.700989603996277,0.978374242782593,0.07514915059289641,101
belgium,F,Nucifraga caryocatactes_Eurasian Nutcracker,0.790512204170227,0.790512204170227,0.790512204170227,0.790512204170227,NA,1
belgium,F,Numenius arquata_Eurasian Curlew,0.7902634292840955,0.753710091114044,0.716448843479156,0.937184691429138,0.10247950423478655,4
belgium,F,Numenius phaeopus_Whimbrel,0.8465314166886464,0.879052758216858,0.72589099407196,0.934645116329193,0.08693545688786891,7
belgium,F,Nycticorax nycticorax_Black-crowned Night-Heron,0.8403124357091969,0.831820547580719,0.716213822364807,0.9941166639328,0.09408587573391647,29
belgium,F,Oriolus oriolus_Eurasian Golden Oriole,0.7881456514199575,0.784918427467346,0.718611299991608,0.913872539997101,0.05791523012408992,12
belgium,F,Otus scops_Eurasian Scops-Owl,0.8721095745156452,0.904974460601807,0.703620493412018,0.996332883834839,0.09063198885577772,41
belgium,F,Parus major_Great Tit,0.7143407953212936,0.693137466907501,0.500301003456116,0.998461723327637,0.14866455398085135,251
belgium,F,Phasianus colchicus_Ring-necked Pheasant,0.6225097477436065,0.577173501253128,0.518552541732788,0.817139446735382,0.133910862464177,4
belgium,F,Phoenicurus ochruros_Black Redstart,0.7747933467229207,0.762110352516174,0.715630888938904,0.846638798713684,0.06641846025334747,3
belgium,F,Phoenicurus phoenicurus_Common Redstart,0.813384622335434,0.813384622335434,0.712208926677704,0.914560317993164,0.14308404098169442,2
belgium,F,Phylloscopus collybita_Common Chiffchaff,0.672012378951756,0.651214778423309,0.500090837478638,0.985710561275482,0.12147021058448643,3373
belgium,F,Phylloscopus inornatus_Yellow-browed Warbler,0.82897561788559,0.82897561788559,0.82897561788559,0.82897561788559,NA,1
belgium,F,Phylloscopus sibilatrix_Wood Warbler,0.7749731828426493,0.771472930908203,0.701269865036011,0.926095247268677,0.06373919905034928,29
belgium,F,Pica pica_Eurasian Magpie,0.8208603999680943,0.8243768215179446,0.640662133693695,0.997282862663269,0.11216225386548494,216
belgium,F,Picus canus_Gray-headed Woodpecker,0.8109612464904785,0.8065272867679595,0.757836759090424,0.872953653335571,0.047822048086746796,4
belgium,F,Picus viridis_Eurasian Green Woodpecker,0.9093068060157337,0.946155726909637,0.700341761112213,0.999858617782593,0.08850615088392288,711
belgium,F,Pluvialis apricaria_European Golden-Plover,0.82612869143486,0.82612869143486,0.79506117105484,0.85719621181488,0.04393610867072686,2
belgium,F,Poecile palustris_Marsh Tit,0.8915484845638275,0.8915484845638275,0.877443313598633,0.905653655529022,0.019947724078569234,2
belgium,F,Prunella modularis_Dunnock,0.7052237221172877,0.717653512954712,0.516621828079224,0.903555393218994,0.12461952771939977,7
belgium,F,Pyrrhocorax pyrrhocorax_Red-billed Chough,0.8360462784767153,0.830030679702759,0.818466186523438,0.859641969203949,0.021236803933150687,3
belgium,F,Pyrrhula pyrrhula_Eurasian Bullfinch,0.8252109289169314,0.789188921451569,0.781259775161743,0.905184090137482,0.06937216824438677,3
belgium,F,Rallus aquaticus_Water Rail,0.741566340128581,0.734300494194031,0.707752585411072,0.78264594078064,0.03797167440983557,3
belgium,F,Regulus ignicapilla_Common Firecrest,0.8176751732826234,0.772833168506622,0.711275935173035,0.953570544719696,0.09553089531553839,7
belgium,F,Regulus regulus_Goldcrest,0.8220426907906165,0.832575440406799,0.670969307422638,0.988335371017456,0.10125915019447619,65
belgium,F,Scolopax rusticola_Eurasian Woodcock,0.8159219405867837,0.781488597393036,0.701029181480408,0.974404335021973,0.09924484519092408,11
belgium,F,Sitta europaea_Eurasian Nuthatch,0.7637283567664692,0.775356888771057,0.500643134117126,0.993774056434631,0.14538846188030266,412
belgium,F,Stercorarius skua_Great Skua,0.706234931945801,0.706234931945801,0.706234931945801,0.706234931945801,NA,1
belgium,F,Streptopelia decaocto_Eurasian Collared-Dove,0.7859330092157636,0.766909897327423,0.711826622486115,0.913652181625366,0.06464677079389203,14
belgium,F,Streptopelia turtur_European Turtle-Dove,0.767951548099518,0.767951548099518,0.709563791751862,0.826339304447174,0.08257275690339085,2
belgium,F,Strix aluco_Tawny Owl,0.9118612654243218,0.945092082023621,0.700023770332336,0.999976515769958,0.08696788262379335,1609
belgium,F,Sylvia atricapilla_Eurasian Blackcap,0.7398575310307648,0.727779269218445,0.609810650348663,0.985923647880554,0.09471770344626144,191
belgium,F,Tachybaptus ruficollis_Little Grebe,0.947000801563263,0.947000801563263,0.947000801563263,0.947000801563263,NA,1
belgium,F,Thalasseus sandvicensis_Sandwich Tern,0.730351507663727,0.730351507663727,0.730351507663727,0.730351507663727,NA,1
belgium,F,Tringa nebularia_Common Greenshank,0.990703701972961,0.990703701972961,0.990703701972961,0.990703701972961,NA,1
belgium,F,Troglodytes troglodytes_Eurasian Wren,0.7710713643685432,0.7824592888355255,0.500023484230042,0.999585688114166,0.1532934703785604,20270
belgium,F,Turdus iliacus_Redwing,0.8223619223728006,0.812780141830444,0.700262308120728,0.99228036403656,0.08017743767163382,329
belgium,F,Turdus merula_Eurasian Blackbird,0.6571192808052875,0.630845606327057,0.500016927719116,0.995919466018677,0.12195897478582483,921
belgium,F,Turdus philomelos_Song Thrush,0.959228416283925,0.954239964485168,0.950197339057922,0.973247945308685,0.012308375223534554,3
belgium,F,Turdus viscivorus_Mistle Thrush,0.7643805940945947,0.756248474121094,0.755231320858002,0.781661987304688,0.014974764226910233,3
belgium,F,Tyto alba_Barn Owl,0.9043252603212992,0.928348779678345,0.712691366672516,0.999366223812103,0.0835812390838041,75
belgium,F,Vanellus vanellus_Northern Lapwing,0.811301648616791,0.809881985187531,0.722130417823792,0.90189254283905,0.08988947091116732,3
belgium,G,Acanthis flammea_Common Redpoll,0.8329637348651884,0.81292250752449,0.780577659606934,0.941612601280212,0.06134387973045002,6
belgium,G,Acrocephalus arundinaceus_Great Reed Warbler,0.843608796596527,0.843608796596527,0.843608796596527,0.843608796596527,NA,1
belgium,G,Acrocephalus palustris_Marsh Warbler,0.8522815227508544,0.844253957271576,0.737013876438141,0.974960386753082,0.08924408533412381,5
belgium,G,Acrocephalus schoenobaenus_Sedge Warbler,0.8912334235000108,0.908733129501343,0.700316071510315,0.999862194061279,0.09226316631252877,2279
belgium,G,Acrocephalus scirpaceus_Eurasian Reed Warbler,0.8244045525789265,0.8167677819728855,0.72998058795929,0.934102058410645,0.08485766334703693,4
belgium,G,Actitis hypoleucos_Common Sandpiper,0.9279715418815612,0.96950027346611,0.7092205286026,0.998686015605927,0.0900736641369544,32
belgium,G,Aegithalos caudatus_Long-tailed Tit,0.8919967539035357,0.89335972070694,0.789870202541351,0.996439754962921,0.0600463516038131,156
belgium,G,Aegolius funereus_Boreal Owl,0.938494443893433,0.938494443893433,0.938494443893433,0.938494443893433,NA,1
belgium,G,Aix galericulata_Mandarin Duck,0.8214488343188637,0.8045956790447235,0.703162372112274,0.962859928607941,0.08256462101842306,38
belgium,G,Alauda arvensis_Eurasian Skylark,0.6389411290486653,0.683944582939148,0.537335932254791,0.695542871952057,0.08818357040088694,3
belgium,G,Alca torda_Razorbill,0.85515433549881,0.85515433549881,0.85515433549881,0.85515433549881,NA,1
belgium,G,Alcedo atthis_Common Kingfisher,0.883277201652527,0.906962215900421,0.713559448719025,0.996387004852295,0.12202034358729881,5
belgium,G,Alectoris rufa_Red-legged Partridge,0.8631015121936795,0.8631015121936795,0.740504145622253,0.985698878765106,0.17337885851653728,2
belgium,G,Alopochen aegyptiaca_Egyptian Goose,0.8739395314141323,0.864270955324173,0.722200691699982,0.999200642108917,0.09643925335787666,38
belgium,G,Anas acuta_Northern Pintail,0.808991402387619,0.808991402387619,0.799620687961578,0.81836211681366,0.01325219143043237,2
belgium,G,Anas crecca_Green-winged Teal,0.8102567873588981,0.799062967300415,0.703416645526886,0.996787548065186,0.0791247946014893,73
belgium,G,Anas platyrhynchos_Mallard,0.8151339628636759,0.804894328117371,0.700182616710663,0.987433016300201,0.07305744792794436,759
belgium,G,Anser albifrons_Greater White-fronted Goose,0.857658892869949,0.857658892869949,0.80005806684494,0.915259718894958,0.08145986936846093,2
belgium,G,Anser anser_Graylag Goose,0.9312784065965746,0.940869927406311,0.838426828384399,0.996380150318146,0.04695147481098939,61
belgium,G,Anser brachyrhynchus_Pink-footed Goose,0.7912042617797851,0.775347113609314,0.702546417713165,0.903868556022644,0.06124959473906656,20
belgium,G,Anser serrirostris_Tundra Bean-Goose,0.708763599395752,0.708763599395752,0.708763599395752,0.708763599395752,NA,1
belgium,G,Anthus pratensis_Meadow Pipit,0.7910074293613434,0.813078314065933,0.544661521911621,0.996970176696777,0.13513716497630915,488
belgium,G,Anthus trivialis_Tree Pipit,0.8163374229481346,0.794264376163483,0.700623750686646,0.995975911617279,0.08421421014597974,95
belgium,G,Apus apus_Common Swift,0.9454194406668347,0.9594613313674925,0.89641147851944,0.985840916633606,0.039217888244904325,6
belgium,G,Apus melba_Alpine Swift,0.8062084487506321,0.791441142559052,0.705000877380371,0.987373173236847,0.1021642056842015,7
belgium,G,Ardea alba_Great Egret,0.74935108423233,0.74935108423233,0.74935108423233,0.74935108423233,NA,1
belgium,G,Ardea cinerea_Gray Heron,0.8861465692151073,0.911591798067093,0.700409412384033,0.999807417392731,0.09110368514497914,646
belgium,G,Ardea purpurea_Purple Heron,0.7615190029144285,0.733852982521057,0.719821333885193,0.886749446392059,0.07029368426496499,5
belgium,G,Asio flammeus_Short-eared Owl,0.8012903730074563,0.8406742811203,0.701694190502167,0.861502647399902,0.08687925464510785,3
belgium,G,Asio otus_Long-eared Owl,0.7501433789730073,0.7495782375335696,0.701594591140747,0.802848339080811,0.03379213239851872,10
belgium,G,Athene noctua_Little Owl,0.9098896489012986,0.9438258409500124,0.702440083026886,0.999996781349182,0.0933695026578324,768
belgium,G,Bombycilla garrulus_Bohemian Waxwing,0.839087009429932,0.839087009429932,0.839087009429932,0.839087009429932,NA,1
belgium,G,Botaurus stellaris_Great Bittern,0.8209739333217584,0.811634540557861,0.700453400611877,0.990885078907013,0.07596317656495741,103
belgium,G,Branta bernicla_Brant,0.8078937552191995,0.792029976844788,0.700374841690063,0.983008563518524,0.07781234276972834,165
belgium,G,Branta canadensis_Canada Goose,0.8174389564011195,0.8063219487667085,0.700424253940582,0.993625044822693,0.07612722307240186,146
belgium,G,Branta leucopsis_Barnacle Goose,0.7854230205217999,0.772760391235352,0.708793103694916,0.938046872615814,0.07533707096682651,9
belgium,G,Bubo bubo_Eurasian Eagle-Owl,0.7984152634938559,0.759227752685547,0.701509118080139,0.9499391913414,0.07974729633008971,18
belgium,G,Burhinus oedicnemus_Eurasian Thick-knee,0.8127522422717166,0.789683222770691,0.712133884429932,0.958590030670166,0.07818020784570931,13
belgium,G,Buteo buteo_Common Buzzard,0.8517446659996811,0.852410018444061,0.700093448162079,0.998644888401031,0.08171337157563659,2077
belgium,G,Buteo lagopus_Rough-legged Hawk,0.768916666507721,0.768916666507721,0.768916666507721,0.768916666507721,NA,1
belgium,G,Calidris alpina_Dunlin,0.7977818648020427,0.741909742355347,0.714792788028717,0.936643064022064,0.12101924140236943,3
belgium,G,Calidris pugnax_Ruff,0.783748865127563,0.783748865127563,0.783748865127563,0.783748865127563,NA,1
belgium,G,Caprimulgus europaeus_Eurasian Nightjar,0.8261623978614808,0.823161780834198,0.721585810184479,0.937663316726685,0.08708292347495278,6
belgium,G,Carduelis carduelis_European Goldfinch,0.8125087388100163,0.808106064796448,0.715700566768646,0.96142566204071,0.061875737359110936,31
belgium,G,Certhia brachydactyla_Short-toed Treecreeper,0.8231883922527576,0.821638971567154,0.68911337852478,0.98575484752655,0.07966856009181847,58
belgium,G,Certhia familiaris_Eurasian Treecreeper,0.599233865737915,0.599233865737915,0.599233865737915,0.599233865737915,NA,1
belgium,G,Cettia cetti_Cetti's Warbler,0.8205495597365385,0.8254523277282715,0.636415421962738,0.997577488422394,0.0994789942779923,998
belgium,G,Charadrius dubius_Little Ringed Plover,0.8117667400836944,0.788035660982132,0.70243626832962,0.980855286121368,0.08627951282006428,50
belgium,G,Charadrius hiaticula_Common Ringed Plover,0.733901302019755,0.733476400375366,0.703925907611847,0.764301598072052,0.030190087871554375,3
belgium,G,Chlidonias hybrida_Whiskered Tern,0.720489263534546,0.720489263534546,0.720489263534546,0.720489263534546,NA,1
belgium,G,Chloris chloris_European Greenfinch,0.8035801947116854,0.8035801947116854,0.7252596616745,0.881900727748871,0.1107619600334778,2
belgium,G,Chroicocephalus ridibundus_Black-headed Gull,0.7823543974331447,0.7774278819561005,0.703341066837311,0.905368566513062,0.05600774089696788,28
belgium,G,Circus aeruginosus_Eurasian Marsh-Harrier,0.8649502726311379,0.884073376655579,0.726688027381897,0.986491978168488,0.08578480980404919,47
belgium,G,Circus cyaneus_Hen Harrier,0.7922655344009399,0.7922655344009399,0.723966598510742,0.860564470291138,0.0965892814315686,2
belgium,G,Circus pygargus_Montagu's Harrier,0.8224554061889651,0.830713152885437,0.779220819473267,0.857432246208191,0.039754240067638266,3
belgium,G,Coccothraustes coccothraustes_Hawfinch,0.8483865559101104,0.874489277601242,0.719847738742828,0.99957686662674,0.09698975662248985,10
belgium,G,Columba livia_Rock Pigeon,0.790716175849621,0.784077405929565,0.721565186977386,0.939677357673645,0.06976028762725041,13
belgium,G,Columba oenas_Stock Dove,0.870459090839041,0.8782777786254881,0.70648455619812,0.997197031974792,0.08755358592287639,188
belgium,G,Columba palumbus_Common Wood-Pigeon,0.8633236962856012,0.86852365732193,0.701409697532654,0.99975174665451,0.09023761254367055,1295
belgium,G,Corvus corax_Common Raven,0.6518680735638267,0.6271960735321045,0.504684150218964,0.938133239746094,0.11849008374784264,76
belgium,G,Corvus cornix_Hooded Crow,0.7908209403260396,0.7805014848709105,0.700000464916229,0.975553393363953,0.06493163133732831,832
belgium,G,Corvus corone_Carrion Crow,0.7722934379912259,0.760865122079849,0.700205087661743,0.976251184940338,0.05726386809084776,798
belgium,G,Corvus frugilegus_Rook,0.8008818754128048,0.7948167622089386,0.702625811100006,0.977501392364502,0.06902474249884935,126
belgium,G,Corvus monedula_Eurasian Jackdaw,0.7535371898577131,0.7485584318637846,0.500218570232391,0.999696612358093,0.14639992814780517,1276
belgium,G,Coturnix coturnix_Common Quail,0.9432023379567795,0.978252232074738,0.701185405254364,0.99995219707489,0.0754834558934995,883
belgium,G,Cuculus canorus_Common Cuckoo,0.7772243393665296,0.79587459564209,0.500006318092346,0.999766409397125,0.14137713107413957,10450
belgium,G,Curruca communis_Greater Whitethroat,0.8520499623846263,0.8520873486995695,0.727229356765747,0.998733937740326,0.07371878086835097,512
belgium,G,Curruca curruca_Lesser Whitethroat,0.7909108400344846,0.775135934352875,0.724884986877441,0.872711598873138,0.07516523491933853,3
belgium,G,Curruca melanocephala_Sardinian Warbler,0.794331431388855,0.794331431388855,0.794331431388855,0.794331431388855,NA,1
belgium,G,Cyanistes caeruleus_Eurasian Blue Tit,0.6601093937953313,0.6313779950141905,0.50078284740448,0.937165498733521,0.1210419975016461,120
belgium,G,Cygnus atratus_Black Swan,0.700095534324646,0.700095534324646,0.700095534324646,0.700095534324646,NA,1
belgium,G,Cygnus columbianus_Tundra Swan,0.8067219257354735,0.790853917598724,0.705463767051697,0.962867975234985,0.07511224794299481,11
belgium,G,Cygnus cygnus_Whooper Swan,0.8297098457813262,0.821577340364456,0.701238214969635,0.965020895004272,0.09711849352834766,10
belgium,G,Delichon urbicum_Common House-Martin,0.818985489281741,0.817613959312439,0.640895903110504,0.993796348571777,0.10050720488029087,209
belgium,G,Dendrocopos major_Great Spotted Woodpecker,0.7246401945356489,0.723947077989578,0.500480055809021,0.987100720405579,0.13234580507148158,606
belgium,G,Dendrocoptes medius_Middle Spotted Woodpecker,0.8036142587661742,0.8134243786334989,0.711906135082245,0.875702142715454,0.07298457806998297,4
belgium,G,Dryobates minor_Lesser Spotted Woodpecker,0.842689069039231,0.836605310440063,0.704325675964355,0.990621566772461,0.084899049301725385,109
belgium,G,Dryocopus martius_Black Woodpecker,0.8168351437364307,0.8231431245803835,0.706257462501526,0.986800074577332,0.08123755481305861,14
belgium,G,Egretta garzetta_Little Egret,0.7921785116195679,0.767315804958344,0.733303248882294,0.909475862979889,0.06438610083610216,7
belgium,G,Elanus caeruleus_Black-winged Kite,0.864189207553864,0.864189207553864,0.864189207553864,0.864189207553864,NA,1
belgium,G,Emberiza cirlus_Cirl Bunting,0.885409891605377,0.885409891605377,0.885409891605377,0.885409891605377,NA,1
belgium,G,Emberiza citrinella_Yellowhammer,0.765857875347137,0.765857875347137,0.765857875347137,0.765857875347137,NA,1
belgium,G,Emberiza hortulana_Ortolan Bunting,0.8020231667554603,0.777494549751282,0.700021386146545,0.964597404003143,0.0780551626787307,53
belgium,G,Emberiza schoeniclus_Reed Bunting,0.8844056736145701,0.889577329158783,0.771428883075714,0.998691022396088,0.06437357679881754,280
belgium,G,Erithacus rubecula_European Robin,0.754171807225011,0.74478805065155,0.635658919811249,0.967028677463531,0.08212097427313333,119
belgium,G,Falco columbarius_Merlin,0.724827319383621,0.724827319383621,0.713202357292175,0.736452281475067,0.01644017905179608,2
belgium,G,Falco peregrinus_Peregrine Falcon,0.8123481750488281,0.7961204051971436,0.70434033870697,0.957674384117126,0.08892450239415614,10
belgium,G,Falco tinnunculus_Eurasian Kestrel,0.8967428809546774,0.921516180038452,0.700364649295807,0.999334633350372,0.0826023174066597,293
belgium,G,Ficedula hypoleuca_European Pied Flycatcher,0.8465914279222491,0.8565413653850555,0.729299902915955,0.964819729328156,0.0767162820935458,8
belgium,G,Fratercula arctica_Atlantic Puffin,0.8550903424620628,0.8605829775333405,0.703000843524933,0.93690425157547,0.07633561896171026,8
belgium,G,Fringilla coelebs_Common Chaffinch,0.6361783288774037,0.610231339931488,0.500642359256744,0.909698843955994,0.10201653083993936,21
belgium,G,Fringilla montifringilla_Brambling,0.8248042464256286,0.811048567295074,0.71221399307251,0.945290625095367,0.11342552722856947,5
belgium,G,Fulica atra_Eurasian Coot,0.8841071168085504,0.899910271167755,0.701570391654968,0.999094486236572,0.08846149287754776,881
belgium,G,Fulmarus glacialis_Northern Fulmar,0.802326437388881,0.787190139293671,0.70053642988205,0.965540051460266,0.07152383001511144,209
belgium,G,Gallinago gallinago_Common Snipe,0.8271965881188711,0.854674935340881,0.598923802375793,0.991651475429535,0.11761167849341413,108
belgium,G,Gallinula chloropus_Eurasian Moorhen,0.8600640585982656,0.863764256238937,0.700466156005859,0.999739706516266,0.09176761700459139,664
belgium,G,Garrulus glandarius_Eurasian Jay,0.7397128596770025,0.730982601642609,0.530446708202362,0.98473584651947,0.12932006378321134,339
belgium,G,Gavia arctica_Arctic Loon,0.7233262211084368,0.711871862411499,0.702858150005341,0.766703009605408,0.029358417614980297,4
belgium,G,Gavia immer_Common Loon,0.7629167834917704,0.747209310531616,0.731105625629425,0.81043541431427,0.04193265282916196,3
belgium,G,Gavia stellata_Red-throated Loon,0.7844094435373944,0.780845046043396,0.780189037322998,0.792194247245789,0.0067498121043467595,3
belgium,G,Glaucidium passerinum_Eurasian Pygmy-Owl,0.837131142616272,0.837131142616272,0.809305667877197,0.864956617355347,0.0393511637554698,2
belgium,G,Grus grus_Common Crane,0.8187590472552241,0.81525331735611,0.708484053611755,0.960803925991058,0.06906325114961932,49
belgium,G,Haematopus ostralegus_Eurasian Oystercatcher,0.8580056426077728,0.863408803939819,0.700005412101746,0.999053180217743,0.09129358295030267,421
belgium,G,Himantopus himantopus_Black-winged Stilt,0.8280793726444244,0.833941787481308,0.718542337417603,0.925891578197479,0.09985646468671046,4
belgium,G,Hippolais icterina_Icterine Warbler,0.700989067554474,0.700989067554474,0.700989067554474,0.700989067554474,NA,1
belgium,G,Hippolais polyglotta_Melodious Warbler,0.7534132202466327,0.740452468395233,0.706917822360992,0.812869369983673,0.054151809086359054,3
belgium,G,Hirundo rustica_Barn Swallow,0.860025942776005,0.85953414440155,0.724759101867676,0.997130572795868,0.07616855885544063,397
belgium,G,Hydrobates pelagicus_European Storm-Petrel,0.757785320281982,0.757785320281982,0.757785320281982,0.757785320281982,NA,1
belgium,G,Hydroprogne caspia_Caspian Tern,0.8153780456632376,0.81210333108902,0.706839203834534,0.961137354373932,0.0722097002773598,32
belgium,G,Ichthyaetus melanocephalus_Mediterranean Gull,0.902108725379495,0.910052895545959,0.726313710212708,0.999381184577942,0.07821374437032937,17
belgium,G,Ixobrychus minutus_Little Bittern,0.8397723166838936,0.833888649940491,0.700582385063171,0.991776943206787,0.08482767656962578,115
belgium,G,Jynx torquilla_Eurasian Wryneck,0.8223456591367725,0.786605685949326,0.751536786556244,0.964634478092194,0.09806981529891257,4
belgium,G,Larus argentatus_Herring Gull,0.7898425161838529,0.7898425161838529,0.74343866109848,0.836246371269226,0.06562496120813019,2
belgium,G,Larus canus_Common Gull,0.7692173586951361,0.775154054164886,0.711145579814911,0.813131749629974,0.03056038002697427,9
belgium,G,Larus delawarensis_Ring-billed Gull,0.802331000566483,0.802331000566483,0.753445684909821,0.851216316223145,0.06913427640254119,2
belgium,G,Larus fuscus_Lesser Black-backed Gull,0.7584649920463562,0.72709059715271,0.706776440143585,0.87290233373642,0.07704695612338429,4
belgium,G,Larus marinus_Great Black-backed Gull,0.7202901244163515,0.7202901244163515,0.712798357009888,0.727781891822815,0.010594959072365406,2
belgium,G,Larus michahellis_Yellow-legged Gull,0.8230212926864626,0.83120208978653,0.755599677562714,0.869304299354553,0.042039196936777275,5
belgium,G,Limosa lapponica_Bar-tailed Godwit,0.821096837520599,0.821096837520599,0.821096837520599,0.821096837520599,NA,1
belgium,G,Limosa limosa_Black-tailed Godwit,0.8556618961818055,0.8585737049579625,0.700678646564484,0.998866558074951,0.08630717974263914,1228
belgium,G,Linaria cannabina_Eurasian Linnet,0.7344908192753792,0.7425022125244141,0.50915139913559,0.967557907104492,0.1434102895822595,32
belgium,G,Locustella luscinioides_Savi's Warbler,0.87909209728241,0.87909209728241,0.87909209728241,0.87909209728241,NA,1
belgium,G,Locustella naevia_Common Grasshopper-Warbler,0.8404555164632342,0.839119911193848,0.705352544784546,0.956430077552795,0.0765972352658781,42
belgium,G,Lophophanes cristatus_Crested Tit,0.7879416346549986,0.7879416346549986,0.722879648208618,0.853003621101379,0.09201154362740573,2
belgium,G,Loxia curvirostra_Red Crossbill,0.747581124305725,0.747581124305725,0.747581124305725,0.747581124305725,NA,1
belgium,G,Lullula arborea_Wood Lark,0.8180900791112115,0.793485164642334,0.708032846450806,0.980060338973999,0.07810667992331138,85
belgium,G,Luscinia svecica_Bluethroat,0.8842621720846622,0.904231548309326,0.700861215591431,0.999521851539612,0.09097176822997993,496
belgium,G,Lymnocryptes minimus_Jack Snipe,0.728963613510132,0.728963613510132,0.728963613510132,0.728963613510132,NA,1
belgium,G,Mareca penelope_Eurasian Wigeon,0.8208027698776938,0.830406785011292,0.710883617401123,0.954368710517883,0.07942241207540772,11
belgium,G,Mareca strepera_Gadwall,0.8579518156392234,0.854426950216293,0.701552629470825,0.991697907447815,0.08423994908532127,112
belgium,G,Melanitta nigra_Common Scoter,0.7964767098426819,0.7709503769874575,0.718621492385864,0.947438478469849,0.07596210912285378,10
belgium,G,Mergus merganser_Common Merganser,0.8141774535179137,0.81511577963829,0.722617268562317,0.938799977302551,0.07032538240667811,8
belgium,G,Milvus milvus_Red Kite,0.735829293727875,0.735829293727875,0.735829293727875,0.735829293727875,NA,1
belgium,G,Morus bassanus_Northern Gannet,0.8361146450042727,0.867824733257294,0.705042898654938,0.935476303100586,0.11844423052164132,3
belgium,G,Motacilla alba_White Wagtail,0.8300404474139214,0.8428699970245366,0.690770864486694,0.965908169746399,0.09186469268541284,24
belgium,G,Motacilla cinerea_Gray Wagtail,0.8518370389938357,0.85556173324585,0.709311425685883,0.945069491863251,0.08198614524020048,7
belgium,G,Motacilla flava_Western Yellow Wagtail,0.8163535547883887,0.8043900728225705,0.709019899368286,0.977982759475708,0.08334647269458241,38
belgium,G,Muscicapa striata_Spotted Flycatcher,0.770846128463745,0.770846128463745,0.770846128463745,0.770846128463745,NA,1
belgium,G,Nucifraga caryocatactes_Eurasian Nutcracker,0.8059831979599865,0.7823701500892635,0.704731285572052,0.944075465202332,0.07078250156787899,44
belgium,G,Numenius arquata_Eurasian Curlew,0.8111782163381577,0.814264506101608,0.711448788642883,0.962825000286102,0.0812274436935172,40
belgium,G,Numenius phaeopus_Whimbrel,0.8465375641117926,0.8651623427867889,0.703959107398987,0.996073961257935,0.08708269661734559,46
belgium,G,Nycticorax nycticorax_Black-crowned Night-Heron,0.8332459099904788,0.825310111045837,0.700124680995941,0.995688855648041,0.08354031321058969,783
belgium,G,Oenanthe oenanthe_Northern Wheatear,0.754480183124542,0.754480183124542,0.754480183124542,0.754480183124542,NA,1
belgium,G,Oriolus oriolus_Eurasian Golden Oriole,0.8424763826734991,0.847944855690002,0.700527250766754,0.989604473114014,0.07534828670222665,251
belgium,G,Otus scops_Eurasian Scops-Owl,0.8272839892417827,0.807457536458969,0.700786888599396,0.998376131057739,0.0848164960602234,94
belgium,G,Panurus biarmicus_Bearded Reedling,0.954117953777313,0.954117953777313,0.954117953777313,0.954117953777313,NA,1
belgium,G,Parus major_Great Tit,0.7114236898589552,0.691542267799377,0.502399682998657,0.974320232868195,0.14108309291100543,171
belgium,G,Passer domesticus_House Sparrow,0.763693630695343,0.763693630695343,0.763693630695343,0.763693630695343,NA,1
belgium,G,Perdix perdix_Gray Partridge,0.9177559454266617,0.938890486955643,0.701627850532532,0.999738872051239,0.07885225225348405,82
belgium,G,Periparus ater_Coal Tit,0.76891753077507,0.76891753077507,0.713129341602325,0.824705719947815,0.07889641374833188,2
belgium,G,Petronia petronia_Rock Sparrow,0.7802185416221621,0.7802185416221621,0.747511088848114,0.81292599439621,0.04625532330373622,2
belgium,G,Phalacrocorax carbo_Great Cormorant,0.8060124424787668,0.7867399752140045,0.700181543827057,0.988552689552307,0.0781866448969628,78
belgium,G,Phasianus colchicus_Ring-necked Pheasant,0.8030146949239771,0.826865553855896,0.51823228597641,0.999950289726257,0.1462942158213705,3475
belgium,G,Phoenicurus ochruros_Black Redstart,0.842727664269899,0.8326698541641235,0.705724835395813,0.982430636882782,0.08345313053624995,38
belgium,G,Phoenicurus phoenicurus_Common Redstart,0.7894497718780663,0.773010849952698,0.701245784759521,0.96431177854538,0.06426792649089919,157
belgium,G,Phylloscopus collybita_Common Chiffchaff,0.7212287129377645,0.706914603710175,0.500038266181946,0.998913049697876,0.14375246623398122,13693
belgium,G,Pica pica_Eurasian Magpie,0.8153033346989575,0.8141204118728635,0.640231311321259,0.997402846813202,0.10274961418446052,850
belgium,G,Picus canus_Gray-headed Woodpecker,0.8589431643486021,0.8589431643486021,0.810014188289642,0.907872140407562,0.06919602153560973,2
belgium,G,Picus viridis_Eurasian Green Woodpecker,0.8709552799177044,0.881362915039062,0.700013995170593,0.997464776039124,0.08784545866882541,379
belgium,G,Plegadis falcinellus_Glossy Ibis,0.7962391972541812,0.7928310036659245,0.727310597896576,0.8719841837883,0.06637249797081209,4
belgium,G,Pluvialis apricaria_European Golden-Plover,0.7951767082725252,0.793052405118942,0.702731311321259,0.942304134368896,0.06139623339480278,28
belgium,G,Pluvialis squatarola_Black-bellied Plover,0.8139270112432283,0.822224617004395,0.711466431617737,0.961542904376984,0.06758316676131344,29
belgium,G,Podiceps cristatus_Great Crested Grebe,0.840594410896301,0.8129279315471645,0.778366208076477,0.958155572414398,0.08049779384221774,4
belgium,G,Podiceps grisegena_Red-necked Grebe,0.756605803966522,0.755449533462524,0.704123914241791,0.810243964195251,0.05306947306729194,3
belgium,G,Porzana porzana_Spotted Crake,0.9139755368232725,0.9139755368232725,0.8370161652565,0.990934908390045,0.10883698702144004,2
belgium,G,Prunella modularis_Dunnock,0.6387188126300942,0.611940383911133,0.509983122348785,0.924655795097351,0.11554969460517128,29
belgium,G,Puffinus puffinus_Manx Shearwater,0.7520343363285065,0.7520343363285065,0.748646020889282,0.755422651767731,0.004791801647749468,2
belgium,G,Pyrrhocorax pyrrhocorax_Red-billed Chough,0.852479517459869,0.852479517459869,0.852479517459869,0.852479517459869,NA,1
belgium,G,Pyrrhula pyrrhula_Eurasian Bullfinch,0.8109815340293082,0.784510552883148,0.70076721906662,0.970165073871613,0.08492953307332952,19
belgium,G,Rallus aquaticus_Water Rail,0.8333055596602589,0.849754631519318,0.70343941450119,0.949365437030792,0.08259039229159956,19
belgium,G,Regulus ignicapilla_Common Firecrest,0.8122067570686342,0.779947638511658,0.768022835254669,0.889506995677948,0.05271684719233236,5
belgium,G,Remiz pendulinus_Eurasian Penduline-Tit,0.7707236409187315,0.7707236409187315,0.706815481185913,0.83463180065155,0.09037978624045803,2
belgium,G,Riparia riparia_Bank Swallow,0.7947715123494467,0.829017043113708,0.710527360439301,0.844770133495331,0.07338152228209548,3
belgium,G,Saxicola rubetra_Whinchat,0.918538689613342,0.918538689613342,0.918538689613342,0.918538689613342,NA,1
belgium,G,Saxicola rubicola_European Stonechat,0.8579328495722551,0.8618989884853365,0.700266063213348,0.999550998210907,0.08982281756121653,130
belgium,G,Scolopax rusticola_Eurasian Woodcock,0.8141689811434064,0.805911600589752,0.702942609786987,0.987251877784729,0.09974096960834869,7
belgium,G,Sitta europaea_Eurasian Nuthatch,0.6751016841994392,0.6365841925144196,0.505282878875732,0.926758170127869,0.12644092871674198,90
belgium,G,Spatula clypeata_Northern Shoveler,0.82176762819290206,0.82176762819290206,0.82176762819290206,0.82176762819290206,NA,1
belgium,G,Stercorarius skua_Great Skua,0.741145968437195,0.741145968437195,0.741145968437195,0.741145968437195,NA,1
belgium,G,Sterna hirundo_Common Tern,0.756182610988617,0.756182610988617,0.756182610988617,0.756182610988617,NA,1
belgium,G,Streptopelia decaocto_Eurasian Collared-Dove,0.7879872445790272,0.774657368659973,0.700724005699158,0.948882162570953,0.06307930744782624,53
belgium,G,Streptopelia turtur_European Turtle-Dove,0.8068199083209038,0.830511838197708,0.702813267707825,0.930392205715179,0.0908455446231734,8
belgium,G,Strix aluco_Tawny Owl,0.868606945760808,0.876643180847168,0.700122714042664,0.999659776687622,0.08980315871506508,1577
belgium,G,Sturnus vulgaris_European Starling,0.8040716468471371,0.7981437742710116,0.700904607772827,0.958533406257629,0.0647863252673433,146
belgium,G,Sylvia atricapilla_Eurasian Blackcap,0.7166365874347402,0.6961015164852145,0.609861671924591,0.924057006835938,0.07789490488732864,134
belgium,G,Sylvia borin_Garden Warbler,0.8051422595495155,0.79520708322525,0.700345695018768,0.979283630847931,0.07254306051735043,247
belgium,G,Tachybaptus ruficollis_Little Grebe,0.8470230840501332,0.874494552612305,0.714791715145111,0.980715036392212,0.08710966546077553,21
belgium,G,Tadorna tadorna_Common Shelduck,0.815565739908526,0.80518364906311,0.71753454208374,0.925409734249115,0.05963191505400025,31
belgium,G,Thalasseus sandvicensis_Sandwich Tern,0.7554546743631365,0.7379145324230194,0.709132492542267,0.83685714006424,0.05718258780553959,4
belgium,G,Tringa erythropus_Spotted Redshank,0.8221042156219485,0.805457830429077,0.728044450283051,0.986869037151337,0.08459679548391157,10
belgium,G,Tringa glareola_Wood Sandpiper,0.7434277335802714,0.749670743942261,0.710700988769531,0.769911468029022,0.030094876595852405,3
belgium,G,Tringa nebularia_Common Greenshank,0.9499461750189465,0.9386351704597475,0.927894711494446,0.989937663078308,0.024896648721372015,6
belgium,G,Tringa ochropus_Green Sandpiper,0.8695261530254198,0.869218170642853,0.701166749000549,0.99906450510025,0.09610702024602027,115
belgium,G,Tringa totanus_Common Redshank,0.7137239277362826,0.7137239277362826,0.704909086227417,0.722538769245148,0.01246606841200694,2
belgium,G,Troglodytes troglodytes_Eurasian Wren,0.7073824050564543,0.692752331495285,0.50020432472229,0.997094631195068,0.1351357296154221,898
belgium,G,Turdus iliacus_Redwing,0.8617894957805502,0.857627749443054,0.713480412960052,0.998734891414642,0.09069095164379572,29
belgium,G,Turdus merula_Eurasian Blackbird,0.6629702064210817,0.638415724039078,0.500025868415833,0.990210175514221,0.11982710864755401,2622
belgium,G,Turdus philomelos_Song Thrush,0.9520384212334951,0.947550982236862,0.90398895740509,0.992647886276245,0.02564962100808764,30
belgium,G,Turdus pilaris_Fieldfare,0.8252654671669006,0.802467942237854,0.797129333019257,0.876199126243591,0.04419053526834236,3
belgium,G,Turdus viscivorus_Mistle Thrush,0.8396940056015463,0.807936251163483,0.747818112373352,0.989122450351715,0.07609057572701199,17
belgium,G,Tyto alba_Barn Owl,0.8845556704503185,0.898098230361938,0.705938279628754,0.999439299106598,0.0896998542818632,106
belgium,G,Upupa epops_Eurasian Hoopoe,0.8362045586109162,0.871571868658066,0.710225701332092,0.891448795795441,0.08551493237469557,4
belgium,G,Vanellus vanellus_Northern Lapwing,0.8819711427891116,0.8977793753147125,0.700495898723602,0.9995276927948,0.08697893504539288,2590
belgium,G,Zapornia parva_Little Crake,0.8187401096026103,0.804552018642426,0.707495629787445,0.969823777675629,0.09077040827486524,9
belgium,W,Acanthis flammea_Common Redpoll,0.7802222073078156,0.7802222073078156,0.770057141780853,0.790387272834778,0.014375573530641584,2
belgium,W,Accipiter gentilis_Northern Goshawk,0.7910096551242628,0.769003391265869,0.700946390628815,0.920270621776581,0.06441999054134166,19
belgium,W,Acrocephalus arundinaceus_Great Reed Warbler,0.803839534521103,0.803839534521103,0.774708449840546,0.83297061920166,0.04119757504188285,2
belgium,W,Acrocephalus palustris_Marsh Warbler,0.8478790947369169,0.836681723594666,0.74188506603241,0.983400046825409,0.09853204178768137,7
belgium,W,Acrocephalus scirpaceus_Eurasian Reed Warbler,0.8025094300116363,0.7913426756858826,0.700033068656921,0.986617207527161,0.07342383672502881,304
belgium,W,Actitis hypoleucos_Common Sandpiper,0.9244673086537254,0.9425438046455386,0.754233956336975,0.99968147277832,0.08412050492854278,18
belgium,W,Aegithalos caudatus_Long-tailed Tit,0.9197695157156308,0.933751940727234,0.789492726325989,0.99991238117218,0.06201171660936118,571
belgium,W,Aix galericulata_Mandarin Duck,0.7700668036937715,0.725055009126663,0.700830399990082,0.921458899974823,0.07690052479614674,10
belgium,W,Alca torda_Razorbill,0.7713310420513155,0.7713310420513155,0.709787249565125,0.832874834537506,0.08703606601384602,2
belgium,W,Alcedo atthis_Common Kingfisher,0.8861188468385915,0.898593246936798,0.708851635456085,0.9974085688591,0.09071321794251523,61
belgium,W,Alopochen aegyptiaca_Egyptian Goose,0.8555375337600708,0.854855298995972,0.71748960018158,0.986845970153809,0.07901333126484106,27
belgium,W,Anas acuta_Northern Pintail,0.792474508285522,0.792474508285522,0.792474508285522,0.792474508285522,NA,1
belgium,W,Anas crecca_Green-winged Teal,0.8479850991272632,0.826376140117645,0.70526123046875,0.999332129955292,0.1000897386203467,81
belgium,W,Anas platyrhynchos_Mallard,0.8475264886549032,0.8532784581184385,0.700027406215668,0.994591116905212,0.08218428326674952,938
belgium,W,Anser albifrons_Greater White-fronted Goose,0.7242123186588285,0.7242123186588285,0.707111835479736,0.741312801837921,0.02418373523500562,2
belgium,W,Anser anser_Graylag Goose,0.9357641056342451,0.945966005325317,0.835044622421265,0.999731719493866,0.04734949225252711,1009
belgium,W,Anser brachyrhynchus_Pink-footed Goose,0.757482945919037,0.757482945919037,0.757482945919037,0.757482945919037,NA,1
belgium,W,Anthus pratensis_Meadow Pipit,0.8036688651357379,0.822518765926361,0.670811414718628,0.965485572814941,0.126177745354709,7
belgium,W,Anthus trivialis_Tree Pipit,0.8222095847129822,0.810965061187744,0.707192003726959,0.956544458866119,0.07748205668552363,25
belgium,W,Apus apus_Common Swift,0.9851058665663005,0.992747962474823,0.896886467933655,0.999308228492737,0.023543215384820418,32
belgium,W,Ardea cinerea_Gray Heron,0.8765486417764641,0.8898063898086545,0.702341675758362,0.999226331710815,0.09084247805490196,166
belgium,W,Ardea purpurea_Purple Heron,0.751883089542389,0.751883089542389,0.751883089542389,0.751883089542389,NA,1
belgium,W,Asio otus_Long-eared Owl,0.7853114207585652,0.7675627171993256,0.701269447803497,0.914172649383545,0.07298007105777239,12
belgium,W,Athene noctua_Little Owl,0.8512540846257597,0.85253119468689,0.707049965858459,0.995712757110596,0.08760906745181588,37
belgium,W,Botaurus stellaris_Great Bittern,0.8187477228082257,0.802977979183197,0.709407687187195,0.992200076580048,0.08073371562511371,81
belgium,W,Branta bernicla_Brant,0.8085422913233437,0.7726937532424925,0.70563161373138406,0.941212475299835,0.09410749830955627,6
belgium,W,Branta canadensis_Canada Goose,0.8502747871851558,0.8625501990318295,0.700170814990997,0.992229998111725,0.08228462896711305,394
belgium,W,Branta leucopsis_Barnacle Goose,0.8520935863818763,0.855801284313202,0.705610752105713,0.997930288314819,0.08931420304601634,53
belgium,W,Bubo bubo_Eurasian Eagle-Owl,0.7771134411587435,0.780645370483398,0.707463979721069,0.892803192138672,0.06355237530100466,17
belgium,W,Burhinus oedicnemus_Eurasian Thick-knee,0.8018021629406856,0.782246947288513,0.71017724275589,0.932115793228149,0.07174617352637118,13
belgium,W,Buteo buteo_Common Buzzard,0.8608818497647343,0.872528910636902,0.702659845352173,0.994455873966217,0.08450175609736574,457
belgium,W,Calidris alpina_Dunlin,0.833345532417297,0.833345532417297,0.833345532417297,0.833345532417297,NA,1
belgium,W,Caprimulgus europaeus_Eurasian Nightjar,0.8120471443448748,0.7994659245014191,0.703406751155853,0.950320065021515,0.07194561226985724,70
belgium,W,Carduelis carduelis_European Goldfinch,0.8622197610991341,0.866045296192169,0.728553354740143,0.980501174926758,0.0806768991596339,35
belgium,W,Certhia brachydactyla_Short-toed Treecreeper,0.8352893600833713,0.830843508243561,0.686404883861542,0.999451339244843,0.08974801961932453,361
belgium,W,Certhia familiaris_Eurasian Treecreeper,0.695248266021331,0.681583523750305,0.500148475170135,0.988439559936523,0.12940031211158853,499
belgium,W,Cettia cetti_Cetti's Warbler,0.9086523521212321,0.9416554868221285,0.636569738388062,0.999764978885651,0.0841392815055041,4664
belgium,W,Charadrius dubius_Little Ringed Plover,0.7716299146413803,0.746734380722046,0.702896654605865,0.867664754390717,0.06491404654078729,8
belgium,W,Charadrius hiaticula_Common Ringed Plover,0.7704442888498307,0.7427940964698795,0.700221061706543,0.895967900753021,0.09102590633043228,4
belgium,W,Chloris chloris_European Greenfinch,0.8191308012375467,0.800303399562836,0.72716498374939,0.971089363098145,0.07727238992290887,13
belgium,W,Chroicocephalus ridibundus_Black-headed Gull,0.79254317879676806,0.7583106160163879,0.716460585594177,0.930493891239166,0.0814396228296929,10
belgium,W,Ciconia ciconia_White Stork,0.860419452190399,0.860419452190399,0.860419452190399,0.860419452190399,NA,1
belgium,W,Circus aeruginosus_Eurasian Marsh-Harrier,0.813416004180908,0.813416004180908,0.813416004180908,0.813416004180908,NA,1
belgium,W,Circus cyaneus_Hen Harrier,0.807765930891037,0.807765930891037,0.779597163200378,0.835934698581696,0.03983665330346703,2
belgium,W,Coccothraustes coccothraustes_Hawfinch,0.8309107038282578,0.804838597774506,0.703672766685486,0.999002158641815,0.09498240366034838,31
belgium,W,Columba oenas_Stock Dove,0.7864914015946884,0.771624147891998,0.700407922267914,0.984307467937469,0.06835718511643744,221
belgium,W,Columba palumbus_Common Wood-Pigeon,0.8487508225717831,0.8470334708690646,0.701106786727905,0.99900871515274,0.08511990510456116,2928
belgium,W,Corvus corax_Common Raven,0.6324840258526546,0.607928991317749,0.501132547855377,0.87807959318161,0.10239707040621379,93
belgium,W,Corvus cornix_Hooded Crow,0.8004213877626368,0.794912219047546,0.704619944095612,0.969614028930664,0.07469676334466367,37
belgium,W,Corvus corone_Carrion Crow,0.7615400599805932,0.7442924678325655,0.701326012611389,0.921124815940857,0.0570593243242417,38
belgium,W,Corvus frugilegus_Rook,0.794355880130421,0.776531994342804,0.703114748001099,0.922166049480438,0.08188589502293771,11
belgium,W,Corvus monedula_Eurasian Jackdaw,0.7532448782689771,0.7545093894004825,0.500021576881409,0.999446451663971,0.1479000180361003,11350
belgium,W,Coturnix coturnix_Common Quail,0.8912536410185007,0.890096366405487,0.750982463359833,0.995317578315735,0.07585696029726273,13
belgium,W,Crex crex_Corn Crake,0.81084805727005,0.81084805727005,0.81084805727005,0.81084805727005,NA,1
belgium,W,Cuculus canorus_Common Cuckoo,0.78350507124041,0.79832261800766,0.500029563903809,0.999954342842102,0.14608708715328844,10465
belgium,W,Curruca communis_Greater Whitethroat,0.7684779365857444,0.784459471702576,0.730876684188843,0.790097653865814,0.03268543882049119,3
belgium,W,Curruca curruca_Lesser Whitethroat,0.7273444831371305,0.7273444831371305,0.701805830001831,0.75288313627243,0.03611710962868266,2
belgium,W,Curruca melanocephala_Sardinian Warbler,0.833632081747055,0.833632081747055,0.810393154621124,0.856871008872986,0.03286480591649156,2
belgium,W,Cyanistes caeruleus_Eurasian Blue Tit,0.6967813815934802,0.673038721084595,0.500685095787048,0.997318685054779,0.14134037588153087,843
belgium,W,Cygnus columbianus_Tundra Swan,0.8988793045282365,0.8941632807254789,0.862065434455872,0.945125222206116,0.035635735744773064,4
belgium,W,Cygnus cygnus_Whooper Swan,0.8308422684669496,0.830882012844086,0.731046259403229,0.938783705234528,0.07369084239709808,5
belgium,W,Cygnus olor_Mute Swan,0.9567802037511552,0.966202735900879,0.903879165649414,0.97351211309433,0.024555610210059274,7
belgium,W,Delichon urbicum_Common House-Martin,0.8022554069757463,0.8186177611351015,0.653080403804779,0.918705701828003,0.11492860010992226,4
belgium,W,Dendrocopos major_Great Spotted Woodpecker,0.7813360454727187,0.797886610031128,0.50002521276474,0.996314585208893,0.15367978733656026,517
belgium,W,Dendrocoptes medius_Middle Spotted Woodpecker,0.8838484287261962,0.8705406785011296,0.77131575345993,0.994414091110229,0.09388590773081797,6
belgium,W,Dryobates minor_Lesser Spotted Woodpecker,0.8218624235855209,0.8162920475006106,0.700326502323151,0.962872982025146,0.0752282555808529,144
belgium,W,Dryocopus martius_Black Woodpecker,0.8102394726084566,0.813753247261047,0.703404486179352,0.963805258274078,0.06897364000066732,87
belgium,W,Egretta garzetta_Little Egret,0.882587909698486,0.882587909698486,0.882587909698486,0.882587909698486,NA,1
belgium,W,Emberiza citrinella_Yellowhammer,0.76824426651001,0.76824426651001,0.76824426651001,0.76824426651001,NA,1
belgium,W,Emberiza hortulana_Ortolan Bunting,0.7928308019271264,0.7841602265834811,0.703277945518494,0.977388858795166,0.06648398856868457,26
belgium,W,Erithacus rubecula_European Robin,0.7816982948513883,0.763786017894745,0.633095502853394,0.997936248779297,0.10063658944540074,1254
belgium,W,Falco subbuteo_Eurasian Hobby,0.828794896602631,0.828794896602631,0.828794896602631,0.828794896602631,NA,1
belgium,W,Ficedula albicollis_Collared Flycatcher,0.7454233050346372,0.739716351032257,0.708032190799713,0.793615937232971,0.030854139968779618,5
belgium,W,Ficedula hypoleuca_European Pied Flycatcher,0.8595880448818206,0.870976984500885,0.740003764629364,0.966300904750824,0.08344693882549144,10
belgium,W,Fratercula arctica_Atlantic Puffin,0.774675766626994,0.770470440387726,0.753481686115265,0.800075173377991,0.0235796912704441,3
belgium,W,Fringilla coelebs_Common Chaffinch,0.6908442037446159,0.6697741746902465,0.500240564346313,0.97529000043869,0.12688300947992603,98
belgium,W,Fulica atra_Eurasian Coot,0.8932985151881603,0.919073671102524,0.700078785419464,0.999759256839752,0.09198909393810913,938
belgium,W,Fulmarus glacialis_Northern Fulmar,0.706824660301208,0.706824660301208,0.706824660301208,0.706824660301208,NA,1
belgium,W,Gallinago gallinago_Common Snipe,0.8588959618526345,0.89312931895256,0.595574796199799,0.99101185798645,0.1129397775657523,68
belgium,W,Gallinula chloropus_Eurasian Moorhen,0.8671114957957927,0.875981003046036,0.700625777244568,0.999575078487396,0.08706663484044053,1792
belgium,W,Garrulus glandarius_Eurasian Jay,0.7821631304180349,0.792499542236328,0.531640648841858,0.998189985752106,0.14182634204319067,262
belgium,W,Gavia stellata_Red-throated Loon,0.960353076457977,0.960353076457977,0.960353076457977,0.960353076457977,NA,1
belgium,W,Glaucidium passerinum_Eurasian Pygmy-Owl,0.741292476654053,0.741292476654053,0.741292476654053,0.741292476654053,NA,1
belgium,W,Grus grus_Common Crane,0.7980039834976196,0.81323504447937,0.706030786037445,0.925759732723236,0.06927883938288333,15
belgium,W,Haematopus ostralegus_Eurasian Oystercatcher,0.9034102512485206,0.933854341506958,0.700301706790924,0.999738276004791,0.08594681626624762,243
belgium,W,Haliaeetus albicilla_White-tailed Eagle,0.763968348503113,0.763968348503113,0.763968348503113,0.763968348503113,NA,1
belgium,W,Hippolais icterina_Icterine Warbler,0.8066328048706056,0.808489739894867,0.70480889081955,0.924949884414673,0.08283187855321575,5
belgium,W,Hirundo rustica_Barn Swallow,0.8315746665000914,0.816656172275543,0.736121416091919,0.914518356323242,0.07147608800362337,5
belgium,W,Hydroprogne caspia_Caspian Tern,0.7572422197886877,0.71704375743866,0.707050621509552,0.917737901210785,0.07581284561758875,7
belgium,W,Ichthyaetus melanocephalus_Mediterranean Gull,0.9110425037722434,0.940001785755157,0.709996163845062,0.998248696327209,0.09014858699614724,31
belgium,W,Ixobrychus minutus_Little Bittern,0.8353117809102342,0.823899865150452,0.700387716293335,0.997297704219818,0.08280393971977192,74
belgium,W,Lanius collurio_Red-backed Shrike,0.7485989853739738,0.7503732442855835,0.701259732246399,0.806479513645172,0.039260132782091686,8
belgium,W,Larus argentatus_Herring Gull,0.8128523571150643,0.798344135284424,0.706401467323303,0.954143166542053,0.07059455804751794,35
belgium,W,Larus fuscus_Lesser Black-backed Gull,0.7576086074113846,0.7245815098285675,0.700010538101196,0.870717763900757,0.06424934579114926,8
belgium,W,Larus michahellis_Yellow-legged Gull,0.7945044125829426,0.809161186218262,0.715572774410248,0.884033024311066,0.06775941039882788,7
belgium,W,Linaria cannabina_Eurasian Linnet,0.6655287742614743,0.657556891441345,0.623439311981201,0.715590119361877,0.04658976295283138,3
belgium,W,Locustella luscinioides_Savi's Warbler,0.728716909885406,0.728716909885406,0.728716909885406,0.728716909885406,NA,1
belgium,W,Lophophanes cristatus_Crested Tit,0.953329801559448,0.953329801559448,0.953329801559448,0.953329801559448,NA,1
belgium,W,Lullula arborea_Wood Lark,0.900014638900757,0.900014638900757,0.900014638900757,0.900014638900757,NA,1
belgium,W,Luscinia megarhynchos_Common Nightingale,0.786683142185211,0.7735388576984406,0.736715793609619,0.862939059734344,0.0589883455573534,4
belgium,W,Mareca penelope_Eurasian Wigeon,0.8948745402422819,0.923737108707428,0.73923259973526,0.998116493225098,0.091766106795866,11
belgium,W,Mareca strepera_Gadwall,0.815611508488655,0.7828547060489655,0.704965174198151,0.943589925765991,0.08222068394442658,20
belgium,W,Melanitta nigra_Common Scoter,0.8214598939968989,0.789663076400757,0.722243845462799,0.993427276611328,0.08875123918473961,13
belgium,W,Mergus merganser_Common Merganser,0.758888214826584,0.758888214826584,0.702687799930573,0.815088629722595,0.0794793889569337,2
belgium,W,Motacilla alba_White Wagtail,0.731223165988922,0.731223165988922,0.690521001815796,0.771925330162048,0.05756155259157108,2
belgium,W,Motacilla cinerea_Gray Wagtail,0.7945559322834014,0.7589722871780396,0.723198890686035,0.913367986679077,0.08141363814582839,6
belgium,W,Muscicapa striata_Spotted Flycatcher,0.8417438697814942,0.838458657264709,0.703169345855713,0.990233421325684,0.08343067197892075,75
belgium,W,Nucifraga caryocatactes_Eurasian Nutcracker,0.793177227179209,0.802059948444366,0.761848986148834,0.815622746944427,0.02796571812650748,3
belgium,W,Numenius arquata_Eurasian Curlew,0.8396276012063028,0.8203951716423035,0.700486421585083,0.990260899066925,0.11342485710973726,8
belgium,W,Numenius phaeopus_Whimbrel,0.8671817898750305,0.882150769233704,0.72130560874939,0.986132025718689,0.09599073975355654,15
belgium,W,Nycticorax nycticorax_Black-crowned Night-Heron,0.8424006128387697,0.839846014976501,0.700277209281921,0.998313307762146,0.08300428021973873,623
belgium,W,Oriolus oriolus_Eurasian Golden Oriole,0.7890134843496175,0.777971506118774,0.704487323760986,0.987297773361206,0.06588603175951645,26
belgium,W,Otus scops_Eurasian Scops-Owl,0.824662329821751,0.8171387612819675,0.7029128074646,0.997522175312042,0.0768396449399268,58
belgium,W,Panurus biarmicus_Bearded Reedling,0.748101472854614,0.748101472854614,0.748101472854614,0.748101472854614,NA,1
belgium,W,Parus major_Great Tit,0.724446956889104,0.70839062333107,0.50019496679306,0.998724281787872,0.15075178179152568,590
belgium,W,Perdix perdix_Gray Partridge,0.853752791881561,0.853752791881561,0.853752791881561,0.853752791881561,NA,1
belgium,W,Pernis apivorus_European Honey-buzzard,0.965599715709686,0.965599715709686,0.965599715709686,0.965599715709686,NA,1
belgium,W,Phalacrocorax carbo_Great Cormorant,0.7824536412954333,0.766796112060547,0.740912735462189,0.85530960559845,0.050080095330565726,4
belgium,W,Phasianus colchicus_Ring-necked Pheasant,0.7868866131112382,0.7862396240234375,0.51892352104187,0.998805642127991,0.14935664711188013,222
belgium,W,Phoenicurus ochruros_Black Redstart,0.7692375779151921,0.7692375779151921,0.753469526767731,0.785005629062653,0.02229939178493198,2
belgium,W,Phoenicurus phoenicurus_Common Redstart,0.7924975831257669,0.783091127872467,0.700656294822693,0.966345965862274,0.06453250734496935,76
belgium,W,Phylloscopus bonelli_Western Bonelli's Warbler,0.847073793411255,0.847073793411255,0.847073793411255,0.847073793411255,NA,1
belgium,W,Phylloscopus collybita_Common Chiffchaff,0.7096457614385762,0.695477366447449,0.500016272068024,0.999624252319336,0.13627408192557527,31980
belgium,W,Phylloscopus sibilatrix_Wood Warbler,0.7936476369698844,0.7878055572509766,0.700298845767975,0.910760998725891,0.08961003560723493,6
belgium,W,Pica pica_Eurasian Magpie,0.8534524309129116,0.871365070343018,0.640495240688324,0.999403238296509,0.10570189203211999,1861
belgium,W,Picus canus_Gray-headed Woodpecker,0.8027168512344358,0.7797104120254514,0.709976196289062,0.914828240871429,0.09262042981020853,6
belgium,W,Picus viridis_Eurasian Green Woodpecker,0.9104079718444822,0.938194513320923,0.700038194656372,0.9997918009758,0.0793410039763072,3421
belgium,W,Plectrophenax nivalis_Snow Bunting,0.73088663816452,0.73088663816452,0.73088663816452,0.73088663816452,NA,1
belgium,W,Pluvialis apricaria_European Golden-Plover,0.8115552663803101,0.8115552663803101,0.717073202133179,0.906037330627441,0.13361781665929873,2
belgium,W,Pluvialis squatarola_Black-bellied Plover,0.7553047239780425,0.7553047239780425,0.710793137550354,0.799816310405731,0.06294888920877924,2
belgium,W,Podiceps cristatus_Great Crested Grebe,0.807208836078644,0.807208836078644,0.807208836078644,0.807208836078644,NA,1
belgium,W,Porzana porzana_Spotted Crake,0.84799736738205,0.84799736738205,0.84799736738205,0.84799736738205,NA,1
belgium,W,Prunella modularis_Dunnock,0.7412522090719892,0.7335169315338135,0.504225194454193,0.998017072677612,0.14240670452024795,154
belgium,W,Pyrrhocorax pyrrhocorax_Red-billed Chough,0.7910147110621133,0.797729909420013,0.762111186981201,0.813203036785126,0.02619951709165957,3
belgium,W,Pyrrhula pyrrhula_Eurasian Bullfinch,0.7657683491706848,0.742585361003876,0.710678517818451,0.885271489620209,0.05802270741870988,11
belgium,W,Rallus aquaticus_Water Rail,0.8824714533984661,0.92532679438591,0.702930271625519,0.99524998664856,0.1118147331410487,16
belgium,W,Regulus ignicapilla_Common Firecrest,0.7915404709902677,0.781974375247955,0.705871641635895,0.927274286746979,0.07119644178578939,11
belgium,W,Regulus regulus_Goldcrest,0.843896090984344,0.843896090984344,0.843896090984344,0.843896090984344,NA,1
belgium,W,Remiz pendulinus_Eurasian Penduline-Tit,0.8192170858383176,0.825508058071136,0.769245266914368,0.862897932529449,0.04714220712830608,3
belgium,W,Scolopax rusticola_Eurasian Woodcock,0.8184694179466793,0.824972927570343,0.705263137817383,0.940383076667786,0.08156351580247748,14
belgium,W,Sitta europaea_Eurasian Nuthatch,0.6533541958178243,0.6462089121341705,0.500398576259613,0.901752173900604,0.10884131873104963,62
belgium,W,Spinus spinus_Eurasian Siskin,0.920154094696045,0.920154094696045,0.920154094696045,0.920154094696045,NA,1
belgium,W,Streptopelia decaocto_Eurasian Collared-Dove,0.7751176595687868,0.744107782840729,0.701983153820038,0.965300619602203,0.07341110237275515,25
belgium,W,Streptopelia turtur_European Turtle-Dove,0.8036564996368006,0.791115045547485,0.706272304058075,0.932574450969696,0.06721192234300181,19
belgium,W,Strix aluco_Tawny Owl,0.8706656510148235,0.883902788162231,0.700424909591675,0.999779284000397,0.09023540182235655,689
belgium,W,Sylvia atricapilla_Eurasian Blackcap,0.7767916495374624,0.763824224472046,0.608219802379608,0.995323359966278,0.11131016738940802,1205
belgium,W,Sylvia borin_Garden Warbler,0.8255243221918743,0.777035653591156,0.702082991600037,0.979732155799866,0.09501956608916938,15
belgium,W,Tachybaptus ruficollis_Little Grebe,0.8718763706476793,0.8977370262145995,0.704708397388458,0.991894543170929,0.09098134407715662,46
belgium,W,Tadorna tadorna_Common Shelduck,0.812466621398926,0.812466621398926,0.812466621398926,0.812466621398926,NA,1
belgium,W,Thalasseus sandvicensis_Sandwich Tern,0.779180765151978,0.779180765151978,0.779180765151978,0.779180765151978,NA,1
belgium,W,Tringa glareola_Wood Sandpiper,0.8221330940723419,0.8221330940723419,0.768536627292633,0.875729560852051,0.07579685021514355,2
belgium,W,Tringa nebularia_Common Greenshank,0.904099702835083,0.904099702835083,0.904099702835083,0.904099702835083,NA,1
belgium,W,Tringa ochropus_Green Sandpiper,0.8807750202360608,0.909330666065216,0.711526095867157,0.999328374862671,0.10094849896954283,21
belgium,W,Troglodytes troglodytes_Eurasian Wren,0.784797354118901,0.806733131408691,0.500005125999451,0.999096393585205,0.15206637866863426,17697
belgium,W,Turdus iliacus_Redwing,0.8411366038701751,0.827062636613846,0.702813804149628,0.996283352375031,0.09140031899949483,88
belgium,W,Turdus merula_Eurasian Blackbird,0.7374618468077286,0.723378241062164,0.500060021877289,0.999568283557892,0.15674295446945816,5037
belgium,W,Turdus philomelos_Song Thrush,0.9490634562834254,0.9496389329433446,0.901268005371094,0.997136235237122,0.025357876009386878,106
belgium,W,Turdus pilaris_Fieldfare,0.784671813249588,0.784671813249588,0.767566859722137,0.801776766777039,0.024190057262282724,2
belgium,W,Turdus torquatus_Ring Ouzel,0.8439781963825226,0.8439781963825226,0.763629972934723,0.924326419830322,0.113629547312462,2
belgium,W,Turdus viscivorus_Mistle Thrush,0.836411476135254,0.8299017548561095,0.763063430786133,0.933283507823944,0.0590799366151051,8
belgium,W,Tyto alba_Barn Owl,0.8440803527832031,0.842406988143921,0.702830731868744,0.999820411205292,0.08388196907016847,150
belgium,W,Upupa epops_Eurasian Hoopoe,0.931939780712128,0.931939780712128,0.931939780712128,0.931939780712128,NA,1
belgium,W,Vanellus vanellus_Northern Lapwing,0.8372376710176468,0.8220011591911315,0.729920566082001,0.963679313659668,0.08393169897652188,12
belgium,W,Zapornia parva_Little Crake,0.7688651382923125,0.7688651382923125,0.760104537010193,0.777625739574432,0.012389361147716563,2
bulgaria,F,Acanthis flammea_Common Redpoll,0.7587870061397555,0.7587870061397555,0.746849894523621,0.77072411775589,0.01688162514309879,2
bulgaria,F,Accipiter gentilis_Northern Goshawk,0.7721541325251263,0.776350438594818,0.731148958206177,0.808963000774384,0.03907637449501401,3
bulgaria,F,Actitis hypoleucos_Common Sandpiper,0.7569429352879524,0.7475249767303465,0.710069179534912,0.855083763599396,0.04591129788302018,8
bulgaria,F,Aegithalos caudatus_Long-tailed Tit,0.9235011526636858,0.942092478275299,0.792781710624695,0.999851107597351,0.06324944334629687,283
bulgaria,F,Aegolius funereus_Boreal Owl,0.8336426198482513,0.844348758459091,0.731301188468933,0.902137756347656,0.05548522407532905,10
bulgaria,F,Alcedo atthis_Common Kingfisher,0.7192814548810323,0.706942617893219,0.702327847480774,0.748573899269104,0.0254727207059061,3
bulgaria,F,Anas crecca_Green-winged Teal,0.8411895136038463,0.836135745048523,0.715486824512482,0.991692423820496,0.09362182405645929,12
bulgaria,F,Anas platyrhynchos_Mallard,0.7576339642206826,0.758922696113586,0.715069949626923,0.798909246921539,0.04193450327752301,3
bulgaria,F,Anthus pratensis_Meadow Pipit,0.709569185972214,0.709569185972214,0.633920431137085,0.785217940807343,0.10698349506447669,2
bulgaria,F,Anthus trivialis_Tree Pipit,0.8436951010055791,0.840423285961151,0.702064573764801,0.992179870605469,0.08823500706913537,153
bulgaria,F,Apus apus_Common Swift,0.9102310910820962,0.9152304232120514,0.861431539058685,0.959697008132935,0.03307324495636894,8
bulgaria,F,Apus melba_Alpine Swift,0.846956281558327,0.825770437717438,0.703105807304382,0.998899936676025,0.09411529968693032,69
bulgaria,F,Apus pallidus_Pallid Swift,0.8516681551933288,0.845835745334625,0.806939899921417,0.917478442192078,0.04232316535450992,5
bulgaria,F,Ardea cinerea_Gray Heron,0.856611080467701,0.8741976022720339,0.723716735839844,0.964934825897217,0.09485541988814133,8
bulgaria,F,Asio otus_Long-eared Owl,0.8689878463745115,0.886608183383942,0.721264839172363,0.98245495557785,0.11312820940989146,5
bulgaria,F,Athene noctua_Little Owl,0.8207997594560894,0.838508725166321,0.726958870887756,0.892810463905334,0.05367110046437055,7
bulgaria,F,Bombycilla garrulus_Bohemian Waxwing,0.745161533355713,0.745161533355713,0.745161533355713,0.745161533355713,NA,1
bulgaria,F,Botaurus stellaris_Great Bittern,0.7885013421376547,0.782447814941406,0.729425132274628,0.85363107919693,0.062323857441217635,3
bulgaria,F,Bubo bubo_Eurasian Eagle-Owl,0.808170633656638,0.80283910036087,0.741763651371002,0.888183772563934,0.04587655442624542,7
bulgaria,F,Burhinus oedicnemus_Eurasian Thick-knee,0.855381151040395,0.865258097648621,0.794643700122833,0.906241655349731,0.05645078793455847,3
bulgaria,F,Buteo buteo_Common Buzzard,0.8630389944927113,0.871439218521118,0.700936853885651,0.994775414466858,0.07982094099365544,185
bulgaria,F,Calidris alpina_Dunlin,0.7987218598524728,0.794411778450012,0.721056699752808,0.905034482479095,0.062344426981878774,6
bulgaria,F,Carduelis carduelis_European Goldfinch,0.757731258869171,0.757731258869171,0.757731258869171,0.757731258869171,NA,1
bulgaria,F,Cecropis daurica_Red-rumped Swallow,0.700448989868164,0.700448989868164,0.700448989868164,0.700448989868164,NA,1
bulgaria,F,Certhia brachydactyla_Short-toed Treecreeper,0.7590701460838318,0.75247460603714,0.737076818943024,0.7837735414505,0.018173911566061175,5
bulgaria,F,Certhia familiaris_Eurasian Treecreeper,0.7459903268830682,0.7548957765102384,0.500055253505707,0.998712182044983,0.14886678431190667,862
bulgaria,F,Cettia cetti_Cetti's Warbler,0.7721179340566907,0.7538836896419525,0.639231562614441,0.986750781536102,0.10925353691719027,14
bulgaria,F,Charadrius dubius_Little Ringed Plover,0.7770232260227203,0.780257225036621,0.702477395534515,0.86737596988678,0.0545231245617474,6
bulgaria,F,Charadrius hiaticula_Common Ringed Plover,0.7523551881313325,0.7523551881313325,0.742802858352661,0.761907517910004,0.013509034325257602,2
bulgaria,F,Chloris chloris_European Greenfinch,0.716244518756866,0.716244518756866,0.716244518756866,0.716244518756866,NA,1
bulgaria,F,Chroicocephalus ridibundus_Black-headed Gull,0.756947457790375,0.756947457790375,0.756947457790375,0.756947457790375,NA,1
bulgaria,F,Coccothraustes coccothraustes_Hawfinch,0.8337472681101267,0.8327696025371549,0.700193107128143,0.990848541259766,0.0834573613126941,154
bulgaria,F,Columba livia_Rock Pigeon,0.7598524391651149,0.7598524391651149,0.730277836322784,0.789427042007446,0.04182480444142237,2
bulgaria,F,Columba oenas_Stock Dove,0.7815507937360693,0.7743710577487946,0.700443744659424,0.941176235675812,0.06167006252956611,54
bulgaria,F,Columba palumbus_Common Wood-Pigeon,0.8740946907557684,0.8891016840934756,0.701161503791809,0.999232172966003,0.08910313308858232,1964
bulgaria,F,Corvus corax_Common Raven,0.7564798239115123,0.738460719585419,0.507464468479156,0.986582696437836,0.15110445035620287,111
bulgaria,F,Corvus frugilegus_Rook,0.868064999580383,0.868064999580383,0.868064999580383,0.868064999580383,NA,1
bulgaria,F,Coturnix coturnix_Common Quail,0.9449530243873593,0.924453020095825,0.914835691452026,0.995570361614227,0.04409885909538408,3
bulgaria,F,Cuculus canorus_Common Cuckoo,0.7175397078196207,0.6896413266658785,0.50070321559906,0.999402284622192,0.1496492973480678,276
bulgaria,F,Cyanistes caeruleus_Eurasian Blue Tit,0.6926082838206743,0.669799506664276,0.500121772289276,0.994800448417664,0.13519000803104964,1087
bulgaria,F,Cygnus columbianus_Tundra Swan,0.8061407804489135,0.8061407804489135,0.708896696567535,0.903384864330292,0.13752390228559236,2
bulgaria,F,Cygnus cygnus_Whooper Swan,0.8332338929176331,0.8332338929176331,0.82620644569397,0.840261340141296,0.009938311172565441,2
bulgaria,F,Delichon urbicum_Common House-Martin,0.8352795074383418,0.844535171985626,0.643316686153412,0.993303835391998,0.1051901012623696,120
bulgaria,F,Dendrocopos leucotos_White-backed Woodpecker,0.8003574311733246,0.784450262784958,0.705218553543091,0.872864246368408,0.059047059035001265,8
bulgaria,F,Dendrocopos major_Great Spotted Woodpecker,0.7758204214176967,0.790025055408478,0.50005167722702,0.999019145965576,0.1411639884676407,2511
bulgaria,F,Dendrocoptes medius_Middle Spotted Woodpecker,0.8991578254434798,0.9202060699462891,0.727777004241943,0.997007548809052,0.0843879132425727,18
bulgaria,F,Dryobates minor_Lesser Spotted Woodpecker,0.8619726076722146,0.8739657998085025,0.71524840593338,0.982162058353424,0.0982890141015898,8
bulgaria,F,Dryocopus martius_Black Woodpecker,0.9151924719587404,0.953511834144592,0.704794526100159,0.998945415019989,0.08516967212486562,171
bulgaria,F,Emberiza calandra_Corn Bunting,0.93999981880188,0.93999981880188,0.93999981880188,0.93999981880188,NA,1
bulgaria,F,Emberiza cia_Rock Bunting,0.711925089359283,0.711925089359283,0.711925089359283,0.711925089359283,NA,1
bulgaria,F,Emberiza hortulana_Ortolan Bunting,0.8269880016644794,0.833411872386932,0.804154872894287,0.843397259712219,0.02039462716222436,3
bulgaria,F,Erithacus rubecula_European Robin,0.8218766945004156,0.8244588971138,0.633067607879639,0.999553143978119,0.1083154395982437,5807
bulgaria,F,Falco peregrinus_Peregrine Falcon,0.718530297279358,0.718530297279358,0.718530297279358,0.718530297279358,NA,1
bulgaria,F,Ficedula albicollis_Collared Flycatcher,0.920786463030624,0.955653309822083,0.700184881687164,0.999711453914642,0.08230190192423385,2699
bulgaria,F,Ficedula hypoleuca_European Pied Flycatcher,0.8093916289508343,0.798771232366562,0.7009556889534,0.954815268516541,0.08440878266398452,16
bulgaria,F,Ficedula parva_Red-breasted Flycatcher,0.8019341886753127,0.7827734351158144,0.700134694576263,0.977123141288757,0.07203520103723252,168
bulgaria,F,Ficedula semitorquata_Semicollared Flycatcher,0.8239488175937109,0.851033210754395,0.710744917392731,0.938859343528748,0.08300920705707664,7
bulgaria,F,Fringilla coelebs_Common Chaffinch,0.7035426813200479,0.682589262723923,0.500347435474396,0.997943580150604,0.14012018948900365,1312
bulgaria,F,Fringilla montifringilla_Brambling,0.8519666790962215,0.8519666790962215,0.771862149238586,0.932071208953857,0.11328491253218866,2
bulgaria,F,Fulica atra_Eurasian Coot,0.8077717324097952,0.7798489928245544,0.732244789600372,0.900906085968018,0.07247150214090811,6
bulgaria,F,Gallinago gallinago_Common Snipe,0.645419478416443,0.645419478416443,0.645419478416443,0.645419478416443,NA,1
bulgaria,F,Gallinula chloropus_Eurasian Moorhen,0.7868092276833275,0.76723039150238,0.707680344581604,0.900634586811066,0.06284428548370861,11
bulgaria,F,Garrulus glandarius_Eurasian Jay,0.8074271067077176,0.832432746887207,0.53139191865921,0.999189078807831,0.13923008085362415,679
bulgaria,F,Gavia stellata_Red-throated Loon,0.778644382953644,0.778644382953644,0.778644382953644,0.778644382953644,NA,1
bulgaria,F,Glaucidium passerinum_Eurasian Pygmy-Owl,0.720468163490295,0.720468163490295,0.720468163490295,0.720468163490295,NA,1
bulgaria,F,Grus grus_Common Crane,0.8128804117441177,0.792625606060028,0.702491104602814,0.978381633758545,0.10232807069911705,8
bulgaria,F,Haematopus ostralegus_Eurasian Oystercatcher,0.8005731304486591,0.785562753677368,0.719032764434814,0.897123873233795,0.08998941224624545,3
bulgaria,F,Himantopus himantopus_Black-winged Stilt,0.786196827888489,0.786196827888489,0.714145362377167,0.858248293399811,0.10189615971496892,2
bulgaria,F,Hippolais icterina_Icterine Warbler,0.787381172180176,0.787381172180176,0.787381172180176,0.787381172180176,NA,1
bulgaria,F,Hirundo rustica_Barn Swallow,0.866708695888519,0.866708695888519,0.866708695888519,0.866708695888519,NA,1
bulgaria,F,Ixobrychus minutus_Little Bittern,0.8934232195218403,0.916090726852417,0.792817890644073,0.971361041069031,0.09140446409970138,3
bulgaria,F,Larus michahellis_Yellow-legged Gull,0.70037716627121,0.70037716627121,0.70037716627121,0.70037716627121,NA,1
bulgaria,F,Lophophanes cristatus_Crested Tit,0.799851059913635,0.82145881652832,0.704573929309845,0.851912677288055,0.06591189899206701,4
bulgaria,F,Loxia curvirostra_Red Crossbill,0.8430673480033875,0.8365150988101959,0.784404397010803,0.914834797382355,0.05820834732599806,4
bulgaria,F,Luscinia luscinia_Thrush Nightingale,0.8622659683227538,0.872647523880005,0.738121390342712,0.975463092327118,0.0974458649843611,5
bulgaria,F,Luscinia megarhynchos_Common Nightingale,0.900409638881683,0.900409638881683,0.900409638881683,0.900409638881683,NA,1
bulgaria,F,Mareca strepera_Gadwall,0.8048716187477114,0.8048716187477114,0.774553775787354,0.835189461708069,0.04287590469643524,2
bulgaria,F,Melanitta nigra_Common Scoter,0.75814563035965,0.75814563035965,0.75814563035965,0.75814563035965,NA,1
bulgaria,F,Merops apiaster_European Bee-eater,0.7895138480654165,0.821244478225708,0.500624120235443,0.998506128787994,0.15300811491888106,261
bulgaria,F,Milvus migrans_Black Kite,0.776826739311218,0.776826739311218,0.713802099227905,0.839851379394531,0.08913030076950422,2
bulgaria,F,Motacilla alba_White Wagtail,0.7653374075889586,0.78753799200058,0.714703857898712,0.793770372867584,0.04396052670855815,3
bulgaria,F,Motacilla cinerea_Gray Wagtail,0.8229409744662624,0.811926543712616,0.700278878211975,0.987328112125397,0.0746698848459023,31
bulgaria,F,Muscicapa striata_Spotted Flycatcher,0.8615379330423689,0.852038562297821,0.704757034778595,0.995294272899628,0.08626012115924467,194
bulgaria,F,Nucifraga caryocatactes_Eurasian Nutcracker,0.8721475278337797,0.867099404335022,0.702786505222321,0.999869227409363,0.07940951953339982,24
bulgaria,F,Numenius arquata_Eurasian Curlew,0.801437270641327,0.779274821281433,0.721062958240509,0.923197090625763,0.08737991380595199,5
bulgaria,F,Numenius phaeopus_Whimbrel,0.7682577669620515,0.7682577669620515,0.732038259506226,0.804477274417877,0.051222118666501816,2
bulgaria,F,Nycticorax nycticorax_Black-crowned Night-Heron,0.8839534810095122,0.915478646755219,0.709417045116425,0.99775367975235,0.09109844002151499,33
bulgaria,F,Oriolus oriolus_Eurasian Golden Oriole,0.7591025895542567,0.742478132247925,0.711921632289886,0.879138886928558,0.051934428136563154,9
bulgaria,F,Otus scops_Eurasian Scops-Owl,0.8195002810521559,0.805629551410675,0.70239645242691,0.972236156463623,0.07305274187706935,22
bulgaria,F,Pandion haliaetus_Osprey,0.8218329618958866,0.820318341255188,0.701111197471619,0.938013315200806,0.07198215461750297,17
bulgaria,F,Parus major_Great Tit,0.7047778941550344,0.685582876205444,0.500067114830017,0.995991051197052,0.14135574188901115,1113
bulgaria,F,Passer domesticus_House Sparrow,0.761304318904877,0.761304318904877,0.761304318904877,0.761304318904877,NA,1
bulgaria,F,Passer montanus_Eurasian Tree Sparrow,0.801080614328384,0.801080614328384,0.800137639045715,0.802023589611053,0.0013335684337331196,2
bulgaria,F,Periparus ater_Coal Tit,0.8451408792186428,0.849896967411041,0.700458467006683,0.991503238677979,0.08380574833737546,518
bulgaria,F,Pernis apivorus_European Honey-buzzard,0.9550394862890242,0.956578284502029,0.916165947914124,0.990835428237915,0.033660107181009286,4
bulgaria,F,Phoenicurus ochruros_Black Redstart,0.8005414724349976,0.832361400127411,0.701259255409241,0.859864175319672,0.06407230975450284,5
bulgaria,F,Phoenicurus phoenicurus_Common Redstart,0.7852729678153991,0.775454878807068,0.714209914207458,0.913272976875305,0.050646112453200276,30
bulgaria,F,Phylloscopus collybita_Common Chiffchaff,0.7763907985561685,0.790850341320038,0.500071823596954,0.999772012233734,0.14947092857004027,21645
bulgaria,F,Phylloscopus sibilatrix_Wood Warbler,0.840163501649121,0.839147627353668,0.701355218887329,0.99801242351532,0.08708389526630844,153
bulgaria,F,Phylloscopus trochilus_Willow Warbler,0.79352859656016,0.771515667438507,0.727425098419189,0.881645023822784,0.0794315625822556,3
bulgaria,F,Pica pica_Eurasian Magpie,0.809604048728943,0.809604048728943,0.809604048728943,0.809604048728943,NA,1
bulgaria,F,Picoides tridactylus_Eurasian Three-toed Woodpecker,0.723078310489655,0.723078310489655,0.723078310489655,0.723078310489655,NA,1
bulgaria,F,Picus canus_Gray-headed Woodpecker,0.8020997285842896,0.798512578010559,0.755729377269745,0.846316516399384,0.032794953712825724,5
bulgaria,F,Picus viridis_Eurasian Green Woodpecker,0.8275950785194125,0.808653473854065,0.700688242912292,0.995488464832306,0.09426307139513239,28
bulgaria,F,Pluvialis apricaria_European Golden-Plover,0.800880813598633,0.7777717709541321,0.72860199213028,0.933014750480652,0.07211884258958204,10
bulgaria,F,Poecile montanus_Willow Tit,0.8542924642562867,0.8610491454601286,0.7005934715271,0.997121393680573,0.08372445072058364,510
bulgaria,F,Poecile palustris_Marsh Tit,0.9230526439074812,0.927274703979492,0.846401154994965,0.998955249786377,0.043805485393302264,319
bulgaria,F,Porzana porzana_Spotted Crake,0.806155681610107,0.806155681610107,0.806155681610107,0.806155681610107,NA,1
bulgaria,F,Prunella modularis_Dunnock,0.6503451466560364,0.645439386367798,0.584123969078064,0.729783236980438,0.055406412963277175,5
bulgaria,F,Pyrrhula pyrrhula_Eurasian Bullfinch,0.7969528794288635,0.776728630065918,0.702502906322479,0.94164514541626,0.08107355990181969,25
bulgaria,F,Rallus aquaticus_Water Rail,0.797382989898324,0.769749939441681,0.706609904766083,0.971341609954834,0.07548327033250585,32
bulgaria,F,Regulus ignicapilla_Common Firecrest,0.860247918066269,0.866065114736557,0.700462698936462,0.999733150005341,0.08547525377769563,578
bulgaria,F,Regulus regulus_Goldcrest,0.7751289401735578,0.780754685401917,0.660797834396362,0.929210662841797,0.07627903447633658,35
bulgaria,F,Scolopax rusticola_Eurasian Woodcock,0.8074464749645542,0.7880707383155825,0.700653791427612,0.997070550918579,0.07400749417732408,74
bulgaria,F,Serinus serinus_European Serin,0.814562797546387,0.814562797546387,0.814562797546387,0.814562797546387,NA,1
bulgaria,F,Sitta europaea_Eurasian Nuthatch,0.8039666173862733,0.834018230438232,0.500523209571838,0.999924182891846,0.1451931835841174,3553
bulgaria,F,Spinus spinus_Eurasian Siskin,0.9243335581961133,0.928362369537354,0.872704744338989,0.976976811885834,0.03228590452873758,21
bulgaria,F,Stercorarius parasiticus_Parasitic Jaeger,0.818055033683777,0.818055033683777,0.818055033683777,0.818055033683777,NA,1
bulgaria,F,Streptopelia decaocto_Eurasian Collared-Dove,0.813763380050659,0.813763380050659,0.813763380050659,0.813763380050659,NA,1
bulgaria,F,Streptopelia turtur_European Turtle-Dove,0.74250328540802,0.74250328540802,0.74250328540802,0.74250328540802,NA,1
bulgaria,F,Strix aluco_Tawny Owl,0.8839519387565655,0.9016714692115779,0.700042068958282,0.999971032142639,0.08620253634302498,6392
bulgaria,F,Strix uralensis_Ural Owl,0.7865244671702384,0.7771677076816554,0.708127737045288,0.915181636810303,0.07573896197729009,8
bulgaria,F,Sylvia atricapilla_Eurasian Blackcap,0.8474526896659706,0.873108923435211,0.608000934123993,0.999297976493835,0.11688870413182242,5447
bulgaria,F,Tadorna ferruginea_Ruddy Shelduck,0.8613813122113543,0.835078656673431,0.80277818441391,0.946287095546722,0.07528329270091284,3
bulgaria,F,Tetrastes bonasia_Hazel Grouse,0.7809522747993469,0.7475686371326444,0.734824895858765,0.893846929073334,0.07558254487584563,4
bulgaria,F,Thalasseus sandvicensis_Sandwich Tern,0.784590244293213,0.784590244293213,0.705058813095093,0.864121675491333,0.112474428635324,2
bulgaria,F,Tringa erythropus_Spotted Redshank,0.9257386922836306,0.9257386922836306,0.877476811408997,0.974000573158264,0.0682526064785414,2
bulgaria,F,Tringa nebularia_Common Greenshank,0.9374234080314636,0.922517657279968,0.907455742359161,0.983566582202911,0.0332433890569577,7
bulgaria,F,Tringa ochropus_Green Sandpiper,0.9081263840198515,0.9081263840198515,0.870548129081726,0.945704638957977,0.053143677783810815,2
bulgaria,F,Troglodytes troglodytes_Eurasian Wren,0.7575005517247018,0.767209470272064,0.500161290168762,0.99795925617218,0.15184771943887457,534
bulgaria,F,Turdus iliacus_Redwing,0.8247867309384875,0.8176731765270231,0.700737357139587,0.977727055549622,0.08022013762239504,108
bulgaria,F,Turdus merula_Eurasian Blackbird,0.7310674351647617,0.7134539783000945,0.500001907348633,0.999121367931366,0.1559134231379783,2460
bulgaria,F,Turdus philomelos_Song Thrush,0.9380105819020953,0.9329209327697755,0.900236487388611,0.990736544132233,0.025104504546120208,126
bulgaria,F,Turdus viscivorus_Mistle Thrush,0.8834227493138818,0.887662887573242,0.747034788131714,0.993934690952301,0.07398405540298168,123
bulgaria,F,Tyto alba_Barn Owl,0.8475191337721687,0.823391735553741,0.744104862213135,0.975863099098206,0.09092980334121437,7
bulgaria,F,Upupa epops_Eurasian Hoopoe,0.85682737827301,0.85682737827301,0.85682737827301,0.85682737827301,NA,1
bulgaria,F,Vanellus vanellus_Northern Lapwing,0.7904880572767818,0.7648489177227025,0.704787373542786,0.971962869167328,0.07303089989596886,34
bulgaria,G,Acanthis flammea_Common Redpoll,0.7911502810624929,0.7709197700023656,0.704238593578339,0.961860656738281,0.07518677309382835,26
bulgaria,G,Accipiter gentilis_Northern Goshawk,0.88728940486908,0.88728940486908,0.88728940486908,0.88728940486908,NA,1
bulgaria,G,Accipiter nisus_Eurasian Sparrowhawk,0.7670744322240352,0.745176702737808,0.706600189208984,0.887220740318298,0.06184864306898044,16
bulgaria,G,Actitis hypoleucos_Common Sandpiper,0.8166004419326784,0.8166004419326784,0.772018134593964,0.861182749271393,0.06304890368029567,2
bulgaria,G,Alcedo atthis_Common Kingfisher,0.987910270690918,0.987910270690918,0.987910270690918,0.987910270690918,NA,1
bulgaria,G,Anas crecca_Green-winged Teal,0.8334792256355286,0.8334792256355286,0.700106918811798,0.966851532459259,0.1886169251551054,2
bulgaria,G,Anas platyrhynchos_Mallard,0.739440500736237,0.739440500736237,0.739440500736237,0.739440500736237,NA,1
bulgaria,G,Apus apus_Common Swift,0.9368567400508456,0.958182036876678,0.860945761203766,0.991135358810425,0.0479540609495472,9
bulgaria,G,Apus melba_Alpine Swift,0.9071955694708712,0.931639432907104,0.704217195510864,0.999447166919708,0.08089612963656613,43
bulgaria,G,Apus pallidus_Pallid Swift,0.732628762722015,0.732628762722015,0.732628762722015,0.732628762722015,NA,1
bulgaria,G,Ardea alba_Great Egret,0.7912968794504803,0.812816858291626,0.735881865024567,0.825191915035248,0.04838804992165012,3
bulgaria,G,Ardea cinerea_Gray Heron,0.817498564720154,0.817498564720154,0.817498564720154,0.817498564720154,NA,1
bulgaria,G,Ardeola ralloides_Squacco Heron,0.7914060354232787,0.742081344127655,0.732891261577606,0.899245500564575,0.09350469018070605,3
bulgaria,G,Asio otus_Long-eared Owl,0.8914750463438047,0.91367644071579,0.700093448162079,0.999994039535522,0.08478356495056974,3741
bulgaria,G,Athene noctua_Little Owl,0.8252807049190297,0.812836706638336,0.704682230949402,0.99486768245697,0.09193444282632023,17
bulgaria,G,Botaurus stellaris_Great Bittern,0.8355638980865479,0.838102579116821,0.746794521808624,0.949901878833771,0.08769706333673044,5
bulgaria,G,Burhinus oedicnemus_Eurasian Thick-knee,0.8319544315338134,0.831219494342804,0.751281917095184,0.926125109195709,0.06369712036669695,5
bulgaria,G,Buteo buteo_Common Buzzard,0.762746274471283,0.762746274471283,0.762746274471283,0.762746274471283,NA,1
bulgaria,G,Carduelis carduelis_European Goldfinch,0.8607462011277676,0.862482875585556,0.731342613697052,0.981746792793274,0.07562196208161744,32
bulgaria,G,Charadrius dubius_Little Ringed Plover,0.766248166561127,0.766248166561127,0.766248166561127,0.766248166561127,NA,1
bulgaria,G,Chloris chloris_European Greenfinch,0.8852753136117579,0.903553128242493,0.700369477272034,0.999383211135864,0.08658182522395234,885
bulgaria,G,Coccothraustes coccothraustes_Hawfinch,0.8624131456017494,0.877085655927658,0.714590132236481,0.992582321166992,0.10249616320785555,8
bulgaria,G,Columba livia_Rock Pigeon,0.761900186538696,0.761900186538696,0.761900186538696,0.761900186538696,NA,1
bulgaria,G,Columba oenas_Stock Dove,0.789199769496918,0.789199769496918,0.789199769496918,0.789199769496918,NA,1
bulgaria,G,Columba palumbus_Common Wood-Pigeon,0.8861941055937463,0.9038290083408356,0.701076805591583,0.99970406293869,0.086299523263058,3902
bulgaria,G,Corvus corax_Common Raven,0.6482082753006472,0.613891959190369,0.504708766937256,0.958849728107452,0.1187249358727663,109
bulgaria,G,Corvus cornix_Hooded Crow,0.818264365196228,0.818264365196228,0.818264365196228,0.818264365196228,NA,1
bulgaria,G,Corvus frugilegus_Rook,0.706823587417603,0.706823587417603,0.706823587417603,0.706823587417603,NA,1
bulgaria,G,Corvus monedula_Eurasian Jackdaw,0.6052090525627136,0.584507316350937,0.516059279441833,0.760597050189972,0.07906249245258323,14
bulgaria,G,Coturnix coturnix_Common Quail,0.914919691710245,0.9450466930866239,0.702339828014374,0.999764382839203,0.08217094183617546,210
bulgaria,G,Cuculus canorus_Common Cuckoo,0.6794453809658687,0.685360074043274,0.50038343667984,0.883388876914978,0.1411343282824482,12
bulgaria,G,Curruca communis_Greater Whitethroat,0.8361121690273285,0.8329553902149205,0.72888594865799,0.951754689216614,0.06295451496107433,50
bulgaria,G,Cyanistes caeruleus_Eurasian Blue Tit,0.7623467400670051,0.7596864700317385,0.506881475448608,0.991116285324097,0.14755731977974176,40
bulgaria,G,Cygnus cygnus_Whooper Swan,0.862907628218333,0.916999638080597,0.709830701351166,0.961892545223236,0.13445539197909245,3
bulgaria,G,Delichon urbicum_Common House-Martin,0.7744385007549734,0.7627972364425659,0.647440016269684,0.980827212333679,0.08815127944453378,170
bulgaria,G,Dendrocopos major_Great Spotted Woodpecker,0.7563220610221228,0.7469780743122105,0.520114362239838,0.990013360977173,0.1272700356010754,24
bulgaria,G,Dendrocopos syriacus_Syrian Woodpecker,0.8435792438685894,0.8563385903835294,0.720836758613586,0.967571496963501,0.07553097786268502,16
bulgaria,G,Dendrocoptes medius_Middle Spotted Woodpecker,0.705393731594086,0.705393731594086,0.705393731594086,0.705393731594086,NA,1
bulgaria,G,Dryocopus martius_Black Woodpecker,0.8722023963928225,0.8722023963928225,0.778340339660645,0.966064453125,0.1327409936228783,2
bulgaria,G,Emberiza hortulana_Ortolan Bunting,0.70397937297821,0.70397937297821,0.70397937297821,0.70397937297821,NA,1
bulgaria,G,Erithacus rubecula_European Robin,0.743350267410278,0.743350267410278,0.743350267410278,0.743350267410278,NA,1
bulgaria,G,Falco naumanni_Lesser Kestrel,0.775069057941437,0.775069057941437,0.775069057941437,0.775069057941437,NA,1
bulgaria,G,Falco tinnunculus_Eurasian Kestrel,0.8646287303609946,0.869892537593842,0.700215458869934,0.99829226732254,0.08907082088352661,97
bulgaria,G,Ficedula parva_Red-breasted Flycatcher,0.752938091754913,0.752938091754913,0.752938091754913,0.752938091754913,NA,1
bulgaria,G,Fringilla coelebs_Common Chaffinch,0.6664857804775238,0.6377207338809965,0.516237020492554,0.854249835014343,0.09751359192335889,10
bulgaria,G,Gallinula chloropus_Eurasian Moorhen,0.8581533602305821,0.864569842815399,0.702616751194,0.995818793773651,0.0806572738643109,70
bulgaria,G,Garrulus glandarius_Eurasian Jay,0.7541412782669067,0.733594000339508,0.530529499053955,0.988417088985443,0.12557827386543863,125
bulgaria,G,Hirundo rustica_Barn Swallow,0.8753735802390358,0.887949466705322,0.733174443244934,0.943895697593689,0.07098136296597927,11
bulgaria,G,Ixobrychus minutus_Little Bittern,0.82992080279759,0.772625267505646,0.713599145412445,0.995846927165985,0.11330423332656872,7
bulgaria,G,Larus michahellis_Yellow-legged Gull,0.8076815520014081,0.812870979309082,0.702840209007263,0.914716124534607,0.07982476977980148,7
bulgaria,G,Locustella fluviatilis_River Warbler,0.853661775588989,0.853661775588989,0.853661775588989,0.853661775588989,NA,1
bulgaria,G,Locustella luscinioides_Savi's Warbler,0.8285545185208318,0.8088176250457759,0.708602428436279,0.980735123157501,0.11486787535903371,8
bulgaria,G,Locustella naevia_Common Grasshopper-Warbler,0.8182534400759073,0.8148395717144015,0.704429924488068,0.994808375835419,0.08692334069747717,58
bulgaria,G,Luscinia luscinia_Thrush Nightingale,0.8066420856168715,0.793538689613342,0.700235724449158,0.994650185108185,0.0742484835859055,295
bulgaria,G,Luscinia megarhynchos_Common Nightingale,0.8592703646224511,0.864515274763107,0.700230777263641,0.999361217021942,0.0885006714899252,2482
bulgaria,G,Melanitta nigra_Common Scoter,0.832574844360352,0.832574844360352,0.832574844360352,0.832574844360352,NA,1
bulgaria,G,Merops apiaster_European Bee-eater,0.7569987760649787,0.775416910648346,0.500717103481293,0.995242118835449,0.16126856408468,90
bulgaria,G,Motacilla alba_White Wagtail,0.8640851477781933,0.8797383606433871,0.711015045642853,0.992592751979828,0.10844506317184986,6
bulgaria,G,Motacilla cinerea_Gray Wagtail,0.859526932239532,0.859526932239532,0.859526932239532,0.859526932239532,NA,1
bulgaria,G,Motacilla flava_Western Yellow Wagtail,0.853298962116241,0.853298962116241,0.821765542030334,0.884832382202148,0.04459499035349782,2
bulgaria,G,Muscicapa striata_Spotted Flycatcher,0.7735421742711749,0.776348471641541,0.713022947311401,0.845653533935547,0.046122940212701614,7
bulgaria,G,Nucifraga caryocatactes_Eurasian Nutcracker,0.754487633705139,0.754487633705139,0.754487633705139,0.754487633705139,NA,1
bulgaria,G,Numenius phaeopus_Whimbrel,0.8039589126904804,0.7892340421676636,0.73021399974823,0.909312009811401,0.0769688873454653,6
bulgaria,G,Nycticorax nycticorax_Black-crowned Night-Heron,0.8512113581855474,0.851047992706299,0.70005875825882,0.998729288578033,0.08889294594777497,1093
bulgaria,G,Oriolus oriolus_Eurasian Golden Oriole,0.8206763650689806,0.820839136838913,0.701639354228973,0.965400815010071,0.07284333238456432,70
bulgaria,G,Otus scops_Eurasian Scops-Owl,0.9184895717218274,0.957107722759247,0.700895309448242,0.999895930290222,0.08672853949927052,976
bulgaria,G,Panurus biarmicus_Bearded Reedling,0.8399394750595093,0.82615077495575,0.789241075515747,0.904426574707031,0.05881769286447647,3
bulgaria,G,Parus major_Great Tit,0.6555730819702148,0.597566425800323,0.507441282272339,0.869719743728638,0.11796282213194138,15
bulgaria,G,Passer domesticus_House Sparrow,0.784826737642288,0.791696161031723,0.717791020870209,0.838794708251953,0.03692827494964661,10
bulgaria,G,Passer hispaniolensis_Spanish Sparrow,0.775163233280182,0.775163233280182,0.775163233280182,0.775163233280182,NA,1
bulgaria,G,Passer montanus_Eurasian Tree Sparrow,0.8090254766506385,0.800749242305756,0.700159847736359,0.97227942943573,0.07333088988875489,181
bulgaria,G,Pastor roseus_Rosy Starling,0.748167216777802,0.748167216777802,0.748167216777802,0.748167216777802,NA,1
bulgaria,G,Phalacrocorax carbo_Great Cormorant,0.752136588096619,0.752136588096619,0.752136588096619,0.752136588096619,NA,1
bulgaria,G,Phoenicurus ochruros_Black Redstart,0.7840755134820938,0.7923604249954225,0.719104528427124,0.832476675510406,0.05365043789573461,4
bulgaria,G,Phoenicurus phoenicurus_Common Redstart,0.749047428369522,0.7443390786647794,0.712424039840698,0.805458843708038,0.035085433957969744,8
bulgaria,G,Phylloscopus collybita_Common Chiffchaff,0.6140003502368925,0.6140003502368925,0.596249401569366,0.631751298904419,0.02510363235060455,2
bulgaria,G,Phylloscopus sibilatrix_Wood Warbler,0.718545794487,0.718545794487,0.718545794487,0.718545794487,NA,1
bulgaria,G,Pica pica_Eurasian Magpie,0.8585796540901023,0.878163456916809,0.640029788017273,0.999800026416779,0.10517350968604919,5357
bulgaria,G,Picus canus_Gray-headed Woodpecker,0.735807836055756,0.735807836055756,0.735807836055756,0.735807836055756,NA,1
bulgaria,G,Picus viridis_Eurasian Green Woodpecker,0.8856657085480628,0.906922996044159,0.701763153076172,0.994695365428925,0.08888372628821897,77
bulgaria,G,Poecile palustris_Marsh Tit,0.9106641113758085,0.914810299873352,0.864889323711395,0.948146522045135,0.04064198435631633,4
bulgaria,G,Prunella modularis_Dunnock,0.6877966821193695,0.6877966821193695,0.657118678092957,0.718474686145782,0.04338524936068901,2
bulgaria,G,Remiz pendulinus_Eurasian Penduline-Tit,0.8749024271965024,0.9173827469348905,0.707300782203674,0.982267320156097,0.11864471471139075,6
bulgaria,G,Riparia riparia_Bank Swallow,0.8125487168629963,0.779774188995361,0.773685157299042,0.884186804294586,0.06211506061247753,3
bulgaria,G,Saxicola rubicola_European Stonechat,0.9110337604175913,0.933600306510925,0.710699617862701,0.995111644268036,0.08206450127337407,11
bulgaria,G,Scolopax rusticola_Eurasian Woodcock,0.701486825942993,0.701486825942993,0.701486825942993,0.701486825942993,NA,1
bulgaria,G,Streptopelia decaocto_Eurasian Collared-Dove,0.894339922215023,0.917720437049866,0.700924098491669,0.999240159988403,0.08533590954788516,763
bulgaria,G,Strix aluco_Tawny Owl,0.8335555659400093,0.822003245353699,0.727654874324799,0.976833462715149,0.0809679492187914,27
bulgaria,G,Sturnus vulgaris_European Starling,0.8618587179061694,0.8662568926811215,0.70157253742218,0.996739327907562,0.0901577852602831,78
bulgaria,G,Sylvia atricapilla_Eurasian Blackcap,0.8053133354799168,0.8031603097915649,0.609329283237457,0.995130062103271,0.11548250202066732,148
bulgaria,G,Sylvia borin_Garden Warbler,0.732841491699219,0.732841491699219,0.732841491699219,0.732841491699219,NA,1
bulgaria,G,Tachybaptus ruficollis_Little Grebe,0.7710755467414855,0.7740578949451444,0.73446524143219,0.801721155643463,0.03036544854899018,4
bulgaria,G,Thalasseus sandvicensis_Sandwich Tern,0.748797476291656,0.748797476291656,0.748797476291656,0.748797476291656,NA,1
bulgaria,G,Tringa ochropus_Green Sandpiper,0.9536354303359986,0.967552661895752,0.92502373456955,0.974507689476013,0.02497946183152832,5
bulgaria,G,Troglodytes troglodytes_Eurasian Wren,0.7002199590206144,0.7002199590206144,0.679619193077087,0.720820724964142,0.02913388259261036,2
bulgaria,G,Turdus iliacus_Redwing,0.8411786556243894,0.8411786556243894,0.726847946643829,0.95550936460495,0.16168803923604003,2
bulgaria,G,Turdus merula_Eurasian Blackbird,0.6853152702494366,0.694874703884125,0.504266619682312,0.963678479194641,0.12444208736644251,41
bulgaria,G,Upupa epops_Eurasian Hoopoe,0.7428065538406374,0.7428065538406374,0.732090294361115,0.75352281332016,0.015155079493850018,2
bulgaria,G,Vanellus vanellus_Northern Lapwing,0.9146183282136919,0.902194917201996,0.869203627109528,0.984879851341248,0.04937693287292646,4
bulgaria,G,Zapornia parva_Little Crake,0.893850982189178,0.893850982189178,0.893850982189178,0.893850982189178,NA,1
bulgaria,W,Acanthis flammea_Common Redpoll,0.8054398436295358,0.800978064537048,0.701555967330933,0.993904292583466,0.06646043149017541,95
bulgaria,W,Acrocephalus arundinaceus_Great Reed Warbler,0.8313145188542156,0.816094875335693,0.70274806022644,0.999253332614899,0.09285043372519657,77
bulgaria,W,Acrocephalus palustris_Marsh Warbler,0.8338425291909112,0.859164297580719,0.712557673454285,0.950373947620392,0.07752137786852531,9
bulgaria,W,Acrocephalus scirpaceus_Eurasian Reed Warbler,0.8269439088670831,0.853742718696594,0.703413665294647,0.953121483325958,0.08231231218372319,19
bulgaria,W,Actitis hypoleucos_Common Sandpiper,0.8884980082511903,0.917174994945526,0.755289137363434,0.993029892444611,0.12143699531461731,3
bulgaria,W,Aegithalos caudatus_Long-tailed Tit,0.9405339668537008,0.9720698595047,0.79000723361969,0.99953031539917,0.06537871825749109,87
bulgaria,W,Aegolius funereus_Boreal Owl,0.743289768695831,0.743289768695831,0.743289768695831,0.743289768695831,NA,1
bulgaria,W,Alauda arvensis_Eurasian Skylark,0.6878642737865448,0.6935520172119141,0.586961627006531,0.77739143371582,0.08667330998218468,4
bulgaria,W,Alcedo atthis_Common Kingfisher,0.844373881816864,0.844373881816864,0.780767142772675,0.907980620861053,0.08995351301461837,2
bulgaria,W,Anas acuta_Northern Pintail,0.8581836819648745,0.8581836819648745,0.82769787311554,0.888669490814209,0.043113444334642564,2
bulgaria,W,Anas crecca_Green-winged Teal,0.8404287520576926,0.847146391868591,0.703760206699371,0.978567659854889,0.08274975080177858,17
bulgaria,W,Anas platyrhynchos_Mallard,0.7855448401891268,0.763734191656113,0.700498878955841,0.927658379077911,0.06915006162045031,26
bulgaria,W,Anthus campestris_Tawny Pipit,0.7620653212070465,0.7620653212070465,0.722021698951721,0.802108943462372,0.05663023368002648,2
bulgaria,W,Anthus pratensis_Meadow Pipit,0.924406707286835,0.924406707286835,0.924406707286835,0.924406707286835,NA,1
bulgaria,W,Anthus trivialis_Tree Pipit,0.8518686928810217,0.8493715822696686,0.703737020492554,0.995479583740234,0.08850862325669599,78
bulgaria,W,Apus apus_Common Swift,0.9262067079544065,0.9262067079544065,0.900581359863281,0.951832056045532,0.03623971481100117,2
bulgaria,W,Apus melba_Alpine Swift,0.8091709060328347,0.7927446663379665,0.727769911289215,0.940791964530945,0.0665268552697661,14
bulgaria,W,Apus pallidus_Pallid Swift,0.8994481563568116,0.87591826915741,0.858967661857605,0.96345853805542,0.05607876153999126,3
bulgaria,W,Ardea cinerea_Gray Heron,0.8454787052339977,0.841487854719162,0.700010597705841,0.996239900588989,0.09049504092050854,180
bulgaria,W,Asio flammeus_Short-eared Owl,0.8137137293815615,0.8137137293815615,0.77851539850235,0.848912060260773,0.04977795690227666,2
bulgaria,W,Asio otus_Long-eared Owl,0.954214870929718,0.954214870929718,0.954214870929718,0.954214870929718,NA,1
bulgaria,W,Athene noctua_Little Owl,0.7750765681266784,0.7442547082901,0.712400138378143,0.868574857711792,0.08252348770244305,3
bulgaria,W,Botaurus stellaris_Great Bittern,0.8021619667609533,0.7641261518001555,0.706497251987457,0.955302119255066,0.09287626445352754,12
bulgaria,W,Bubo bubo_Eurasian Eagle-Owl,0.854000930984815,0.849716931581497,0.704106032848358,0.970379531383514,0.08492095517408246,36
bulgaria,W,Bucephala clangula_Common Goldeneye,0.812223315238953,0.812223315238953,0.812223315238953,0.812223315238953,NA,1
bulgaria,W,Burhinus oedicnemus_Eurasian Thick-knee,0.829626083374023,0.829626083374023,0.829626083374023,0.829626083374023,NA,1
bulgaria,W,Buteo buteo_Common Buzzard,0.8643127372290226,0.8726241290569305,0.701519072055817,0.996194005012512,0.08417427737259799,188
bulgaria,W,Calidris alpina_Dunlin,0.807073175907135,0.780530631542206,0.700052201747894,0.967809736728668,0.07549068506943703,40
bulgaria,W,Calonectris diomedea_Cory's Shearwater,0.8143878579139705,0.8143878579139705,0.77184647321701,0.856929242610931,0.060162603200572706,2
bulgaria,W,Caprimulgus europaeus_Eurasian Nightjar,0.9121390696982263,0.941068232059479,0.700574636459351,0.999994277954102,0.0829782136029402,2485
bulgaria,W,Carduelis carduelis_European Goldfinch,0.894126804894069,0.91221621632576,0.709025740623474,0.999889492988586,0.08372748367215598,3666
bulgaria,W,Cecropis daurica_Red-rumped Swallow,0.8738291737035657,0.889344811439514,0.703424572944641,0.99882584810257,0.08962225388583596,141
bulgaria,W,Certhia familiaris_Eurasian Treecreeper,0.6322811421226051,0.619618773460388,0.500186443328857,0.769381821155548,0.09529955262661861,17
bulgaria,W,Charadrius hiaticula_Common Ringed Plover,0.757933735847473,0.757933735847473,0.757933735847473,0.757933735847473,NA,1
bulgaria,W,Chloris chloris_European Greenfinch,0.8736960500371542,0.8836297988891599,0.70017808675766,0.999971389770508,0.09098375829249315,4448
bulgaria,W,Ciconia ciconia_White Stork,0.9369653165340425,0.9369653165340425,0.905208230018616,0.968722403049469,0.044911302451571926,2
bulgaria,W,Circus aeruginosus_Eurasian Marsh-Harrier,0.8834021293510825,0.901692926883698,0.700202345848083,0.999823868274689,0.0933754901373414,295
bulgaria,W,Coccothraustes coccothraustes_Hawfinch,0.8998414341218761,0.926185071468353,0.700012505054474,0.999980926513672,0.0878568089105475,9131
bulgaria,W,Columba palumbus_Common Wood-Pigeon,0.853636862891061,0.857935070991516,0.702262401580811,0.993781745433807,0.07884461989954392,175
bulgaria,W,Coracias garrulus_European Roller,0.869477331638336,0.869477331638336,0.869477331638336,0.869477331638336,NA,1
bulgaria,W,Corvus corax_Common Raven,0.7165379563530723,0.709542810916901,0.503522217273712,0.988065958023071,0.13110790181765739,273
bulgaria,W,Corvus cornix_Hooded Crow,0.7533116936683655,0.7533116936683655,0.711212992668152,0.795410394668579,0.05953655391279173,2
bulgaria,W,Corvus frugilegus_Rook,0.805262545744578,0.78214156627655,0.747704386711121,0.885941684246063,0.07196056125484117,3
bulgaria,W,Corvus monedula_Eurasian Jackdaw,0.5769472122192381,0.5769472122192381,0.532939493656158,0.620954930782318,0.062236312441005956,2
bulgaria,W,Coturnix coturnix_Common Quail,0.9176355724951353,0.95047402381897,0.701184391975403,0.999964594841003,0.08276914008236153,1129
bulgaria,W,Crex crex_Corn Crake,0.897138357162476,0.897138357162476,0.897138357162476,0.897138357162476,NA,1
bulgaria,W,Cuculus canorus_Common Cuckoo,0.7741086577464428,0.7869654297828674,0.500334322452545,0.999715149402618,0.14346605547920993,1344
bulgaria,W,Curruca communis_Greater Whitethroat,0.836096931587566,0.81994217634201,0.761582255363464,0.988970160484314,0.06850846837628113,11
bulgaria,W,Curruca curruca_Lesser Whitethroat,0.8008299271265666,0.78243213891983,0.725221157073975,0.894836485385895,0.08629136027300215,3
bulgaria,W,Curruca melanocephala_Sardinian Warbler,0.819848378499349,0.868431746959686,0.705244779586792,0.885868608951569,0.09963182072919109,3
bulgaria,W,Cyanistes caeruleus_Eurasian Blue Tit,0.7332586247254821,0.721888422966003,0.500122785568237,0.996067881584167,0.1398772242714393,816
bulgaria,W,Cygnus columbianus_Tundra Swan,0.840074360370636,0.853859007358551,0.794865190982819,0.871498882770538,0.0401334405289386,3
bulgaria,W,Cygnus cygnus_Whooper Swan,0.8114414662122726,0.768419027328491,0.70355224609375,0.96230012178421,0.10275426426185279,8
bulgaria,W,Delichon urbicum_Common House-Martin,0.7920405504315399,0.765137135982513,0.639436721801758,0.990505635738373,0.10650315374117095,43
bulgaria,W,Dendrocopos major_Great Spotted Woodpecker,0.7742479940760778,0.793627977371216,0.502349197864532,0.996179461479187,0.13885521665831607,983
bulgaria,W,Dendrocopos syriacus_Syrian Woodpecker,0.8779023171402514,0.8983013927936555,0.700046300888062,0.999313712120056,0.08658788323340733,640
bulgaria,W,Dryobates minor_Lesser Spotted Woodpecker,0.8614525509917217,0.846765458583832,0.702686250209808,0.997404396533966,0.09513312324877879,23
bulgaria,W,Dryocopus martius_Black Woodpecker,0.872595284666334,0.876923263072968,0.707527458667755,0.996869027614594,0.09263547651524402,14
bulgaria,W,Emberiza calandra_Corn Bunting,0.838072521837203,0.8280743062496185,0.700583815574646,0.999674916267395,0.08861623092555397,364
bulgaria,W,Emberiza cia_Rock Bunting,0.8478357195854188,0.82948237657547,0.710836112499237,0.981337428092957,0.0996087828395433,6
bulgaria,W,Emberiza cirlus_Cirl Bunting,0.7845136608396257,0.7642763257026675,0.702426552772522,0.922109365463257,0.06578404846871765,14
bulgaria,W,Emberiza citrinella_Yellowhammer,0.8420195659001667,0.852895081043243,0.705132007598877,0.985880076885223,0.10161263611600022,15
bulgaria,W,Emberiza hortulana_Ortolan Bunting,0.8700164761394262,0.867772787809372,0.703553259372711,0.988511681556702,0.09078633093364086,32
bulgaria,W,Erithacus rubecula_European Robin,0.8383905905665774,0.83887135982513406,0.643112182617188,0.995024144649506,0.10945584388009069,33
bulgaria,W,Falco columbarius_Merlin,0.736574232578278,0.736574232578278,0.736574232578278,0.736574232578278,NA,1
bulgaria,W,Falco naumanni_Lesser Kestrel,0.8146268129348755,0.8146268129348755,0.792991936206818,0.836261689662933,0.03059633608908901,2
bulgaria,W,Falco subbuteo_Eurasian Hobby,0.809320330619812,0.809320330619812,0.734862446784973,0.883778214454651,0.10529934914482972,2
bulgaria,W,Falco tinnunculus_Eurasian Kestrel,0.8826101779937745,0.8977927565574646,0.711205899715424,0.995653033256531,0.08423873565764886,40
bulgaria,W,Ficedula hypoleuca_European Pied Flycatcher,0.841788375377655,0.858910620212555,0.741567134857178,0.899547219276428,0.06477619519690923,5
bulgaria,W,Ficedula parva_Red-breasted Flycatcher,0.7411744793256123,0.739814698696136,0.717544794082642,0.766163945198059,0.024338081607147285,3
bulgaria,W,Fringilla coelebs_Common Chaffinch,0.675797459565931,0.632655829191208,0.500699281692505,0.99515438079834,0.13633242378463978,144
bulgaria,W,Fringilla montifringilla_Brambling,0.7743958532810212,0.742777615785599,0.714097917079926,0.897930264472961,0.083461594783444365,4
bulgaria,W,Fulica atra_Eurasian Coot,0.708368897438049,0.708368897438049,0.708368897438049,0.708368897438049,NA,1
bulgaria,W,Galerida cristata_Crested Lark,0.775809824466705,0.775809824466705,0.775809824466705,0.775809824466705,NA,1
bulgaria,W,Gallinula chloropus_Eurasian Moorhen,0.8798390484991527,0.910600364208221,0.702956020832062,0.997666478157043,0.09688420467868243,21
bulgaria,W,Garrulus glandarius_Eurasian Jay,0.8245030763149261,0.8574641048908235,0.530827641487122,0.996559679508209,0.13320088642019456,250
bulgaria,W,Grus grus_Common Crane,0.8582575718561808,0.868056654930115,0.701185405254364,0.991528272628784,0.08004406879345943,51
bulgaria,W,Gyps fulvus_Eurasian Griffon,0.822963953018188,0.822963953018188,0.822963953018188,0.822963953018188,NA,1
bulgaria,W,Hirundo rustica_Barn Swallow,0.8548984150274084,0.854459822177887,0.72325211763382,0.996567010879517,0.07687722802880984,436
bulgaria,W,Ixobrychus minutus_Little Bittern,0.815422793549876,0.7887982428073885,0.704454243183136,0.986605703830719,0.08011837402181923,62
bulgaria,W,Lanius collurio_Red-backed Shrike,0.8701627970746596,0.884646356105804,0.70005589723587,0.998821914196014,0.08859639365896127,1661
bulgaria,W,Lanius senator_Woodchat Shrike,0.7888457030057907,0.797289103269577,0.703330099582672,0.857474505901337,0.06850243055112061,4
bulgaria,W,Larus canus_Common Gull,0.722716689109802,0.722716689109802,0.722716689109802,0.722716689109802,NA,1
bulgaria,W,Linaria cannabina_Eurasian Linnet,0.7866700459610332,0.8028059005737305,0.500687956809998,0.999427974224091,0.15387384386707612,550
bulgaria,W,Locustella fluviatilis_River Warbler,0.738190352916718,0.738190352916718,0.738190352916718,0.738190352916718,NA,1
bulgaria,W,Locustella luscinioides_Savi's Warbler,0.8264166343560334,0.8189962804317475,0.700088977813721,0.998583793640137,0.08164686043748236,2328
bulgaria,W,Lophophanes cristatus_Crested Tit,0.839440155029297,0.840936243534088,0.728809177875519,0.975426018238068,0.10133551199434797,5
bulgaria,W,Lullula arborea_Wood Lark,0.810365787574223,0.817840814590454,0.710350334644318,0.889621555805206,0.0649390555548977,7
bulgaria,W,Luscinia luscinia_Thrush Nightingale,0.812279268167913,0.8067097067832945,0.701297521591187,0.974546313285828,0.06966202581299206,64
bulgaria,W,Luscinia megarhynchos_Common Nightingale,0.8384215362370014,0.8482596278190615,0.700104773044586,0.993884980678558,0.0796398891111382,80
bulgaria,W,Mareca strepera_Gadwall,0.7944286584854124,0.7707088589668274,0.720695436000824,0.945993959903717,0.06807325451842439,10
bulgaria,W,Melanitta nigra_Common Scoter,0.9408928990364076,0.966616809368134,0.834360897541046,0.991499722003937,0.06334493019351234,5
bulgaria,W,Mergus merganser_Common Merganser,0.856929123401642,0.856929123401642,0.856929123401642,0.856929123401642,NA,1
bulgaria,W,Merops apiaster_European Bee-eater,0.8594586809066379,0.9179919064044955,0.500078916549683,0.999947190284729,0.14310314095823645,11150
bulgaria,W,Motacilla alba_White Wagtail,0.8202621936798095,0.8202621936798095,0.748569428920746,0.891954958438873,0.10138888024629147,2
bulgaria,W,Motacilla cinerea_Gray Wagtail,0.8308911052617161,0.791457176208496,0.702825427055359,0.96703130006790206,0.10202481305382938,11
bulgaria,W,Muscicapa striata_Spotted Flycatcher,0.7954018989975533,0.7861206531524655,0.700804769992828,0.991348326206207,0.06648432700203237,356
bulgaria,W,Numenius arquata_Eurasian Curlew,0.757814049720764,0.757814049720764,0.757814049720764,0.757814049720764,NA,1
bulgaria,W,Numenius phaeopus_Whimbrel,0.827533781528473,0.828019201755524,0.701156854629517,0.929331719875336,0.0688055979914241,9
bulgaria,W,Nycticorax nycticorax_Black-crowned Night-Heron,0.8715366033875213,0.890078604221344,0.701182067394257,0.999466717243195,0.09837997653915638,196
bulgaria,W,Oriolus oriolus_Eurasian Golden Oriole,0.8584835650851426,0.869478642940521,0.702110528945923,0.991629898548126,0.0823951322916565,103
bulgaria,W,Otus scops_Eurasian Scops-Owl,0.8051790378310463,0.772418618202209,0.71690833568573,0.975659370422363,0.08813657379746047,11
bulgaria,W,Pandion haliaetus_Osprey,0.702652871608734,0.702652871608734,0.702652871608734,0.702652871608734,NA,1
bulgaria,W,Panurus biarmicus_Bearded Reedling,0.8382806915503281,0.860725462436676,0.705031633377075,0.96343332529068,0.09116728088598168,13
bulgaria,W,Parus major_Great Tit,0.6926278944422559,0.663372069597244,0.500125408172607,0.979517459869385,0.13607860735617267,246
bulgaria,W,Passer domesticus_House Sparrow,0.7802873502175013,0.7658518254756925,0.70597106218338,0.892200171947479,0.05719840504784844,24
bulgaria,W,Passer montanus_Eurasian Tree Sparrow,0.8310496735572814,0.831078171730042,0.707702338695526,0.98527991771698,0.07082494209491624,25
bulgaria,W,Pastor roseus_Rosy Starling,0.7892982959747317,0.733560919761658,0.703592300415039,0.930741667747498,0.12340664528388405,3
bulgaria,W,Periparus ater_Coal Tit,0.791224479675293,0.791224479675293,0.791224479675293,0.791224479675293,NA,1
bulgaria,W,Pernis apivorus_European Honey-buzzard,0.944762885570526,0.944762885570526,0.944762885570526,0.944762885570526,NA,1
bulgaria,W,Petronia petronia_Rock Sparrow,0.720024883747101,0.720024883747101,0.720024883747101,0.720024883747101,NA,1
bulgaria,W,Phoenicurus ochruros_Black Redstart,0.7741994571685791,0.760097682476044,0.703646838665009,0.924762725830078,0.060005034266107454,25
bulgaria,W,Phoenicurus phoenicurus_Common Redstart,0.7877941638231276,0.7774982154369354,0.715628623962402,0.907138884067535,0.05306970778798115,20
bulgaria,W,Phylloscopus collybita_Common Chiffchaff,0.7073536069769608,0.700349032878876,0.500908970832825,0.987753927707672,0.1480842899076783,95
bulgaria,W,Phylloscopus sibilatrix_Wood Warbler,0.7933936913808186,0.795924067497253,0.759780585765839,0.824476420879364,0.032422058428284155,3
bulgaria,W,Phylloscopus trochilus_Willow Warbler,0.8567510014321623,0.863793581724167,0.719475746154785,0.984785556793213,0.07712857373423201,238
bulgaria,W,Pica pica_Eurasian Magpie,0.862999826669693,0.904166340827942,0.646443903446198,0.998631656169891,0.12164968573798579,26
bulgaria,W,Picus canus_Gray-headed Woodpecker,0.8816847652196885,0.8672193288803105,0.794815361499786,0.997485041618347,0.09275262691870043,4
bulgaria,W,Picus viridis_Eurasian Green Woodpecker,0.895453892397077,0.922438323497772,0.702806532382965,0.999556720256805,0.09217711685814031,89
bulgaria,W,Pluvialis apricaria_European Golden-Plover,0.8028271347284317,0.8118201792240145,0.73130601644516,0.856362164020538,0.05692078446497453,4
bulgaria,W,Poecile lugubris_Sombre Tit,0.971802592277527,0.971802592277527,0.971802592277527,0.971802592277527,NA,1
bulgaria,W,Poecile palustris_Marsh Tit,0.9266732662916183,0.943171828985214,0.848686397075653,0.995837330818176,0.05147070088523919,20
bulgaria,W,Porzana porzana_Spotted Crake,0.7765756804367591,0.7586165964603425,0.704618453979492,0.935705184936523,0.05931099281734887,58
bulgaria,W,Prunella modularis_Dunnock,0.6271874478885106,0.589703023433685,0.501991152763367,0.926374554634094,0.11118575644782346,35
bulgaria,W,Rallus aquaticus_Water Rail,0.8493332078582361,0.858207881450653,0.708782017230988,0.993590354919434,0.08925749298381011,19
bulgaria,W,Recurvirostra avosetta_Pied Avocet,0.7870206038157145,0.765851438045502,0.701789557933807,0.971950709819794,0.0698480196331661,15
bulgaria,W,Regulus ignicapilla_Common Firecrest,0.7044132649898529,0.7044132649898529,0.703769624233246,0.70505690574646,9.102454872896999e-4,2
bulgaria,W,Remiz pendulinus_Eurasian Penduline-Tit,0.8926685584916009,0.924606621265411,0.714943110942841,0.991613984107971,0.09050560968218481,9
bulgaria,W,Riparia riparia_Bank Swallow,0.773725986480713,0.773725986480713,0.773725986480713,0.773725986480713,NA,1
bulgaria,W,Saxicola rubicola_European Stonechat,0.8878368921370278,0.906226396560669,0.70013815164566,0.99996292591095,0.09151396313263475,897
bulgaria,W,Scolopax rusticola_Eurasian Woodcock,0.8195523294535549,0.806911826133728,0.731497406959534,0.964982926845551,0.07736706731716828,11
bulgaria,W,Serinus serinus_European Serin,0.7449177801609042,0.7290352284908295,0.711155712604523,0.8236483335495,0.04219352279493779,6
bulgaria,W,Sitta europaea_Eurasian Nuthatch,0.7196426689624785,0.7196426689624785,0.514411747455597,0.92487359046936,0.29024035261335995,2
bulgaria,W,Sternula albifrons_Little Tern,0.826439082622528,0.826439082622528,0.826439082622528,0.826439082622528,NA,1
bulgaria,W,Streptopelia decaocto_Eurasian Collared-Dove,0.7870147228240967,0.80073207616806,0.723787307739258,0.836524784564972,0.05760693540997869,3
bulgaria,W,Streptopelia senegalensis_Laughing Dove,0.744476556777954,0.744476556777954,0.744476556777954,0.744476556777954,NA,1
bulgaria,W,Streptopelia turtur_European Turtle-Dove,0.911418867111206,0.9339750409126285,0.709110796451569,0.998337030410767,0.073342727873302,140
bulgaria,W,Strix aluco_Tawny Owl,0.81379576107699,0.800303518772125,0.700108289718628,0.992284119129181,0.08317524754031012,167
bulgaria,W,Sturnus vulgaris_European Starling,0.8279537057745227,0.820592045783997,0.701130568981171,0.993071138858795,0.07980904462112767,363
bulgaria,W,Sylvia atricapilla_Eurasian Blackcap,0.7985635995864868,0.804644882678986,0.609352707862854,0.990022957324982,0.14027967230720884,7
bulgaria,W,Tachybaptus ruficollis_Little Grebe,0.7343031466007235,0.7343031466007235,0.716300368309021,0.752305924892426,0.025459773220521602,2
bulgaria,W,Tadorna ferruginea_Ruddy Shelduck,0.802109718322754,0.802109718322754,0.769703209400177,0.834516227245331,0.04582972442747313,2
bulgaria,W,Tringa erythropus_Spotted Redshank,0.749004542827606,0.749004542827606,0.749004542827606,0.749004542827606,NA,1
bulgaria,W,Tringa glareola_Wood Sandpiper,0.753624260425568,0.753624260425568,0.753624260425568,0.753624260425568,NA,1
bulgaria,W,Tringa ochropus_Green Sandpiper,0.8844281584024429,0.8707866072654724,0.801249206066132,0.994890213012695,0.08592599817002028,4
bulgaria,W,Troglodytes troglodytes_Eurasian Wren,0.600851704676946,0.6175618469715114,0.517982065677643,0.686489224433899,0.06765439649992443,6
bulgaria,W,Turdus iliacus_Redwing,0.8588366587956745,0.848219037055969,0.709009051322937,0.979380428791046,0.09057509358311325,15
bulgaria,W,Turdus merula_Eurasian Blackbird,0.6605185752504328,0.648949265480042,0.500374913215637,0.967268824577332,0.1219818905254053,89
bulgaria,W,Turdus philomelos_Song Thrush,0.9286194562911988,0.932830214500427,0.906414389610291,0.941657066345215,0.01361302378039814,5
bulgaria,W,Turdus pilaris_Fieldfare,0.8468934297561646,0.8468934297561646,0.737160265445709,0.95662659406662,0.15518612920996144,2
bulgaria,W,Turdus torquatus_Ring Ouzel,0.7579005360603333,0.7552525997161865,0.717392563819885,0.803704380989075,0.037163933148945255,4
bulgaria,W,Turdus viscivorus_Mistle Thrush,0.9286656528711319,0.9727219939231875,0.756316542625427,0.998537659645081,0.08693753006178404,12
bulgaria,W,Tyto alba_Barn Owl,0.7852729516369954,0.7751514911651609,0.712521851062775,0.978232204914093,0.07170679552172855,14
bulgaria,W,Upupa epops_Eurasian Hoopoe,0.8401748514708194,0.84144127368927,0.700379490852356,0.989014446735382,0.07906416084903507,179
bulgaria,W,Vanellus vanellus_Northern Lapwing,0.8381063491106036,0.821261286735535,0.766133666038513,0.943769156932831,0.07795093908208335,4
bulgaria,W,Zapornia parva_Little Crake,0.7189143598079679,0.7189143598079679,0.700051128864288,0.737777590751648,0.02667663703072806,2
bulgaria,W,Zapornia pusilla_Baillon's Crake,0.7460697399718421,0.7254304885864256,0.703334927558899,0.856257736682892,0.04600781119461319,28
croatia,F,Accipiter gentilis_Northern Goshawk,0.791341692793603,0.772164344787598,0.702193319797516,0.977321803569794,0.0686432272596945,51
croatia,F,Aegithalos caudatus_Long-tailed Tit,0.9217830746228459,0.93320244550705,0.79208368062973,0.999871611595154,0.06419509694613362,131
croatia,F,Aegolius funereus_Boreal Owl,0.790836215019226,0.790836215019226,0.718695044517517,0.862977385520935,0.10202302172898671,2
croatia,F,Aix sponsa_Wood Duck,0.774794578552246,0.774794578552246,0.709975242614746,0.839613914489746,0.09166838398683026,2
croatia,F,Alcedo atthis_Common Kingfisher,0.8725404360077598,0.936497390270233,0.716341733932495,0.969903469085693,0.09472079206494642,11
croatia,F,Anas crecca_Green-winged Teal,0.8168997168540955,0.8168997168540955,0.800743103027344,0.833056330680847,0.022848902395816623,2
croatia,F,Anthus pratensis_Meadow Pipit,0.561725437641144,0.561725437641144,0.561725437641144,0.561725437641144,NA,1
croatia,F,Anthus trivialis_Tree Pipit,0.8044171929359437,0.7615932524204254,0.749495804309845,0.944986462593079,0.09405192086664257,4
croatia,F,Apus melba_Alpine Swift,0.7966365580465279,0.779760658740997,0.701722681522369,0.956647574901581,0.07567909661403949,51
croatia,F,Ardea cinerea_Gray Heron,0.8689989384851957,0.868487060070038,0.710109829902649,0.99487429857254,0.08399515089658675,57
croatia,F,Athene noctua_Little Owl,0.7981060203164816,0.8034286797046659,0.705309212207794,0.941327929496765,0.06670157608273308,32
croatia,F,Bombycilla garrulus_Bohemian Waxwing,0.71124142408371,0.71124142408371,0.71124142408371,0.71124142408371,NA,1
croatia,F,Botaurus stellaris_Great Bittern,0.8113303035497665,0.835556536912918,0.700257241725922,0.933426856994629,0.07997971910919047,12
croatia,F,Bubo bubo_Eurasian Eagle-Owl,0.8089982494711875,0.810669809579849,0.711409091949463,0.927591383457184,0.062383257448690325,8
croatia,F,Bucephala clangula_Common Goldeneye,0.722641289234161,0.722641289234161,0.722641289234161,0.722641289234161,NA,1
croatia,F,Buteo buteo_Common Buzzard,0.8454458922435233,0.84090793132782,0.700302362442017,0.996091425418854,0.08232859625093414,311
croatia,F,Caprimulgus europaeus_Eurasian Nightjar,0.811563829580943,0.787712693214417,0.757572054862976,0.889406740665436,0.06907788086384313,3
croatia,F,Certhia brachydactyla_Short-toed Treecreeper,0.852347101921339,0.858520805835724,0.686001002788544,0.999287188053131,0.08906473261012185,2356
croatia,F,Certhia familiaris_Eurasian Treecreeper,0.7079704716400577,0.6897353529930115,0.500105082988739,0.999919533729553,0.14230326319139738,1932
croatia,F,Cettia cetti_Cetti's Warbler,0.6900621950626372,0.6664972603321075,0.645069897174835,0.782184362411499,0.06249142614557005,4
croatia,F,Chloris chloris_European Greenfinch,0.7825808723767598,0.784762263298035,0.702121019363403,0.88638561964035,0.06334898015560173,9
croatia,F,Ciconia ciconia_White Stork,0.780136466026306,0.780136466026306,0.780136466026306,0.780136466026306,NA,1
croatia,F,Coccothraustes coccothraustes_Hawfinch,0.8825095498610122,0.894072771072388,0.702697515487671,0.999803960323334,0.08981320102429834,247
croatia,F,Columba oenas_Stock Dove,0.7868353128433228,0.772095859050751,0.700615108013153,0.989005923271179,0.06581449608718068,132
croatia,F,Columba palumbus_Common Wood-Pigeon,0.8559631570963793,0.860847771167755,0.702001690864563,0.997355818748474,0.08841866199549032,142
croatia,F,Corvus corax_Common Raven,0.7660795625283384,0.7760398983955386,0.500030517578125,0.999158501625061,0.14669934420476605,6118
croatia,F,Corvus monedula_Eurasian Jackdaw,0.7440980076789855,0.7440980076789855,0.704489529132843,0.783706486225128,0.05601484754491844,2
croatia,F,Coturnix coturnix_Common Quail,0.9117931686341763,0.9745112657546995,0.730076849460602,0.999513387680054,0.0982006095137192,16
croatia,F,Cuculus canorus_Common Cuckoo,0.6167771892669872,0.582474052906036,0.508188784122467,0.820297658443451,0.09155083351602135,39
croatia,F,Cyanistes caeruleus_Eurasian Blue Tit,0.6840152865455996,0.6831460893154144,0.500442385673523,0.9558464884758,0.12170576079076231,62
croatia,F,Cygnus cygnus_Whooper Swan,0.8573147654533385,0.8573147654533385,0.820348739624023,0.894280791282654,0.05227785507485214,2
croatia,F,Cygnus olor_Mute Swan,0.760584473609924,0.760584473609924,0.760584473609924,0.760584473609924,NA,1
croatia,F,Delichon urbicum_Common House-Martin,0.658966481685638,0.658966481685638,0.658966481685638,0.658966481685638,NA,1
croatia,F,Dendrocopos leucotos_White-backed Woodpecker,0.73740041255950906,0.73740041255950906,0.73740041255950906,0.73740041255950906,NA,1
croatia,F,Dendrocopos major_Great Spotted Woodpecker,0.7500852140515585,0.759263724088669,0.500036001205444,0.995156526565552,0.13990433056271737,4814
croatia,F,Dendrocoptes medius_Middle Spotted Woodpecker,0.8914242399654139,0.9142149984836581,0.700481593608856,0.99989378452301,0.08902378363114277,1068
croatia,F,Dryobates minor_Lesser Spotted Woodpecker,0.858830370686271,0.887803256511688,0.721531569957733,0.993496656417847,0.10981009489952812,11
croatia,F,Dryocopus martius_Black Woodpecker,0.9097923859600772,0.9428867995738985,0.703385353088379,0.999978303909302,0.08708484689128168,844
croatia,F,Emberiza cirlus_Cirl Bunting,0.782171249389648,0.782171249389648,0.782171249389648,0.782171249389648,NA,1
croatia,F,Emberiza hortulana_Ortolan Bunting,0.788296341896057,0.744395077228546,0.743138551712036,0.877355396747589,0.07712996274068559,3
croatia,F,Erithacus rubecula_European Robin,0.821716876587996,0.827197015285492,0.63302755355835,0.999050319194794,0.10631827259594362,9485
croatia,F,Falco peregrinus_Peregrine Falcon,0.810172140598297,0.810172140598297,0.810172140598297,0.810172140598297,NA,1
croatia,F,Falco tinnunculus_Eurasian Kestrel,0.890785038471222,0.890785038471222,0.890785038471222,0.890785038471222,NA,1
croatia,F,Ficedula albicollis_Collared Flycatcher,0.8970756165977802,0.927816927433014,0.700125455856323,0.999977231025696,0.09511057533725792,3415
croatia,F,Ficedula hypoleuca_European Pied Flycatcher,0.7775665402412414,0.759773790836334,0.700491905212402,0.866569101810455,0.08093001719175656,5
croatia,F,Ficedula parva_Red-breasted Flycatcher,0.7939426472666217,0.7814350426197054,0.700004279613495,0.994352340698242,0.06985995115263557,4080
croatia,F,Fringilla coelebs_Common Chaffinch,0.7163078577757379,0.701451152563095,0.500209033489227,0.998070299625397,0.14181128578646493,1916
croatia,F,Fulica atra_Eurasian Coot,0.8775760892665747,0.914480090141296,0.703922271728516,0.995590209960938,0.0973732770447113,33
croatia,F,Gallinago gallinago_Common Snipe,0.589550137519836,0.589550137519836,0.589550137519836,0.589550137519836,NA,1
croatia,F,Gallinula chloropus_Eurasian Moorhen,0.8972254720601169,0.9332871437072755,0.700674951076508,0.999830961227417,0.09647351205028466,66
croatia,F,Garrulus glandarius_Eurasian Jay,0.7744449308064206,0.785273551940918,0.53503543138504,0.994499683380127,0.13303275211778376,311
croatia,F,Gavia stellata_Red-throated Loon,0.72179514169693,0.72179514169693,0.72179514169693,0.72179514169693,NA,1
croatia,F,Glaucidium passerinum_Eurasian Pygmy-Owl,0.829750895500183,0.829750895500183,0.829750895500183,0.829750895500183,NA,1
croatia,F,Grus grus_Common Crane,0.799868365128835,0.797667622566223,0.720820605754852,0.88111686706543,0.08017078831100172,3
croatia,F,Gyps fulvus_Eurasian Griffon,0.775917172431946,0.775917172431946,0.775917172431946,0.775917172431946,NA,1
croatia,F,Haliaeetus albicilla_White-tailed Eagle,0.8673225871978267,0.8764123022556305,0.700364410877228,0.999229192733765,0.09292115477550837,62
croatia,F,Hirundo rustica_Barn Swallow,0.8485343217849732,0.84678527712822,0.748869299888611,0.936766684055328,0.07131107194529612,10
croatia,F,Ixobrychus minutus_Little Bittern,0.7744936496019366,0.7456348538398745,0.700576186180115,0.906128704547882,0.09067637694674054,4
croatia,F,Locustella luscinioides_Savi's Warbler,0.744759202003479,0.744759202003479,0.744759202003479,0.744759202003479,NA,1
croatia,F,Locustella naevia_Common Grasshopper-Warbler,0.848391652107239,0.848391652107239,0.701907217502594,0.994876086711884,0.20716027409444368,2
croatia,F,Lophophanes cristatus_Crested Tit,0.8136388858159384,0.804662585258484,0.704600274562836,0.931653797626495,0.11379260108934235,3
croatia,F,Merops apiaster_European Bee-eater,0.6990940486683566,0.684204995632172,0.504459321498871,0.988574266433716,0.13386428313504697,85
croatia,F,Motacilla alba_White Wagtail,0.859176206588745,0.855296492576599,0.694002866744995,0.96593964099884,0.10649019354838354,5
croatia,F,Motacilla cinerea_Gray Wagtail,0.8007785623723812,0.768786668777466,0.726509511470795,0.909050583839417,0.07060668632123025,11
croatia,F,Muscicapa striata_Spotted Flycatcher,0.8146180463501029,0.803216457366943,0.700427949428558,0.99335515499115,0.08094232558696893,431
croatia,F,Numenius arquata_Eurasian Curlew,0.9098914265632629,0.910877585411072,0.877867043018341,0.940929651260376,0.03154286799780467,3
croatia,F,Numenius phaeopus_Whimbrel,0.79960258007049545,0.735761523246765,0.711990892887115,0.940271437168121,0.10670051509377426,5
croatia,F,Nycticorax nycticorax_Black-crowned Night-Heron,0.9062729937689645,0.9414918720722201,0.700274050235748,0.999724924564362,0.08728409977726381,350
croatia,F,Oriolus oriolus_Eurasian Golden Oriole,0.8600590035047234,0.869636178016663,0.700274646282196,0.997978508472443,0.08355399783550922,931
croatia,F,Otus scops_Eurasian Scops-Owl,0.8300019827756016,0.7890167236328125,0.716523706912994,0.986128866672516,0.09213145701144529,22
croatia,F,Parus major_Great Tit,0.71792310959584,0.677993357181549,0.501374304294586,0.994446754455566,0.15567421402180096,111
croatia,F,Perdix perdix_Gray Partridge,0.732016801834106,0.732016801834106,0.732016801834106,0.732016801834106,NA,1
croatia,F,Pernis apivorus_European Honey-buzzard,0.922734081745148,0.922734081745148,0.922734081745148,0.922734081745148,NA,1
croatia,F,Phasianus colchicus_Ring-necked Pheasant,0.854648470878601,0.854648470878601,0.854648470878601,0.854648470878601,NA,1
croatia,F,Phoenicurus ochruros_Black Redstart,0.795801639556885,0.795801639556885,0.795801639556885,0.795801639556885,NA,1
croatia,F,Phoenicurus phoenicurus_Common Redstart,0.7551464492624457,0.742191791534424,0.704313278198242,0.872710645198822,0.04872655622774521,11
croatia,F,Phylloscopus bonelli_Western Bonelli's Warbler,0.716788053512573,0.716788053512573,0.706042170524597,0.727533936500549,0.015196973461270004,2
croatia,F,Phylloscopus collybita_Common Chiffchaff,0.6678672016815659,0.64113461971283,0.500475168228149,0.970146358013153,0.12533922699241207,467
croatia,F,Phylloscopus sibilatrix_Wood Warbler,0.8212742038129822,0.8031996786594391,0.700543284416199,0.995575785636902,0.08660461265497414,254
croatia,F,Picoides tridactylus_Eurasian Three-toed Woodpecker,0.8356285095214845,0.8356285095214845,0.785196006298065,0.886061012744904,0.07132233004298472,2
croatia,F,Picus canus_Gray-headed Woodpecker,0.866463675093745,0.874038279056549,0.705449104309082,0.999057352542877,0.08138221599442745,253
croatia,F,Picus viridis_Eurasian Green Woodpecker,0.8629600975248549,0.884451806545258,0.708850979804993,0.990915358066559,0.09396944574274352,45
croatia,F,Poecile palustris_Marsh Tit,0.9332665052541717,0.938678026199341,0.846084356307983,0.999446451663971,0.04342267894972345,821
croatia,F,Porzana porzana_Spotted Crake,0.866628885269165,0.866628885269165,0.866628885269165,0.866628885269165,NA,1
croatia,F,Rallus aquaticus_Water Rail,0.825551688671112,0.822609066963196,0.782904326915741,0.871141672134399,0.04419221130126983,3
croatia,F,Regulus ignicapilla_Common Firecrest,0.8088715473810834,0.812857270240784,0.786861598491669,0.826895773410797,0.020312515363676384,3
croatia,F,Regulus regulus_Goldcrest,0.73358416557312,0.73358416557312,0.73358416557312,0.73358416557312,NA,1
croatia,F,Riparia riparia_Bank Swallow,0.7517642229795458,0.7399972677230835,0.700136244297028,0.826926112174988,0.05561654622853115,4
croatia,F,Scolopax rusticola_Eurasian Woodcock,0.7961961347609758,0.785210937261581,0.702457845211029,0.998211026191711,0.07802443391829991,64
croatia,F,Serinus serinus_European Serin,0.8795815110206605,0.885567843914032,0.775621354579926,0.99816220998764,0.07920382369054581,8
croatia,F,Sitta europaea_Eurasian Nuthatch,0.7737184011519864,0.7869047224521635,0.500240564346313,0.999028325080872,0.1458984716615656,4066
croatia,F,Strix aluco_Tawny Owl,0.8766156519692171,0.892078280448914,0.700051367282867,0.999825537204742,0.08795513588818747,4709
croatia,F,Strix uralensis_Ural Owl,0.8127022007336984,0.8137117028236389,0.703337371349335,0.963391482830048,0.0687458608366008,52
croatia,F,Sylvia atricapilla_Eurasian Blackcap,0.770165808470744,0.758456110954285,0.608278095722198,0.99068695306778,0.11202346685888455,265
croatia,F,Tetrastes bonasia_Hazel Grouse,0.8203893403212228,0.7882773876190186,0.754633247852325,0.995628595352173,0.0881313187771431,6
croatia,F,Tringa nebularia_Common Greenshank,0.947313576936722,0.947313576936722,0.945880115032196,0.948747038841248,0.002027221266525806,2
croatia,F,Tringa ochropus_Green Sandpiper,0.9860108345746995,0.9984815120697019,0.947497129440308,0.999583184719086,0.025681660335380094,4
croatia,F,Troglodytes troglodytes_Eurasian Wren,0.7758086918978285,0.7898287773132324,0.500045955181122,0.999493479728699,0.1556470757064048,8132
croatia,F,Turdus iliacus_Redwing,0.8065748740645016,0.78749030828476,0.705544769763947,0.96396005153656,0.08111712273780246,17
croatia,F,Turdus merula_Eurasian Blackbird,0.7423356921214775,0.753449082374573,0.502053678035736,0.993414163589478,0.14863362456261067,203
croatia,F,Turdus philomelos_Song Thrush,0.9305761268264369,0.9273051023483274,0.90020352602005,0.990271091461182,0.021986706140329052,38
croatia,F,Turdus pilaris_Fieldfare,0.719506084918976,0.719506084918976,0.719506084918976,0.719506084918976,NA,1
croatia,F,Turdus viscivorus_Mistle Thrush,0.8351481954256693,0.833923995494843,0.818996667861938,0.852523922920227,0.0167971190100823,3
croatia,F,Tyto alba_Barn Owl,0.8655158638954163,0.854943156242371,0.7456995844841,0.997392535209656,0.08760175931142145,15
croatia,F,Vanellus vanellus_Northern Lapwing,0.8180806090434393,0.828250527381897,0.706380844116211,0.940969944000244,0.07873482115868935,12
croatia,G,Acanthis cabaret_Lesser Redpoll,0.785867273807526,0.785867273807526,0.785867273807526,0.785867273807526,NA,1
croatia,G,Acanthis flammea_Common Redpoll,0.7964511048048736,0.7803891599178314,0.700194418430328,0.959086835384369,0.07599645133782415,32
croatia,G,Accipiter gentilis_Northern Goshawk,0.932362675666809,0.932362675666809,0.932362675666809,0.932362675666809,NA,1
croatia,G,Actitis hypoleucos_Common Sandpiper,0.9141396789375035,0.942406177520752,0.701730012893677,0.999821484088898,0.07838186490661127,1438
croatia,G,Aegithalos caudatus_Long-tailed Tit,0.9312111068178307,0.9521133303642275,0.793067336082458,0.999585449695587,0.06006918402904902,176
croatia,G,Aegolius funereus_Boreal Owl,0.898032069206238,0.898032069206238,0.898032069206238,0.898032069206238,NA,1
croatia,G,Aix sponsa_Wood Duck,0.893065333366394,0.893065333366394,0.871866703033447,0.914263963699341,0.02997939052058733,2
croatia,G,Alcedo atthis_Common Kingfisher,0.8853977741581378,0.894264698028564,0.71088832616806,0.999030351638794,0.08642837324054628,101
croatia,G,Alopochen aegyptiaca_Egyptian Goose,0.8006840248902638,0.7700576186180115,0.721137642860413,0.956018805503845,0.0892063121617503,6
croatia,G,Anas crecca_Green-winged Teal,0.7617800608277321,0.7551041543483734,0.707789361476898,0.862328886985779,0.05105495557929911,8
croatia,G,Anas platyrhynchos_Mallard,0.7895333125983199,0.781588077545166,0.700173616409302,0.964697599411011,0.06440519792636536,292
croatia,G,Anser albifrons_Greater White-fronted Goose,0.700936734676361,0.700936734676361,0.700936734676361,0.700936734676361,NA,1
croatia,G,Anser anser_Graylag Goose,0.879586100578308,0.879586100578308,0.879586100578308,0.879586100578308,NA,1
croatia,G,Anthus campestris_Tawny Pipit,0.887125849723816,0.887125849723816,0.887125849723816,0.887125849723816,NA,1
croatia,G,Anthus pratensis_Meadow Pipit,0.574969887733459,0.574969887733459,0.574969887733459,0.574969887733459,NA,1
croatia,G,Anthus spinoletta_Water Pipit,0.877541244029999,0.877541244029999,0.877541244029999,0.877541244029999,NA,1
croatia,G,Anthus trivialis_Tree Pipit,0.8367702727382248,0.8386397063732145,0.701196789741516,0.988931655883789,0.08444618885591798,148
croatia,G,Apus apus_Common Swift,0.9565370210579464,0.9675783812999725,0.87908011674881,0.997264742851257,0.0360434374030426,14
croatia,G,Apus melba_Alpine Swift,0.7359309792518616,0.736138641834259,0.703837811946869,0.770212054252625,0.024639476121937943,5
croatia,G,Ardea alba_Great Egret,0.7329494059085845,0.7329494059085845,0.722995817661285,0.742902994155884,0.014076499493608436,2
croatia,G,Ardea cinerea_Gray Heron,0.8895324454293236,0.910832017660141,0.70049637556076,0.999796211719513,0.08896537263754856,1332
croatia,G,Ardea purpurea_Purple Heron,0.7895954449971516,0.788616895675659,0.718500792980194,0.861668646335602,0.0715889427752628,3
croatia,G,Asio flammeus_Short-eared Owl,0.7843949993451438,0.7741181254386905,0.729795694351196,0.860665321350098,0.04838440715876538,6
croatia,G,Asio otus_Long-eared Owl,0.7596409022808075,0.7596409022808075,0.731286108493805,0.78799569606781,0.04009973393187124,2
croatia,G,Athene noctua_Little Owl,0.8487446308135985,0.881936013698578,0.706758081912994,0.924348413944244,0.0999771992740026,4
croatia,G,Botaurus stellaris_Great Bittern,0.807867705821991,0.795934289693832,0.701155006885529,0.943239688873291,0.06873942744161424,24
croatia,G,Branta leucopsis_Barnacle Goose,0.8524464709418159,0.876834750175476,0.719057500362396,0.908116281032562,0.06685544724926643,7
croatia,G,Bubo bubo_Eurasian Eagle-Owl,0.728720486164093,0.728720486164093,0.728720486164093,0.728720486164093,NA,1
croatia,G,Bubulcus ibis_Cattle Egret,0.834990262985229,0.834990262985229,0.834990262985229,0.834990262985229,NA,1
croatia,G,Bucephala clangula_Common Goldeneye,0.8237399756908415,0.8237399756908415,0.759920001029968,0.887559950351715,0.09025507371571452,2
croatia,G,Burhinus oedicnemus_Eurasian Thick-knee,0.8066373846747659,0.774100959300995,0.705318212509155,0.98988801240921,0.08779484609611816,22
croatia,G,Buteo buteo_Common Buzzard,0.8690943887359218,0.874641537666321,0.708025932312012,0.992932558059692,0.07928655155841159,95
croatia,G,Calidris alpina_Dunlin,0.8165324500628879,0.776855885982513,0.713141441345215,0.968057096004486,0.10062004207994352,7
croatia,G,Caprimulgus europaeus_Eurasian Nightjar,0.8000404963306352,0.791216015815735,0.703290939331055,0.960571229457855,0.06888613598346342,51
croatia,G,Carduelis carduelis_European Goldfinch,0.873690677051278,0.8836699426174165,0.709417462348938,0.999795854091644,0.08312409429244703,2436
croatia,G,Certhia brachydactyla_Short-toed Treecreeper,0.8434899993564772,0.834464073181152,0.69513875246048,0.993168711662292,0.0905998366993245,69
croatia,G,Certhia familiaris_Eurasian Treecreeper,0.6450510621070862,0.628784120082855,0.507962942123413,0.798694968223572,0.12451239643878027,6
croatia,G,Cettia cetti_Cetti's Warbler,0.7028364241123195,0.7028364241123195,0.67835921049118,0.727313637733459,0.03461600747211897,2
croatia,G,Charadrius dubius_Little Ringed Plover,0.8861151209360437,0.91019469499588,0.70155918598175,0.998806118965149,0.09060150923143233,79
croatia,G,Charadrius hiaticula_Common Ringed Plover,0.824146389961243,0.824146389961243,0.824146389961243,0.824146389961243,NA,1
croatia,G,Charadrius morinellus_Eurasian Dotterel,0.866416275501251,0.866416275501251,0.866416275501251,0.866416275501251,NA,1
croatia,G,Chlidonias hybrida_Whiskered Tern,0.8683840072516239,0.907526731491089,0.701023697853088,0.992227733135223,0.09325825624050145,33
croatia,G,Chlidonias leucopterus_White-winged Tern,0.7496029973030092,0.740337908267975,0.71750795841217,0.783356368541718,0.026866029888349758,5
croatia,G,Chloris chloris_European Greenfinch,0.8688966710808386,0.878072321414948,0.700137615203857,0.999326229095459,0.09044597816767776,861
croatia,G,Chroicocephalus ridibundus_Black-headed Gull,0.7849485725164412,0.77751749753952,0.702820301055908,0.885609447956085,0.06352185658267763,16
croatia,G,Ciconia ciconia_White Stork,0.881132297217846,0.877856969833374,0.713646054267883,0.999408602714539,0.08495862715917124,48
croatia,G,Circus aeruginosus_Eurasian Marsh-Harrier,0.74694561958313,0.74694561958313,0.74694561958313,0.74694561958313,NA,1
croatia,G,Coccothraustes coccothraustes_Hawfinch,0.8939905069091103,0.913230687379837,0.703724801540375,0.998871505260468,0.08853963048758852,110
croatia,G,Columba livia_Rock Pigeon,0.8899378395618353,0.900403380393982,0.707208573818207,0.998096406459808,0.08234941448393916,133
croatia,G,Columba oenas_Stock Dove,0.70828914642334,0.70828914642334,0.70828914642334,0.70828914642334,NA,1
croatia,G,Columba palumbus_Common Wood-Pigeon,0.7760261992613473,0.7456436455249785,0.70577210187912,0.93705153465271,0.07203447613803166,24
croatia,G,Corvus corax_Common Raven,0.7392146173881717,0.73685348033905,0.500260472297668,0.998214721679688,0.14285088362362236,1959
croatia,G,Corvus cornix_Hooded Crow,0.7953023477908103,0.7897152006626129,0.700515747070312,0.956133663654327,0.06900339471354791,124
croatia,G,Corvus corone_Carrion Crow,0.7575587928295135,0.7453180253505705,0.70049661397934,0.905469655990601,0.04513815695016711,110
croatia,G,Corvus frugilegus_Rook,0.7278636693954467,0.723897635936737,0.720558166503906,0.739135205745697,0.009903214770692613,3
croatia,G,Corvus monedula_Eurasian Jackdaw,0.6229348182678224,0.615091919898987,0.515792608261108,0.737919926643372,0.11127115387215969,3
croatia,G,Coturnix coturnix_Common Quail,0.924758790897331,0.961029231548309,0.701511800289154,0.999830961227417,0.08396969131141473,697
croatia,G,Crex crex_Corn Crake,0.843281552195549,0.8274924457073215,0.771884739398956,0.946256577968597,0.07350505131547286,4
croatia,G,Cuculus canorus_Common Cuckoo,0.7009151873638363,0.674658298492432,0.500434994697571,0.998568058013916,0.14616678889463788,383
croatia,G,Curruca curruca_Lesser Whitethroat,0.86211519241333,0.856184959411621,0.74009770154953,0.981041133403778,0.08928228783770825,5
croatia,G,Cyanistes caeruleus_Eurasian Blue Tit,0.6628158680030278,0.642230182886124,0.502248167991638,0.945969939231873,0.12164485081070861,70
croatia,G,Cygnus columbianus_Tundra Swan,0.78387401252985,0.7557142078876495,0.71831601858139,0.932160794734955,0.07711889862007136,8
croatia,G,Cygnus cygnus_Whooper Swan,0.8005509627492805,0.791877686977386,0.700591623783112,0.971777975559235,0.07634951295213026,57
croatia,G,Cygnus olor_Mute Swan,0.9074103602996241,0.920592665672302,0.717026233673096,0.999663352966309,0.09804280968969799,13
croatia,G,Delichon urbicum_Common House-Martin,0.7583302189906439,0.74200251698494,0.642642974853516,0.997999131679535,0.09117601519557605,60
croatia,G,Dendrocopos leucotos_White-backed Woodpecker,0.709393203258514,0.709393203258514,0.709393203258514,0.709393203258514,NA,1
croatia,G,Dendrocopos major_Great Spotted Woodpecker,0.7425580783191259,0.74499773979187,0.500225901603699,0.993361830711365,0.13597524888725715,2044
croatia,G,Dendrocoptes medius_Middle Spotted Woodpecker,0.9005966812372208,0.933386564254761,0.701465427875519,0.99895453453064,0.09057470188078998,120
croatia,G,Dryobates minor_Lesser Spotted Woodpecker,0.8207943196649904,0.8055670857429504,0.704096436500549,0.991786658763885,0.08114954692024368,54
croatia,G,Dryocopus martius_Black Woodpecker,0.8594178123189914,0.863237261772156,0.703596472740173,0.997250854969025,0.09549218189133872,151
croatia,G,Egretta garzetta_Little Egret,0.8084265059894985,0.7844355106353755,0.700512528419495,0.926760494709015,0.07644824305459284,18
croatia,G,Emberiza citrinella_Yellowhammer,0.708381950855255,0.708381950855255,0.708381950855255,0.708381950855255,NA,1
croatia,G,Emberiza hortulana_Ortolan Bunting,0.7867248654365541,0.752517759799957,0.727752208709717,0.879904627799988,0.08164057946744586,3
croatia,G,Erithacus rubecula_European Robin,0.8304378227754072,0.845649838447571,0.636536538600922,0.992873907089233,0.1085858353708223,33
croatia,G,Falco naumanni_Lesser Kestrel,0.8229846835136412,0.801613867282867,0.752833247184753,0.924235999584198,0.07315608288097687,5
croatia,G,Falco peregrinus_Peregrine Falcon,0.836867928504944,0.836867928504944,0.715297043323517,0.958438813686371,0.17192719461327638,2
croatia,G,Falco subbuteo_Eurasian Hobby,0.8703904718160629,0.884952038526535,0.701621770858765,0.99878340959549,0.08863856645245466,320
croatia,G,Falco tinnunculus_Eurasian Kestrel,0.7764168544249102,0.756109297275543,0.701991856098175,0.884733736515045,0.057865842638449266,11
croatia,G,Falco vespertinus_Red-footed Falcon,0.761003434658051,0.761003434658051,0.761003434658051,0.761003434658051,NA,1
croatia,G,Ficedula albicollis_Collared Flycatcher,0.8888935646840505,0.9193604588508605,0.701479077339172,0.999093055725098,0.09177190715821859,140
croatia,G,Ficedula hypoleuca_European Pied Flycatcher,0.778131976723671,0.7667741775512695,0.702244400978088,0.878035128116608,0.06659787628921587,8
croatia,G,Fringilla coelebs_Common Chaffinch,0.6839786622975323,0.655375838279724,0.500344455242157,0.996019780635834,0.13337929849669516,1369
croatia,G,Fringilla montifringilla_Brambling,0.7975498914718628,0.7739153802394865,0.725270330905914,0.912701725959778,0.0667177180431724,10
croatia,G,Fulica atra_Eurasian Coot,0.8465168591841911,0.84617668390274,0.700187563896179,0.992761790752411,0.085687452418404,103
croatia,G,Gallinago gallinago_Common Snipe,0.763036996126175,0.7442647218704225,0.625139474868774,0.968048214912415,0.11370476037081613,10
croatia,G,Gallinula chloropus_Eurasian Moorhen,0.8686151562952528,0.871928870677948,0.707032024860382,0.998735129833221,0.10614553517587764,51
croatia,G,Garrulus glandarius_Eurasian Jay,0.6897995173931122,0.6779974699020385,0.540310025215149,0.990084886550903,0.11199857169850275,44
croatia,G,Gavia arctica_Arctic Loon,0.754871964454651,0.754871964454651,0.754871964454651,0.754871964454651,NA,1
croatia,G,Gelochelidon nilotica_Gull-billed Tern,0.7998950680096943,0.7933046221733095,0.743457734584808,0.884657084941864,0.05398448593542058,6
croatia,G,Grus grus_Common Crane,0.7493850827217102,0.745569705963135,0.717552900314331,0.789903998374939,0.027033103071079662,5
croatia,G,Haematopus ostralegus_Eurasian Oystercatcher,0.8191228806972506,0.8191228806972506,0.815348327159882,0.822897434234619,0.005338024804449869,2
croatia,G,Haliaeetus albicilla_White-tailed Eagle,0.8850458615930086,0.897450804710388,0.700425684452057,0.999452769756317,0.0890316235008236,473
croatia,G,Himantopus himantopus_Black-winged Stilt,0.905827074549919,0.944959878921509,0.731024503707886,0.996543228626251,0.08842086741867232,43
croatia,G,Hirundo rustica_Barn Swallow,0.8665728799241689,0.87092912197113,0.7230224609375,0.999586999416351,0.07722467231111253,3907
croatia,G,Hydrobates pelagicus_European Storm-Petrel,0.723904371261597,0.723904371261597,0.723904371261597,0.723904371261597,NA,1
croatia,G,Hydroprogne caspia_Caspian Tern,0.7845827192068101,0.765840083360672,0.7245272397995,0.855772495269775,0.049391504956345665,12
croatia,G,Ichthyaetus melanocephalus_Mediterranean Gull,0.832505524158478,0.832505524158478,0.832505524158478,0.832505524158478,NA,1
croatia,G,Ixobrychus minutus_Little Bittern,0.8309514989023623,0.82755434513092,0.706653535366058,0.96595311164856,0.07641283665915903,23
croatia,G,Jynx torquilla_Eurasian Wryneck,0.8712513297796249,0.888111233711243,0.720993101596832,0.989283442497253,0.09608407240785921,24
croatia,G,Lanius collurio_Red-backed Shrike,0.8575579068825752,0.860837757587433,0.700093567371368,0.998694956302643,0.0894110810612322,419
croatia,G,Lanius senator_Woodchat Shrike,0.7818729400634767,0.792947828769684,0.716637194156647,0.827682197093964,0.04518572804108373,5
croatia,G,Larus argentatus_Herring Gull,0.709169268608093,0.709169268608093,0.709169268608093,0.709169268608093,NA,1
croatia,G,Larus michahellis_Yellow-legged Gull,0.7553499738375343,0.761238634586334,0.700310170650482,0.804501116275787,0.05234448902830803,3
croatia,G,Linaria cannabina_Eurasian Linnet,0.6199783550368415,0.597772240638733,0.501186788082123,0.711468696594238,0.07909913587603473,9
croatia,G,Locustella luscinioides_Savi's Warbler,0.8726194269127316,0.9063020348548885,0.706593692302704,0.985755860805511,0.09992425362610019,18
croatia,G,Lophophanes cristatus_Crested Tit,0.70094507932663,0.70094507932663,0.70094507932663,0.70094507932663,NA,1
croatia,G,Lullula arborea_Wood Lark,0.788967549800873,0.788967549800873,0.706812977790833,0.871122121810913,0.11618410994755564,2
croatia,G,Luscinia megarhynchos_Common Nightingale,0.8109187524894188,0.778502225875854,0.702266156673431,0.968173444271088,0.08225509769972245,29
croatia,G,Mareca penelope_Eurasian Wigeon,0.7611098885536193,0.754861533641815,0.722141265869141,0.806326866149902,0.042439195067601375,3
croatia,G,Mareca strepera_Gadwall,0.7943334150314331,0.77099084854126,0.709182560443878,0.92947256565094,0.07135931885670897,25
croatia,G,Melanitta nigra_Common Scoter,0.7728620171546935,0.7728620171546935,0.737227201461792,0.808496832847595,0.05039523964556691,2
croatia,G,Melanocorypha calandra_Calandra Lark,0.78096342086792,0.78096342086792,0.78096342086792,0.78096342086792,NA,1
croatia,G,Mergus merganser_Common Merganser,0.7580818831920625,0.7580818831920625,0.748780071735382,0.767383694648743,0.013154747916675027,2
croatia,G,Merops apiaster_European Bee-eater,0.7945225333625621,0.817509353160858,0.50066727399826,0.996594846248627,0.1421418663875409,132
croatia,G,Milvus migrans_Black Kite,0.8017855602152207,0.77115935087204,0.712898671627045,0.970060765743256,0.0916378296106565,17
croatia,G,Motacilla alba_White Wagtail,0.8912151052746486,0.916552543640137,0.688013553619385,0.999979257583618,0.09099871582120864,8163
croatia,G,Motacilla cinerea_Gray Wagtail,0.8064966014137974,0.8064931929111481,0.703053832054138,0.975221991539001,0.07501936855243548,54
croatia,G,Motacilla citreola_Citrine Wagtail,0.7970516623989229,0.7747378945350649,0.700897216796875,0.976304352283478,0.07384530424343302,124
croatia,G,Motacilla flava_Western Yellow Wagtail,0.8075538439493554,0.7967838644981385,0.700387060642242,0.998063385486603,0.074595583692117,1020
croatia,G,Muscicapa striata_Spotted Flycatcher,0.8716031694412232,0.887899547815323,0.70472639799118,0.997448623180389,0.09075510699635296,150
croatia,G,Myiopsitta monachus_Monk Parakeet,0.8794518560171127,0.902266412973404,0.788508296012878,0.924766302108765,0.06189901677764592,4
croatia,G,Nucifraga caryocatactes_Eurasian Nutcracker,0.776558756828308,0.776558756828308,0.776558756828308,0.776558756828308,NA,1
croatia,G,Numenius arquata_Eurasian Curlew,0.8177909728358774,0.807422339916229,0.708561718463898,0.975599229335785,0.07259510680630106,34
croatia,G,Numenius phaeopus_Whimbrel,0.8136116166909535,0.8368710577487946,0.700639963150024,0.955088675022125,0.0809624785000792,18
croatia,G,Nycticorax nycticorax_Black-crowned Night-Heron,0.8958734770822425,0.926781177520752,0.700208604335785,0.99951434135437,0.08986458807647019,481
croatia,G,Oenanthe oenanthe_Northern Wheatear,0.74481588602066,0.74481588602066,0.74481588602066,0.74481588602066,NA,1
croatia,G,Oriolus oriolus_Eurasian Golden Oriole,0.843107662164064,0.8451889455318455,0.700009226799011,0.999735414981842,0.07984403620235246,4786
croatia,G,Otus scops_Eurasian Scops-Owl,0.901973479810883,0.9220023453235624,0.700583219528198,0.999610841274261,0.08444848759335313,136
croatia,G,Panurus biarmicus_Bearded Reedling,0.8375380039215088,0.813976883888245,0.722029149532318,0.991507291793823,0.08616692879382064,9
croatia,G,Parus major_Great Tit,0.6756235587309641,0.662745088338852,0.510109841823578,0.973120808601379,0.12332081844658946,166
croatia,G,Passer domesticus_House Sparrow,0.7956082047300136,0.7831430435180665,0.701059460639954,0.97561103105545,0.06589000566165544,188
croatia,G,Passer hispaniolensis_Spanish Sparrow,0.8016722003618877,0.761733174324036,0.721600353717804,0.921683073043823,0.10585186816425479,3
croatia,G,Passer montanus_Eurasian Tree Sparrow,0.8558687917955897,0.8616718351840975,0.700000941753387,0.999544203281403,0.08756984938505988,8800
croatia,G,Pastor roseus_Rosy Starling,0.7924834566731606,0.778451979160309,0.70030689239502,0.966592192649841,0.067307105222811775,31
croatia,G,Perdix perdix_Gray Partridge,0.750836730003357,0.750836730003357,0.750836730003357,0.750836730003357,NA,1
croatia,G,Petronia petronia_Rock Sparrow,0.706144273281097,0.706144273281097,0.706144273281097,0.706144273281097,NA,1
croatia,G,Phalacrocorax carbo_Great Cormorant,0.767992734909058,0.767992734909058,0.767992734909058,0.767992734909058,NA,1
croatia,G,Phasianus colchicus_Ring-necked Pheasant,0.718290754626779,0.698745548725128,0.518819868564606,0.989865958690643,0.13780624818296144,85
croatia,G,Phoenicurus phoenicurus_Common Redstart,0.8242676897880135,0.821385145187378,0.70103394985199,0.976353883743286,0.08182864933883804,109
croatia,G,Phylloscopus collybita_Common Chiffchaff,0.7053506085161196,0.697810232639313,0.500622808933258,0.998732507228851,0.13117972821586166,878
croatia,G,Phylloscopus sibilatrix_Wood Warbler,0.9107624805511388,0.94667187333107,0.704117596149445,0.999650120735168,0.08616766881918107,266
croatia,G,Phylloscopus trochilus_Willow Warbler,0.758308291435242,0.758308291435242,0.758308291435242,0.758308291435242,NA,1
croatia,G,Pica pica_Eurasian Magpie,0.7515226152478433,0.726964831352234,0.648181915283203,0.947612106800079,0.081467513546911,49
croatia,G,Picus canus_Gray-headed Woodpecker,0.9346126518718937,0.967330753803253,0.702049612998962,0.99982088804245,0.07686801652651779,386
croatia,G,Picus viridis_Eurasian Green Woodpecker,0.8454738766589064,0.861062705516815,0.700261175632477,0.999158024787903,0.0961628290990405,47
croatia,G,Plegadis falcinellus_Glossy Ibis,0.8119666377703351,0.799841046333313,0.726078450679779,0.909980416297913,0.0925486667398646,3
croatia,G,Pluvialis apricaria_European Golden-Plover,0.8247674661023277,0.8286924064159396,0.700997710227966,0.943923652172089,0.07048352319339926,14
croatia,G,Poecile palustris_Marsh Tit,0.9081071242690087,0.9071165025234225,0.85007506608963,0.972586572170258,0.038732728722359756,8
croatia,G,Porzana porzana_Spotted Crake,0.8601824712956422,0.8682701587677,0.700774490833282,0.99879777431488,0.08186994798952499,939
croatia,G,Prunella modularis_Dunnock,0.6309107840061188,0.6412160992622375,0.506541430950165,0.747249484062195,0.07479067609054268,8
croatia,G,Pyrrhula pyrrhula_Eurasian Bullfinch,0.90109321475029,0.9265266358852385,0.811785221099854,0.939534366130829,0.05989815811057329,4
croatia,G,Rallus aquaticus_Water Rail,0.8812864422798157,0.85859739780426,0.797253012657166,0.981787085533142,0.07115600863434926,7
croatia,G,Recurvirostra avosetta_Pied Avocet,0.886400759220123,0.886400759220123,0.886400759220123,0.886400759220123,NA,1
croatia,G,Riparia riparia_Bank Swallow,0.843150696158409,0.8359978199005125,0.71881365776062,0.991691470146179,0.08868633408384878,20
croatia,G,Saxicola rubicola_European Stonechat,0.7733874122301736,0.7435910403728485,0.702220797538757,0.911804139614105,0.07948079242307601,6
croatia,G,Scolopax rusticola_Eurasian Woodcock,0.807297910635288,0.8054134249687195,0.700277090072632,0.926442801952362,0.07383634999131752,26
croatia,G,Serinus serinus_European Serin,0.8637438491612923,0.873342454433441,0.702599287033081,0.995366930961609,0.08817406593894014,119
croatia,G,Sitta europaea_Eurasian Nuthatch,0.798976552173886,0.827920436859131,0.500222623348236,0.999057114124298,0.14151710864218728,267
croatia,G,Sterna hirundo_Common Tern,0.8555861358289366,0.865893125534058,0.704230129718781,0.99160224199295,0.0784806076104963,27
croatia,G,Streptopelia decaocto_Eurasian Collared-Dove,0.7746355128288268,0.756661415100098,0.700977206230164,0.934998035430908,0.061983912470079526,25
croatia,G,Streptopelia turtur_European Turtle-Dove,0.9044707484810148,0.935186207294464,0.705950319766998,0.997943818569183,0.0829483876483346,363
croatia,G,Strix aluco_Tawny Owl,0.834746180654882,0.824334621429443,0.701829195022583,0.992448925971985,0.08900672421657153,91
croatia,G,Strix uralensis_Ural Owl,0.845829963684082,0.845829963684082,0.753262460231781,0.938397467136383,0.13091021881726234,2
croatia,G,Sturnus vulgaris_European Starling,0.8519081554085112,0.8544718623161316,0.700128793716431,0.998298227787018,0.08595786168294571,2488
croatia,G,Sylvia atricapilla_Eurasian Blackcap,0.754422579461878,0.745558321475983,0.60822468996048,0.990774929523468,0.10345571841162629,275
croatia,G,Tachybaptus ruficollis_Little Grebe,0.8944266546856273,0.905148327350616,0.7082399725914,0.998785793781281,0.08025917761570835,22
croatia,G,Tadorna ferruginea_Ruddy Shelduck,0.75090628862381,0.75090628862381,0.75090628862381,0.75090628862381,NA,1
croatia,G,Tetrao urogallus_Western Capercaillie,0.8628128767013546,0.873455464839935,0.771355330944061,0.943627834320068,0.08662795372496501,3
croatia,G,Thalasseus sandvicensis_Sandwich Tern,0.7320669591426845,0.7320669591426845,0.723377406597137,0.740756511688232,0.012288883060866906,2
croatia,G,Tringa erythropus_Spotted Redshank,0.9029729898159321,0.932745218276978,0.719132721424103,0.998646557331085,0.08904589867150749,65
croatia,G,Tringa glareola_Wood Sandpiper,0.8749594402526317,0.890313446521759,0.700792968273163,0.998915195465088,0.08503677969072751,1007
croatia,G,Tringa nebularia_Common Greenshank,0.9568462379707777,0.962732195854187,0.900212526321411,0.999317646026611,0.028963130137081322,605
croatia,G,Tringa ochropus_Green Sandpiper,0.9122592555976119,0.940816640853882,0.700305104255676,0.999975085258484,0.08317575872852057,1977
croatia,G,Tringa totanus_Common Redshank,0.8221213817596434,0.866996943950653,0.744229674339294,0.887697100639343,0.0714795940772499,5
croatia,G,Troglodytes troglodytes_Eurasian Wren,0.502447724342346,0.502447724342346,0.502447724342346,0.502447724342346,NA,1
croatia,G,Turdus iliacus_Redwing,0.8065563440322876,0.831289172172546,0.704703569412231,0.876183032989502,0.05816377449548257,9
croatia,G,Turdus merula_Eurasian Blackbird,0.6899452815597183,0.6514405012130735,0.500091552734375,0.996473133563995,0.14754599747291322,414
croatia,G,Turdus philomelos_Song Thrush,0.9367801121303015,0.943491578102112,0.903698086738586,0.949323952198029,0.015724605515798712,7
croatia,G,Turdus pilaris_Fieldfare,0.8430072367191314,0.841515630483627,0.715411186218262,0.946199119091034,0.09004446588326302,8
croatia,G,Tyto alba_Barn Owl,0.8065955883049103,0.783590018749237,0.703483402729034,0.998066008090973,0.08207487233051804,83
croatia,G,Upupa epops_Eurasian Hoopoe,0.7959475432123456,0.7976204454898834,0.700057327747345,0.948993265628815,0.05857302996741392,42
croatia,G,Vanellus vanellus_Northern Lapwing,0.9065451080096517,0.934909582138062,0.700819194316864,0.999939560890198,0.08618896393865962,1035
croatia,G,Zapornia parva_Little Crake,0.7618434136196719,0.76079136133194,0.701428055763245,0.87002021074295,0.04484033055878458,59
croatia,G,Zapornia pusilla_Baillon's Crake,0.8033561199880859,0.7884846925735476,0.700058877468109,0.994591891765594,0.07297460933162025,2634
croatia,W,Acanthis flammea_Common Redpoll,0.8014244884252547,0.763570576906204,0.702157080173492,0.937385439872742,0.0763399322598883,24
croatia,W,Accipiter gentilis_Northern Goshawk,0.951402068138123,0.951402068138123,0.951402068138123,0.951402068138123,NA,1
croatia,W,Acrocephalus agricola_Paddyfield Warbler,0.745684027671814,0.745684027671814,0.745684027671814,0.745684027671814,NA,1
croatia,W,Acrocephalus arundinaceus_Great Reed Warbler,0.8500894708252849,0.843342661857605,0.700003802776337,0.999921321868896,0.09344143808027035,38553
croatia,W,Acrocephalus melanopogon_Moustached Warbler,0.7750198304653166,0.7558917105197904,0.710894167423248,0.877267003059387,0.051540840117505975,10
croatia,W,Acrocephalus palustris_Marsh Warbler,0.770450609922409,0.77141410112381,0.713543891906738,0.854835629463196,0.042368241794321394,10
croatia,W,Acrocephalus schoenobaenus_Sedge Warbler,0.8308130258863622,0.8161293268203735,0.701848208904266,0.960512280464172,0.0892636046035286,22
croatia,W,Acrocephalus scirpaceus_Eurasian Reed Warbler,0.7802428699828483,0.767914712429047,0.702209115028381,0.930738270282745,0.06067331767671849,37
croatia,W,Actitis hypoleucos_Common Sandpiper,0.8601962463422255,0.8756568729877475,0.706056773662567,0.988717079162598,0.09098940790319797,22
croatia,W,Aegithalos caudatus_Long-tailed Tit,0.9098526539965573,0.915259540081024,0.794422626495361,0.998270988464355,0.058998259809680736,117
croatia,W,Aegolius funereus_Boreal Owl,0.815677136182785,0.815677136182785,0.810272753238678,0.821081519126892,0.007642951655813956,2
croatia,W,Aix sponsa_Wood Duck,0.706057667732239,0.706057667732239,0.706057667732239,0.706057667732239,NA,1
croatia,W,Alauda arvensis_Eurasian Skylark,0.7425516886370522,0.788501560688019,0.50190144777298,0.987739026546478,0.17637350825507406,14
croatia,W,Alcedo atthis_Common Kingfisher,0.8883819166909565,0.9051420092582705,0.70089328289032,0.999804198741913,0.09091321649216846,264
croatia,W,Alopochen aegyptiaca_Egyptian Goose,0.8182233401707242,0.819968581199646,0.709005117416382,0.970942139625549,0.09697774576423514,7
croatia,W,Anas crecca_Green-winged Teal,0.8729704022407533,0.8925255239009859,0.701382994651794,0.991121292114258,0.0880134033230898,34
croatia,W,Anas platyrhynchos_Mallard,0.8062252381243891,0.796068847179413,0.700014591217041,0.991522550582886,0.07043313543343797,1415
croatia,W,Anser albifrons_Greater White-fronted Goose,0.799053490161896,0.799053490161896,0.799053490161896,0.799053490161896,NA,1
croatia,W,Anser anser_Graylag Goose,0.8965205192565918,0.893136978149414,0.839972615242004,0.941142916679382,0.037300917982274626,5
croatia,W,Anthus campestris_Tawny Pipit,0.74637496471405,0.74637496471405,0.74637496471405,0.74637496471405,NA,1
croatia,W,Anthus spinoletta_Water Pipit,0.813220918178558,0.813220918178558,0.813220918178558,0.813220918178558,NA,1
croatia,W,Anthus trivialis_Tree Pipit,0.8245974252189415,0.809167325496674,0.706253290176392,0.989365100860596,0.07727163298771933,69
croatia,W,Apus melba_Alpine Swift,0.8799042403697965,0.8799042403697965,0.832709670066833,0.92709881067276,0.06674320139282146,2
croatia,W,Ardea alba_Great Egret,0.8352340591010865,0.829139649868011,0.70019406080246,0.997023642063141,0.08315139291337503,209
croatia,W,Ardea cinerea_Gray Heron,0.8851646854130655,0.906304508447647,0.700279772281647,0.999723136425018,0.08845679793647064,3218
croatia,W,Ardea purpurea_Purple Heron,0.7882018114839281,0.7813340425491335,0.700721740722656,0.967935919761658,0.06104035712506311,140
croatia,W,Ardeola ralloides_Squacco Heron,0.7929573357105255,0.791491240262985,0.748153924942017,0.840692937374115,0.039583406044294514,4
croatia,W,Athene noctua_Little Owl,0.7922816406125608,0.776925563812256,0.711137712001801,0.93539571762085,0.05497946110144685,23
croatia,W,Aythya ferina_Common Pochard,0.7734106237238102,0.765045702457428,0.722622156143188,0.857622921466827,0.04468012016149144,11
croatia,W,Aythya nyroca_Ferruginous Duck,0.8988491495450338,0.90163916349411,0.782577514648438,0.949183523654938,0.051707621503908445,9
croatia,W,Bombycilla garrulus_Bohemian Waxwing,0.704562962055206,0.704562962055206,0.704562962055206,0.704562962055206,NA,1
croatia,W,Botaurus stellaris_Great Bittern,0.8011124762483298,0.786497056484222,0.701762497425079,0.981064558029175,0.07435455595126571,313
croatia,W,Branta leucopsis_Barnacle Goose,0.780761301517487,0.780761301517487,0.780761301517487,0.780761301517487,NA,1
croatia,W,Bubo bubo_Eurasian Eagle-Owl,0.702911794185638,0.702911794185638,0.702911794185638,0.702911794185638,NA,1
croatia,W,Bubulcus ibis_Cattle Egret,0.832233760759681,0.824887156486511,0.700327634811401,0.998923003673553,0.08601540361035333,367
croatia,W,Burhinus oedicnemus_Eurasian Thick-knee,0.7809619804223379,0.7866330146789551,0.719720780849457,0.819645822048187,0.0364737639186412,6
croatia,W,Buteo buteo_Common Buzzard,0.859580539289068,0.8718656599521635,0.701385140419006,0.998783528804779,0.07970900343699287,610
croatia,W,Calidris alba_Sanderling,0.899747610092163,0.899747610092163,0.899747610092163,0.899747610092163,NA,1
croatia,W,Calidris alpina_Dunlin,0.8040498495101928,0.7988719344139095,0.728926122188568,0.913765728473663,0.06761888665099255,8
croatia,W,Calidris minuta_Little Stint,0.713852822780609,0.713852822780609,0.713852822780609,0.713852822780609,NA,1
croatia,W,Calonectris diomedea_Cory's Shearwater,0.856914639472961,0.856914639472961,0.856914639472961,0.856914639472961,NA,1
croatia,W,Caprimulgus europaeus_Eurasian Nightjar,0.7905798760744243,0.776573747396469,0.704050362110138,0.93321293592453,0.05635074150864808,26
croatia,W,Carduelis carduelis_European Goldfinch,0.7801257371902466,0.7801257371902466,0.765788078308105,0.794463396072388,0.02027651164380358,2
croatia,W,Carpodacus erythrinus_Common Rosefinch,0.806153297424316,0.806153297424316,0.704986989498138,0.907319605350494,0.1430707647244137,2
croatia,W,Certhia brachydactyla_Short-toed Treecreeper,0.7688180804252625,0.7688180804252625,0.758687496185303,0.778948664665222,0.01432680962691385,2
croatia,W,Certhia familiaris_Eurasian Treecreeper,0.669725954532623,0.669725954532623,0.669725954532623,0.669725954532623,NA,1
croatia,W,Cettia cetti_Cetti's Warbler,0.7538698770933682,0.731062024831772,0.636555075645447,0.942405879497528,0.08529962587750455,72
croatia,W,Charadrius dubius_Little Ringed Plover,0.8465548374436118,0.864668846130371,0.719231188297272,0.992505371570587,0.10457666806419215,11
croatia,W,Charadrius hiaticula_Common Ringed Plover,0.843317151069641,0.843317151069641,0.809134542942047,0.877499759197235,0.048341508011328214,2
croatia,W,Chlidonias hybrida_Whiskered Tern,0.9082626360793447,0.9471848607063296,0.707179725170135,0.999873638153076,0.09129920069924129,172
croatia,W,Chlidonias niger_Black Tern,0.872879207134247,0.872879207134247,0.782523214817047,0.963235199451447,0.1277826697766634,2
croatia,W,Chloris chloris_European Greenfinch,0.8644530394615709,0.8671982884407046,0.700071692466736,0.99984872341156,0.09085792254763876,3516
croatia,W,Chroicocephalus genei_Slender-billed Gull,0.8037208318710329,0.8037208318710329,0.73622077703476,0.871220886707306,0.09545949301038494,2
croatia,W,Ciconia ciconia_White Stork,0.7686207095781963,0.742008447647095,0.731506586074829,0.832347095012665,0.05543790602581962,3
croatia,W,Circus aeruginosus_Eurasian Marsh-Harrier,0.8849838836818722,0.904866904020309,0.701209545135498,0.999581515789032,0.08980584003206378,564
croatia,W,Circus pygargus_Montagu's Harrier,0.745741307735443,0.745741307735443,0.745741307735443,0.745741307735443,NA,1
croatia,W,Cisticola juncidis_Zitting Cisticola,0.9932501912117004,0.9932501912117004,0.992792129516602,0.993708252906799,6.477970616118917e-4,2
croatia,W,Clanga clanga_Greater Spotted Eagle,0.91664677858352706,0.91664677858352706,0.91664677858352706,0.91664677858352706,NA,1
croatia,W,Coccothraustes coccothraustes_Hawfinch,0.8742796182632447,0.8846980333328249,0.740808427333832,0.989499866962433,0.07116395539762482,20
croatia,W,Columba palumbus_Common Wood-Pigeon,0.8146618008613585,0.8146618008613585,0.775389313697815,0.853934288024902,0.05553968397480647,2
croatia,W,Corvus corax_Common Raven,0.6908743415445938,0.672086656093597,0.500080525875092,0.994782507419586,0.1340225330900669,597
croatia,W,Corvus cornix_Hooded Crow,0.831346555723192,0.830722391605377,0.700075268745422,0.992672383785248,0.07577764669400491,1107
croatia,W,Corvus corone_Carrion Crow,0.7657059005328587,0.7552492916584015,0.701357901096344,0.917194247245789,0.0483403924199232,112
croatia,W,Corvus frugilegus_Rook,0.8059398651123046,0.805237591266632,0.718357801437378,0.898254930973053,0.06727137254693952,5
croatia,W,Corvus monedula_Eurasian Jackdaw,0.514287531375885,0.514287531375885,0.514287531375885,0.514287531375885,NA,1
croatia,W,Coturnix coturnix_Common Quail,0.8943018204810327,0.922695875167847,0.700639486312866,0.999665498733521,0.08887950037322503,684
croatia,W,Crex crex_Corn Crake,0.81573752562205,0.849006772041321,0.710150301456451,0.888055503368378,0.09350239186678871,3
croatia,W,Cuculus canorus_Common Cuckoo,0.7172861266807216,0.7079125642776489,0.500014543533325,0.999733030796051,0.13798809362336373,6040
croatia,W,Curruca communis_Greater Whitethroat,0.8164370556672413,0.7842857539653776,0.745803475379944,0.934924602508545,0.07711527475226072,6
croatia,W,Curruca curruca_Lesser Whitethroat,0.8060344457626343,0.803923040628433,0.700914561748505,0.930314242839813,0.08124297750584526,30
croatia,W,Curruca nisoria_Barred Warbler,0.7389884988466897,0.740902781486511,0.710596978664398,0.76546573638916,0.027484422898862194,3
croatia,W,Cyanistes caeruleus_Eurasian Blue Tit,0.687419605255127,0.648604154586792,0.524280309677124,0.935979723930359,0.15609513273363868,5
croatia,W,Cygnus columbianus_Tundra Swan,0.7856131990750631,0.738819003105164,0.700208723545074,0.979722797870636,0.09677544291212781,15
croatia,W,Cygnus cygnus_Whooper Swan,0.7821767882064538,0.758410573005676,0.709478318691254,0.962253987789154,0.06629357083258247,27
croatia,W,Cygnus olor_Mute Swan,0.8653235503605434,0.864258229732513,0.702440083026886,0.999942183494568,0.089231311560852,175
croatia,W,Delichon urbicum_Common House-Martin,0.7448319013302143,0.719599425792694,0.641011953353882,0.957436442375183,0.1046270873288571,13
croatia,W,Dendrocopos major_Great Spotted Woodpecker,0.7111041832428712,0.6617646515369415,0.506358206272125,0.988537549972534,0.13877581277954965,104
croatia,W,Dryobates minor_Lesser Spotted Woodpecker,0.7692910487001591,0.754762768745422,0.703054904937744,0.879115879535675,0.055894635842705244,11
croatia,W,Dryocopus martius_Black Woodpecker,0.8959273229474606,0.91535621881485,0.713034927845001,0.994409620761871,0.08425583546353704,23
croatia,W,Egretta garzetta_Little Egret,0.8144004558389252,0.8062114119529724,0.700034976005554,0.986552774906158,0.07220791696245168,444
croatia,W,Emberiza calandra_Corn Bunting,0.8698317877746917,0.878136396408081,0.701213419437408,0.999137282371521,0.08742125899639512,296
croatia,W,Emberiza cia_Rock Bunting,0.890173941850662,0.890173941850662,0.850489795207977,0.929858088493347,0.05612185839328784,2
croatia,W,Emberiza citrinella_Yellowhammer,0.788682281970978,0.788682281970978,0.788682281970978,0.788682281970978,NA,1
croatia,W,Erithacus rubecula_European Robin,0.659788548946381,0.659788548946381,0.659788548946381,0.659788548946381,NA,1
croatia,W,Falco columbarius_Merlin,0.815374135971069,0.815374135971069,0.815374135971069,0.815374135971069,NA,1
croatia,W,Falco naumanni_Lesser Kestrel,0.870132684707642,0.870132684707642,0.870132684707642,0.870132684707642,NA,1
croatia,W,Falco peregrinus_Peregrine Falcon,0.8055674135684965,0.8055674135684965,0.803503036499023,0.80763179063797,0.0029194700495014324,2
croatia,W,Falco subbuteo_Eurasian Hobby,0.9147490262985227,0.941829979419708,0.789021015167236,0.986315131187439,0.08641741706445931,4
croatia,W,Falco tinnunculus_Eurasian Kestrel,0.9159424636099074,0.9531996846199036,0.704592764377594,0.998396337032318,0.08693927099727497,36
croatia,W,Ficedula hypoleuca_European Pied Flycatcher,0.7982633113861083,0.7853754460811615,0.72133457660675,0.90096777677536,0.07663338045525014,4
croatia,W,Fringilla coelebs_Common Chaffinch,0.8023174178600311,0.8567911088466644,0.501669883728027,0.991213142871857,0.15470161469089738,50
croatia,W,Fringilla montifringilla_Brambling,0.7694812119007111,0.7694812119007111,0.713987588882446,0.824974834918976,0.0784798342976502,2
croatia,W,Fulica atra_Eurasian Coot,0.8550984289471871,0.8573278188705445,0.700004458427429,0.9997279047966,0.08850303188697045,2654
croatia,W,Gallinago gallinago_Common Snipe,0.8168581587057144,0.834641516208649,0.595098316669464,0.995775043964386,0.11253899678867464,313
croatia,W,Gallinula chloropus_Eurasian Moorhen,0.8532089401770682,0.8559874296188354,0.701295256614685,0.9996178150177,0.09189387957965237,274
croatia,W,Garrulus glandarius_Eurasian Jay,0.7317873329988548,0.7300438582897191,0.531920671463013,0.974976241588593,0.12390505998254478,112
croatia,W,Gavia stellata_Red-throated Loon,0.7643468901515005,0.7600711584091185,0.706307113170624,0.823368489742279,0.0474802962123259,8
croatia,W,Grus grus_Common Crane,0.7232985496520995,0.7232985496520995,0.719618082046509,0.72697901725769,0.005204967203700899,2
croatia,W,Gyps fulvus_Eurasian Griffon,0.8202489390969275,0.801002591848373,0.732260704040527,0.928413212299347,0.0782174742265506,8
croatia,W,Haematopus ostralegus_Eurasian Oystercatcher,0.779906630516052,0.779906630516052,0.779906630516052,0.779906630516052,NA,1
croatia,W,Haliaeetus albicilla_White-tailed Eagle,0.8979533018328208,0.916650712490082,0.701992154121399,0.998570680618286,0.08190208564126134,181
croatia,W,Himantopus himantopus_Black-winged Stilt,0.820517718791962,0.820517718791962,0.820517718791962,0.820517718791962,NA,1
croatia,W,Hippolais icterina_Icterine Warbler,0.774425804615021,0.774425804615021,0.774425804615021,0.774425804615021,NA,1
croatia,W,Hippolais polyglotta_Melodious Warbler,0.843278497457504,0.843278497457504,0.769456088542938,0.91710090637207,0.10440065189403169,2
croatia,W,Hirundo rustica_Barn Swallow,0.8427383412426416,0.835035443305969,0.723020732402802,0.997321784496307,0.07403516752176702,789
croatia,W,Hydrobates pelagicus_European Storm-Petrel,0.8340905606746672,0.8183708786964414,0.729029059410095,0.970591425895691,0.11718910738570573,4
croatia,W,Hydroprogne caspia_Caspian Tern,0.7568721413612366,0.73415607213974,0.71373975276947,0.938030421733856,0.06631111667032151,10
croatia,W,Ixobrychus minutus_Little Bittern,0.8672996771168573,0.877639293670654,0.700100958347321,0.999951004981995,0.09084107429925323,1927
croatia,W,Jynx torquilla_Eurasian Wryneck,0.961592495441437,0.961592495441437,0.961592495441437,0.961592495441437,NA,1
croatia,W,Lanius collurio_Red-backed Shrike,0.8915119479216138,0.912101030349731,0.701888620853424,0.999932527542114,0.0899340537395159,1453
croatia,W,Lanius senator_Woodchat Shrike,0.7680548548698426,0.77442455291748,0.733854055404663,0.79307097196579,0.02301998382802461,5
croatia,W,Linaria cannabina_Eurasian Linnet,0.635763585567474,0.635763585567474,0.635763585567474,0.635763585567474,NA,1
croatia,W,Locustella luscinioides_Savi's Warbler,0.8705013970643776,0.885689437389374,0.701232671737671,0.999809086322784,0.09372184476073572,181
croatia,W,Locustella naevia_Common Grasshopper-Warbler,0.858770400285721,0.858770400285721,0.819373369216919,0.898167431354523,0.05571581565473405,2
croatia,W,Lullula arborea_Wood Lark,0.856610635916392,0.866119146347046,0.834949314594269,0.868763446807861,0.018805789329272026,3
croatia,W,Luscinia luscinia_Thrush Nightingale,0.8264580368995668,0.827491879463196,0.788377821445465,0.86247056722641,0.034103591476342246,4
croatia,W,Luscinia megarhynchos_Common Nightingale,0.8320691222729889,0.833977878093719,0.70265519618988,0.990591704845428,0.08924174147982056,23
croatia,W,Mareca penelope_Eurasian Wigeon,0.839315712451935,0.839315712451935,0.839315712451935,0.839315712451935,NA,1
croatia,W,Mareca strepera_Gadwall,0.8266563398970498,0.8105480074882505,0.703840315341949,0.992340445518494,0.1042391092735302,36
croatia,W,Mergellus albellus_Smew,0.744397759437561,0.744397759437561,0.744397759437561,0.744397759437561,NA,1
croatia,W,Mergus merganser_Common Merganser,0.7973304007734572,0.7859858870506284,0.718944549560547,0.927122175693512,0.06574364227667658,14
croatia,W,Merops apiaster_European Bee-eater,0.8125970191942168,0.84801384806633,0.500224709510803,0.999782383441925,0.14659448325128785,5694
croatia,W,Milvus migrans_Black Kite,0.9427513735634937,0.957478284835815,0.859640300273895,0.989683628082275,0.054062442789683675,7
croatia,W,Morus bassanus_Northern Gannet,0.8298630118370055,0.8298630118370055,0.794844925403595,0.864881098270416,0.04952305276248246,2
croatia,W,Motacilla alba_White Wagtail,0.8974521258795584,0.9270912408828735,0.688245236873627,0.99809855222702,0.08651808320418612,888
croatia,W,Motacilla cinerea_Gray Wagtail,0.8140600749424526,0.794238358736038,0.701103150844574,0.971403479576111,0.09128015976045357,14
croatia,W,Motacilla citreola_Citrine Wagtail,0.8255403354054405,0.8265291750431061,0.702670633792877,0.996542394161224,0.08519936954315235,42
croatia,W,Motacilla flava_Western Yellow Wagtail,0.8389235733537113,0.8337862491607665,0.700034141540527,0.996648728847504,0.08557534295211218,850
croatia,W,Muscicapa striata_Spotted Flycatcher,0.8269387343350579,0.816612303256989,0.735696494579315,0.941350102424622,0.06309161703459168,17
croatia,W,Myiopsitta monachus_Monk Parakeet,0.744353950023651,0.744353950023651,0.744353950023651,0.744353950023651,NA,1
croatia,W,Numenius arquata_Eurasian Curlew,0.815081073957331,0.813874363899231,0.712165832519531,0.972323596477509,0.08932516108939535,17
croatia,W,Numenius phaeopus_Whimbrel,0.778083622455597,0.763916939496994,0.724832534790039,0.85326361656189,0.05221194044658983,6
croatia,W,Nycticorax nycticorax_Black-crowned Night-Heron,0.9069325759085783,0.93595153093338,0.700144648551941,0.999881029129028,0.08421735475905928,18167
croatia,W,Oriolus oriolus_Eurasian Golden Oriole,0.8123256277758628,0.8103460371494295,0.700327455997467,0.996265351772308,0.07709484875250865,256
croatia,W,Otus scops_Eurasian Scops-Owl,0.8667687944003515,0.87088018655777,0.772270202636719,0.948759853839874,0.0637072599840122,7
croatia,W,Pandion haliaetus_Osprey,0.8164438605308535,0.8164438605308535,0.759129345417023,0.873758375644684,0.08105496459481677,2
croatia,W,Panurus biarmicus_Bearded Reedling,0.7934863686561585,0.7809910178184509,0.70048326253891,0.965125918388367,0.07506164838670991,10
croatia,W,Parus major_Great Tit,0.6623318081206464,0.613601505756378,0.501760005950928,0.952461898326874,0.13592531889082024,47
croatia,W,Passer domesticus_House Sparrow,0.7821581452562097,0.7687638401985165,0.703016340732574,0.962560951709747,0.06448633829771322,114
croatia,W,Passer hispaniolensis_Spanish Sparrow,0.7856978283208959,0.758329510688782,0.708980143070221,0.956038415431976,0.07404123104215334,17
croatia,W,Passer montanus_Eurasian Tree Sparrow,0.8433040873344572,0.8417033553123475,0.700024724006653,0.9995356798172,0.08477550558823994,10248
croatia,W,Pastor roseus_Rosy Starling,0.8154612094163894,0.790583252906799,0.701083540916443,0.964203298091888,0.08093966365672157,20
croatia,W,Phalacrocorax carbo_Great Cormorant,0.8406087495386599,0.8067153692245486,0.704630732536316,0.982819139957428,0.10148840261104455,16
croatia,W,Phasianus colchicus_Ring-necked Pheasant,0.7950828076688006,0.810047060251236,0.520813226699829,0.999754369258881,0.13997791390022118,466
croatia,W,Phoenicopterus roseus_Greater Flamingo,0.7850521802902222,0.790456712245941,0.705575704574585,0.923127174377441,0.062036584258234766,21
croatia,W,Phylloscopus bonelli_Western Bonelli's Warbler,0.889905075232188,0.925366878509521,0.793834507465363,0.95051383972168,0.08414426841937332,3
croatia,W,Phylloscopus collybita_Common Chiffchaff,0.5540381073951722,0.5473463833332065,0.512492775917053,0.608966886997223,0.040942194404999493,4
croatia,W,Phylloscopus sibilatrix_Wood Warbler,0.9218543767929078,0.954552590847015,0.734481811523438,0.997097730636597,0.10661207461578416,5
croatia,W,Pica pica_Eurasian Magpie,0.7918212744081097,0.774904906749725,0.642493069171906,0.99596893787384,0.10936325504002908,157
croatia,W,Picus canus_Gray-headed Woodpecker,0.8280939970697676,0.758104085922241,0.718895673751831,0.963726043701172,0.10784593469838136,7
croatia,W,Picus viridis_Eurasian Green Woodpecker,0.899739503860474,0.899739503860474,0.899739503860474,0.899739503860474,NA,1
croatia,W,Platalea leucorodia_Eurasian Spoonbill,0.8889089579412923,0.9102778136730195,0.700073838233948,0.999783575534821,0.08897895404290218,1352
croatia,W,Plegadis falcinellus_Glossy Ibis,0.8169200658798217,0.8307995498180385,0.709277749061584,0.939654350280762,0.08188166389193278,10
croatia,W,Pluvialis apricaria_European Golden-Plover,0.833730340003967,0.833730340003967,0.833730340003967,0.833730340003967,NA,1
croatia,W,Pluvialis squatarola_Black-bellied Plover,0.8111600975195566,0.821050703525543,0.729111075401306,0.877088189125061,0.058810677566966424,6
croatia,W,Podiceps cristatus_Great Crested Grebe,0.8796577918405978,0.9065825343132015,0.701255321502686,0.998984158039093,0.09227708287773376,386
croatia,W,Podiceps grisegena_Red-necked Grebe,0.7878907084465028,0.7750491797924045,0.711588680744171,0.8847696185112,0.06122257482794344,10
croatia,W,Poecile palustris_Marsh Tit,0.8662780821323395,0.8662780821323395,0.854242384433746,0.878313779830933,0.017021046917973535,2
croatia,W,Porzana porzana_Spotted Crake,0.7781273007392883,0.772621154785156,0.716678202152252,0.903875172138214,0.05048684887733398,15
croatia,W,Prunella modularis_Dunnock,0.585027098655701,0.585027098655701,0.585027098655701,0.585027098655701,NA,1
croatia,W,Ptyonoprogne rupestris_Eurasian Crag-Martin,0.748914539813995,0.748914539813995,0.748914539813995,0.748914539813995,NA,1
croatia,W,Pyrrhula pyrrhula_Eurasian Bullfinch,0.839802771806717,0.8198626041412356,0.785870909690857,0.93361496925354,0.06929712364663046,4
croatia,W,Rallus aquaticus_Water Rail,0.8681816901768091,0.8803853988647461,0.700468599796295,0.999814450740814,0.0905717188868138,826
croatia,W,Recurvirostra avosetta_Pied Avocet,0.8312725424766545,0.8312725424766545,0.802475214004517,0.860069870948792,0.040725572485409665,2
croatia,W,Remiz pendulinus_Eurasian Penduline-Tit,0.836990570028623,0.8148098587989809,0.706606686115265,0.994223415851593,0.10204418405798697,12
croatia,W,Riparia riparia_Bank Swallow,0.8310274571180344,0.813790500164032,0.701032876968384,0.985734879970551,0.0836337619913841,100
croatia,W,Saxicola rubetra_Whinchat,0.8053478797276813,0.736272931098938,0.724765598773956,0.95500510931015,0.12973461160782887,3
croatia,W,Scolopax rusticola_Eurasian Woodcock,0.7994836270809176,0.766094893217087,0.713580131530762,0.952164590358734,0.11253912187223922,4
croatia,W,Sitta europaea_Eurasian Nuthatch,0.6446859985589982,0.5699364840984344,0.504499614238739,0.934371411800385,0.19753729614543303,4
croatia,W,Spatula clypeata_Northern Shoveler,0.7926114559173584,0.7835069894790645,0.706634640693665,0.948125660419464,0.06492240465484585,10
croatia,W,Spatula querquedula_Garganey,0.8894576932254591,0.900226175785065,0.737290620803833,0.996167361736298,0.07618441743507469,19
croatia,W,Spinus spinus_Eurasian Siskin,0.917559325695038,0.917559325695038,0.917559325695038,0.917559325695038,NA,1
croatia,W,Sterna hirundo_Common Tern,0.8489825394418504,0.828638851642609,0.770570933818817,0.976516962051392,0.07680975825524271,9
croatia,W,Sternula albifrons_Little Tern,0.732538819313049,0.732538819313049,0.721045136451721,0.744032502174377,0.01625452218410528,2
croatia,W,Streptopelia decaocto_Eurasian Collared-Dove,0.7810343827520099,0.779865145683289,0.705799341201782,0.904043793678284,0.05839870934566109,35
croatia,W,Streptopelia turtur_European Turtle-Dove,0.8455341761535884,0.843675255775452,0.700244247913361,0.992731630802155,0.08262672455605999,287
croatia,W,Strix aluco_Tawny Owl,0.8121869421716946,0.796551167964935,0.703812777996063,0.990024089813232,0.08170872871319089,67
croatia,W,Sturnus vulgaris_European Starling,0.8321592188973463,0.8302917182445525,0.701273620128632,0.997270286083221,0.08138403133679782,262
croatia,W,Sylvia atricapilla_Eurasian Blackcap,0.8013015182289074,0.795994520187378,0.608020961284637,0.999717056751251,0.1183350839961747,2791
croatia,W,Sylvia borin_Garden Warbler,0.7889408469200134,0.7889408469200134,0.702684938907623,0.875196754932404,0.1219842749459288,2
croatia,W,Tachybaptus ruficollis_Little Grebe,0.8741982874287112,0.8865785896778104,0.700002253055573,0.999971151351929,0.08916997826639132,6026
croatia,W,Tadorna tadorna_Common Shelduck,0.846242050329844,0.868543088436127,0.757938981056213,0.912244081497192,0.0795331266265106,3
croatia,W,Thalasseus sandvicensis_Sandwich Tern,0.753611743450165,0.753611743450165,0.753611743450165,0.753611743450165,NA,1
croatia,W,Tringa erythropus_Spotted Redshank,0.9434651371204491,0.973859786987305,0.726871967315674,0.999567806720734,0.07627456403533615,33
croatia,W,Tringa glareola_Wood Sandpiper,0.8807164727995038,0.8983314037323,0.700003087520599,0.998823702335358,0.08571726592400344,1383
croatia,W,Tringa nebularia_Common Greenshank,0.9544001212043146,0.957546204328537,0.90268337726593,0.999122440814972,0.02840595928558125,62
croatia,W,Tringa ochropus_Green Sandpiper,0.9306619341441807,0.963847458362579,0.701816618442535,0.999981641769409,0.077750864847899,558
croatia,W,Tringa totanus_Common Redshank,0.7067921161651609,0.7067921161651609,0.705791711807251,0.707792520523071,0.0014147854108134553,2
croatia,W,Turdus iliacus_Redwing,0.8106953650712966,0.7907361090183256,0.715392231941223,0.945767521858215,0.07972388912073312,12
croatia,W,Turdus merula_Eurasian Blackbird,0.7546332228930496,0.760649770498276,0.500066936016083,0.99870765209198,0.14717734047216727,4406
croatia,W,Turdus pilaris_Fieldfare,0.8167746663093566,0.790274858474731,0.709027349948883,0.954479813575745,0.1148316479499968,5
croatia,W,Turdus viscivorus_Mistle Thrush,0.803866386413574,0.803866386413574,0.803866386413574,0.803866386413574,NA,1
croatia,W,Tyto alba_Barn Owl,0.8771959015301295,0.887540638446808,0.712979078292847,0.996935844421387,0.09480470807188342,35
croatia,W,Vanellus vanellus_Northern Lapwing,0.7976155281066895,0.787784308195114,0.70442271232605,0.941743552684784,0.06748232852088884,8
croatia,W,Zapornia parva_Little Crake,0.9100249896202456,0.954983770847321,0.700077593326569,0.999997496604919,0.09738735300020021,3211
croatia,W,Zapornia pusilla_Baillon's Crake,0.8117265893947795,0.8005446791648865,0.700030922889709,0.999214768409729,0.07598982278854556,14996
czech_republic,F,Acanthis flammea_Common Redpoll,0.933199942111969,0.933199942111969,0.933199942111969,0.933199942111969,NA,1
czech_republic,F,Accipiter gentilis_Northern Goshawk,0.828933596611023,0.816618859767914,0.708223283290863,0.963740468025208,0.08684288216090481,17
czech_republic,F,Actitis hypoleucos_Common Sandpiper,0.8204550998551505,0.766604840755463,0.733307123184204,0.982519268989563,0.09314599397460177,7
czech_republic,F,Aegithalos caudatus_Long-tailed Tit,0.9275918845153107,0.94399094581604,0.789283096790314,0.999988913536072,0.06351446878958156,1132
czech_republic,F,Aegolius funereus_Boreal Owl,0.8122859597206117,0.75514155626297,0.745104432106018,0.936611890792847,0.10778631090295827,3
czech_republic,F,Alauda arvensis_Eurasian Skylark,0.6228276636149431,0.598426520824432,0.504919767379761,0.913828134536743,0.09108170718101517,37
czech_republic,F,Alopochen aegyptiaca_Egyptian Goose,0.7350059390068054,0.731849849224091,0.710383653640747,0.785435855388641,0.029925326978533676,5
czech_republic,F,Anas crecca_Green-winged Teal,0.8140595157941183,0.8140426278114314,0.709388852119446,0.948348820209503,0.057675125625235295,18
czech_republic,F,Anas platyrhynchos_Mallard,0.7974627912044525,0.7974627912044525,0.713675975799561,0.881249606609344,0.11849245069364855,2
czech_republic,F,Anser albifrons_Greater White-fronted Goose,0.9126854340235393,0.907488167285919,0.863058090209961,0.967510044574738,0.05241957057065465,3
czech_republic,F,Anser anser_Graylag Goose,0.869980871677399,0.869980871677399,0.869980871677399,0.869980871677399,NA,1
czech_republic,F,Anthus trivialis_Tree Pipit,0.8569664245154055,0.857068419456482,0.700027644634247,0.999295353889465,0.09028934363676683,769
czech_republic,F,Apus apus_Common Swift,0.9240250777114521,0.9224166870117185,0.858478248119354,0.997235476970673,0.045589348927401685,22
czech_republic,F,Apus melba_Alpine Swift,0.7033731341362,0.7033731341362,0.7033731341362,0.7033731341362,NA,1
czech_republic,F,Ardea cinerea_Gray Heron,0.8598976346162649,0.852257966995239,0.701382100582123,0.998959541320801,0.0940315754125353,65
czech_republic,F,Asio flammeus_Short-eared Owl,0.74937242269516,0.74937242269516,0.74937242269516,0.74937242269516,NA,1
czech_republic,F,Asio otus_Long-eared Owl,0.7731250599026679,0.760865360498428,0.704466223716736,0.836846530437469,0.04841156413014884,8
czech_republic,F,Athene noctua_Little Owl,0.7743932422326536,0.76087874174118,0.702531278133392,0.912206172943115,0.06415244262497193,49
czech_republic,F,Botaurus stellaris_Great Bittern,0.8213932386466435,0.8021949827671055,0.706791579723358,0.9713294506073,0.07515539052341824,42
czech_republic,F,Branta bernicla_Brant,0.725950062274933,0.725950062274933,0.725950062274933,0.725950062274933,NA,1
czech_republic,F,Branta canadensis_Canada Goose,0.711921155452728,0.711921155452728,0.711921155452728,0.711921155452728,NA,1
czech_republic,F,Branta leucopsis_Barnacle Goose,0.7771756450335183,0.727323830127716,0.719063103199005,0.885140001773834,0.09359106072222012,3
czech_republic,F,Bubo bubo_Eurasian Eagle-Owl,0.7709899875852796,0.75714910030365,0.700699746608734,0.915974676609039,0.06792871220376616,18
czech_republic,F,Burhinus oedicnemus_Eurasian Thick-knee,0.8387111544609069,0.8275916874408725,0.734486758708954,0.963035225868225,0.07956760699993684,10
czech_republic,F,Buteo buteo_Common Buzzard,0.8683080679470009,0.880376875400543,0.700374901294708,0.997490763664246,0.08167103696793655,572
czech_republic,F,Caprimulgus europaeus_Eurasian Nightjar,0.8949459155400595,0.937231600284576,0.713564455509186,0.993196249008179,0.08739868022798257,15
czech_republic,F,Carduelis carduelis_European Goldfinch,0.868566369752161,0.871993660926819,0.710396111011505,0.999499797821045,0.08834533631854612,277
czech_republic,F,Certhia brachydactyla_Short-toed Treecreeper,0.8374452170203712,0.835765779018402,0.702987849712372,0.988972246646881,0.10141984421133261,17
czech_republic,F,Certhia familiaris_Eurasian Treecreeper,0.7552690082001235,0.7697173953056335,0.500158607959747,0.997937560081482,0.152397115180348,530
czech_republic,F,Cettia cetti_Cetti's Warbler,0.8133334006581987,0.819248497486115,0.650797188282013,0.944935023784637,0.10687333104446764,7
czech_republic,F,Charadrius dubius_Little Ringed Plover,0.8334130644798279,0.8084196150302885,0.700452983379364,0.948826372623444,0.0865913196312536,12
czech_republic,F,Charadrius hiaticula_Common Ringed Plover,0.782491385936737,0.782491385936737,0.782491385936737,0.782491385936737,NA,1
czech_republic,F,Chloris chloris_European Greenfinch,0.8184065925486294,0.8172783255577085,0.700032830238342,0.991244733333588,0.07930800097890882,162
czech_republic,F,Chroicocephalus ridibundus_Black-headed Gull,0.705306172370911,0.705306172370911,0.705306172370911,0.705306172370911,NA,1
czech_republic,F,Circus cyaneus_Hen Harrier,0.817432045936584,0.817432045936584,0.817432045936584,0.817432045936584,NA,1
czech_republic,F,Coccothraustes coccothraustes_Hawfinch,0.8917224551231245,0.912487387657166,0.700104415416718,0.999995470046997,0.0895086566632438,5839
czech_republic,F,Columba oenas_Stock Dove,0.7772359848022462,0.757326573133469,0.712342739105225,0.967969119548798,0.06963909066385872,22
czech_republic,F,Columba palumbus_Common Wood-Pigeon,0.8704494637321438,0.8800578117370605,0.701276183128357,0.999238848686218,0.0877192663956466,1352
czech_republic,F,Corvus corax_Common Raven,0.7525801971282869,0.760534286499023,0.500011622905731,0.999045431613922,0.1415195900761091,8495
czech_republic,F,Corvus monedula_Eurasian Jackdaw,0.604802072048187,0.604802072048187,0.604802072048187,0.604802072048187,NA,1
czech_republic,F,Coturnix coturnix_Common Quail,0.9321093087900107,0.97036224603653,0.700639843940735,0.999994993209839,0.08120022332736089,1721
czech_republic,F,Cuculus canorus_Common Cuckoo,0.7470040610903367,0.7445749044418335,0.500005900859833,0.999977827072144,0.14509775117154483,14004
czech_republic,F,Curruca communis_Greater Whitethroat,0.8683280127829519,0.8689771592617035,0.727679371833801,0.995339393615723,0.07985747366443992,348
czech_republic,F,Curruca curruca_Lesser Whitethroat,0.8656042230540308,0.869267225265503,0.701088428497314,0.996580541133881,0.08589177156552405,145
czech_republic,F,Cyanistes caeruleus_Eurasian Blue Tit,0.706783954425366,0.68877899646759,0.500318169593811,0.99720311164856,0.13854158796060936,2037
czech_republic,F,Cygnus cygnus_Whooper Swan,0.840030837059021,0.856820821762085,0.726374626159668,0.932022213935852,0.07614119632411064,5
czech_republic,F,Cygnus olor_Mute Swan,0.814995974302292,0.77855396270752,0.729390501976013,0.973485469818115,0.10823722300150468,4
czech_republic,F,Delichon urbicum_Common House-Martin,0.840467993170023,0.8581672310829165,0.641998529434204,0.992179751396179,0.1126105064656302,48
czech_republic,F,Dendrocopos leucotos_White-backed Woodpecker,0.802133083343506,0.802133083343506,0.799580216407776,0.804685950279236,0.0036102990434431826,2
czech_republic,F,Dendrocopos major_Great Spotted Woodpecker,0.7513502155160687,0.752664655447006,0.500235378742218,0.998481810092926,0.14232809342153996,2636
czech_republic,F,Dendrocoptes medius_Middle Spotted Woodpecker,0.902024447469783,0.919875741004944,0.701209604740143,0.999182283878326,0.08420084055287624,133
czech_republic,F,Dryobates minor_Lesser Spotted Woodpecker,0.8459826329175164,0.849866032600403,0.702614665031433,0.997356176376343,0.0881108554388565,85
czech_republic,F,Dryocopus martius_Black Woodpecker,0.9100850605706212,0.9403926432132725,0.703144013881683,0.999978542327881,0.08345839593665304,738
czech_republic,F,Emberiza calandra_Corn Bunting,0.8328165357763117,0.832172214984894,0.720021545886993,0.978404104709625,0.08942327884500674,22
czech_republic,F,Emberiza cia_Rock Bunting,0.8265403707822163,0.831851840019226,0.770611584186554,0.877157688140869,0.053471271221588734,3
czech_republic,F,Emberiza cirlus_Cirl Bunting,0.7939809220177787,0.805563747882843,0.728786826133728,0.85503351688385,0.03974169397349479,14
czech_republic,F,Emberiza citrinella_Yellowhammer,0.8449417613675474,0.848552882671356,0.700074553489685,0.999024629592896,0.08420878257153613,2117
czech_republic,F,Emberiza hortulana_Ortolan Bunting,0.7900135842236605,0.75797563791275,0.730779230594635,0.909551918506622,0.0646030270302756,11
czech_republic,F,Erithacus rubecula_European Robin,0.8258048986068647,0.8328204452991484,0.633371114730835,0.999245524406433,0.10727973687680958,2890
czech_republic,F,Falco subbuteo_Eurasian Hobby,0.8411906957626343,0.853895425796509,0.764191925525665,0.905484735965729,0.0714980572773708,3
czech_republic,F,Falco tinnunculus_Eurasian Kestrel,0.947125673294067,0.947125673294067,0.947125673294067,0.947125673294067,NA,1
czech_republic,F,Ficedula albicollis_Collared Flycatcher,0.8198290112856272,0.79930579662323,0.700001418590546,0.993051528930664,0.09409091216884113,37
czech_republic,F,Ficedula hypoleuca_European Pied Flycatcher,0.9110198847869582,0.943865776062012,0.70051783323288,0.999948143959045,0.08686362228775694,839
czech_republic,F,Ficedula parva_Red-breasted Flycatcher,0.8025780409231953,0.789967179298401,0.701913416385651,0.971920192241669,0.07435317016864328,87
czech_republic,F,Fringilla coelebs_Common Chaffinch,0.7714964774540644,0.782257735729218,0.500012814998627,0.999799787998199,0.15667221021313021,7233
czech_republic,F,Fringilla montifringilla_Brambling,0.940543949604034,0.940543949604034,0.940543949604034,0.940543949604034,NA,1
czech_republic,F,Fulica atra_Eurasian Coot,0.9041614144347435,0.936585128307343,0.704414904117584,0.998903870582581,0.08370471368919119,43
czech_republic,F,Gallinago gallinago_Common Snipe,0.702791094779968,0.702791094779968,0.616693615913391,0.788888573646545,0.1217602222992441,2
czech_republic,F,Gallinula chloropus_Eurasian Moorhen,0.8799939370817609,0.9112217724323275,0.701243579387665,0.999681949615479,0.10735877630871718,72
czech_republic,F,Garrulus glandarius_Eurasian Jay,0.783342881955409,0.8010631799697876,0.530152261257172,0.995827972888947,0.13672770602358283,662
czech_republic,F,Glaucidium passerinum_Eurasian Pygmy-Owl,0.832675500349565,0.800670444965363,0.729641437530518,0.948822200298309,0.08524477375188266,11
czech_republic,F,Grus grus_Common Crane,0.8969829827547073,0.9008809030056,0.708351314067841,0.963264942169189,0.06348178451601694,16
czech_republic,F,Haliaeetus albicilla_White-tailed Eagle,0.749042451381683,0.749042451381683,0.749042451381683,0.749042451381683,NA,1
czech_republic,F,Hippolais icterina_Icterine Warbler,0.7989150541169304,0.783855736255646,0.720752000808716,0.901104986667633,0.06376125897936574,7
czech_republic,F,Hirundo rustica_Barn Swallow,0.8108444626514727,0.7967381477355955,0.724790215492249,0.989657938480377,0.06892447667330925,26
czech_republic,F,Ixobrychus minutus_Little Bittern,0.812008067317631,0.785483121871948,0.705687522888184,0.998403608798981,0.09318813460151448,23
czech_republic,F,Jynx torquilla_Eurasian Wryneck,0.8947062286884273,0.919191926717758,0.700239777565002,0.998994767665863,0.08502498163879005,2190
czech_republic,F,Lanius collurio_Red-backed Shrike,0.8488578961955177,0.851852476596832,0.704040110111237,0.99224853515625,0.0797515734868032,90
czech_republic,F,Linaria cannabina_Eurasian Linnet,0.589809755484263,0.576160728931427,0.54165118932724,0.651617348194122,0.05623931870465803,3
czech_republic,F,Locustella fluviatilis_River Warbler,0.8056126356124877,0.809873938560486,0.725638628005981,0.926081240177155,0.05386453846999352,15
czech_republic,F,Locustella luscinioides_Savi's Warbler,0.8293808327001684,0.835476458072662,0.702364087104797,0.979786098003387,0.07403504263299461,85
czech_republic,F,Lophophanes cristatus_Crested Tit,0.7887471751733259,0.758378148078918,0.71628212928772,0.918336510658264,0.07433574388868114,11
czech_republic,F,Loxia curvirostra_Red Crossbill,0.784114162127177,0.802953660488129,0.708653628826141,0.840735197067261,0.06802631984112943,3
czech_republic,F,Luscinia luscinia_Thrush Nightingale,0.8303990264733634,0.790306806564331,0.715650379657745,0.995205938816071,0.12103154439063367,6
czech_republic,F,Luscinia megarhynchos_Common Nightingale,0.8379029813501023,0.834678709506989,0.701392352581024,0.998213529586792,0.08484729052247525,485
czech_republic,F,Mareca penelope_Eurasian Wigeon,0.7817770615220072,0.755365371704102,0.703734934329987,0.889815390110016,0.07470434352675517,8
czech_republic,F,Mareca strepera_Gadwall,0.8343607981999717,0.881848096847534,0.721776127815247,0.899458169937134,0.09789795540655118,3
czech_republic,F,Melanitta nigra_Common Scoter,0.7636788686116535,0.7318732440471649,0.708452343940735,0.937495648860931,0.08647295154534636,6
czech_republic,F,Mergus merganser_Common Merganser,0.754457473754883,0.754457473754883,0.754457473754883,0.754457473754883,NA,1
czech_republic,F,Merops apiaster_European Bee-eater,0.807059013267976,0.840895414352417,0.50038880109787,0.999530076980591,0.15011228329567894,1222
czech_republic,F,Milvus milvus_Red Kite,0.965596516927083,0.964167475700378,0.956131339073181,0.97649073600769,0.01025465162767317,3
czech_republic,F,Motacilla alba_White Wagtail,0.699010014533997,0.699010014533997,0.699010014533997,0.699010014533997,NA,1
czech_republic,F,Motacilla cinerea_Gray Wagtail,0.816967558529642,0.8050498366355895,0.709877967834473,0.950648605823517,0.07747258858151566,36
czech_republic,F,Muscicapa striata_Spotted Flycatcher,0.8761465294965267,0.8899187445640565,0.700246453285217,0.999539136886597,0.09098617433215,2794
czech_republic,F,Nucifraga caryocatactes_Eurasian Nutcracker,0.787776410579681,0.787776410579681,0.787776410579681,0.787776410579681,NA,1
czech_republic,F,Numenius arquata_Eurasian Curlew,0.8201403485404122,0.817627668380737,0.742194175720215,0.905334532260895,0.05345552180943279,9
czech_republic,F,Numenius phaeopus_Whimbrel,0.802865157001897,0.789930522441864,0.702913403511047,0.914682269096375,0.06832131201222826,19
czech_republic,F,Nycticorax nycticorax_Black-crowned Night-Heron,0.8395023415131229,0.8357286155223844,0.701682209968567,0.993166506290436,0.0810382545897453,112
czech_republic,F,Oriolus oriolus_Eurasian Golden Oriole,0.8598654119660726,0.867652833461761,0.700120270252228,0.998184263706207,0.08344482925975544,4471
czech_republic,F,Parus major_Great Tit,0.7158547048105134,0.6971331834793095,0.50001060962677,0.99906975030899,0.14620741858725755,3600
czech_republic,F,Passer montanus_Eurasian Tree Sparrow,0.795335233211517,0.795335233211517,0.795335233211517,0.795335233211517,NA,1
czech_republic,F,Periparus ater_Coal Tit,0.8381979316473007,0.8313557505607605,0.807400465011597,0.882679760456085,0.03182318885338947,4
czech_republic,F,Pernis apivorus_European Honey-buzzard,0.9406102329492569,0.942045122385025,0.901876032352448,0.988578081130981,0.026226300349491753,20
czech_republic,F,Phalacrocorax carbo_Great Cormorant,0.882613003253937,0.882613003253937,0.882613003253937,0.882613003253937,NA,1
czech_republic,F,Phasianus colchicus_Ring-necked Pheasant,0.7716645412147045,0.7803318202495575,0.518422365188599,0.996064841747284,0.15187641574509905,32
czech_republic,F,Phoenicurus ochruros_Black Redstart,0.8284605145454403,0.805399715900421,0.773280560970306,0.906701266765594,0.06963563390490388,3
czech_republic,F,Phoenicurus phoenicurus_Common Redstart,0.7890512264601075,0.778244912624359,0.700039446353912,0.98215264081955,0.0660317508893768,303
czech_republic,F,Phylloscopus collybita_Common Chiffchaff,0.7759065960977143,0.789009988307953,0.500070214271545,0.999779284000397,0.15473480895450176,33105
czech_republic,F,Phylloscopus sibilatrix_Wood Warbler,0.8313026750409926,0.818446159362793,0.700823247432709,0.995518326759338,0.10012894774914394,37
czech_republic,F,Phylloscopus trochilus_Willow Warbler,0.8286798745393755,0.844183385372162,0.740340113639832,0.886012613773346,0.06211931904657399,4
czech_republic,F,Pica pica_Eurasian Magpie,0.826159805059433,0.826159805059433,0.764297664165497,0.888021945953369,0.08748627864963954,2
czech_republic,F,Picus canus_Gray-headed Woodpecker,0.827781093120575,0.8302899301052096,0.701024353504181,0.986918389797211,0.07795572573735327,60
czech_republic,F,Picus viridis_Eurasian Green Woodpecker,0.8879178345318467,0.9042420685291295,0.700009942054749,0.999767959117889,0.09053011122630814,1036
czech_republic,F,Pluvialis apricaria_European Golden-Plover,0.7983072996139523,0.778586149215698,0.767657339572906,0.848678410053253,0.04396357919025998,3
czech_republic,F,Pluvialis squatarola_Black-bellied Plover,0.771493971347809,0.771493971347809,0.771493971347809,0.771493971347809,NA,1
czech_republic,F,Poecile montanus_Willow Tit,0.860170465707779,0.8752031922340391,0.705287516117096,0.992562115192413,0.09139078478501009,80
czech_republic,F,Poecile palustris_Marsh Tit,0.9271225344285876,0.930970132350922,0.846284925937653,0.999020338058472,0.04313698784425341,323
czech_republic,F,Prunella modularis_Dunnock,0.6823249599512885,0.64297890663147,0.511352121829987,0.898293435573578,0.1300120185451841,17
czech_republic,F,Pyrrhula pyrrhula_Eurasian Bullfinch,0.8425665497779847,0.851984024047852,0.735853135585785,0.918315589427948,0.06030980191962596,13
czech_republic,F,Rallus aquaticus_Water Rail,0.8150394558906555,0.798685073852539,0.715353310108185,0.956661522388458,0.08346914156336399,7
czech_republic,F,Recurvirostra avosetta_Pied Avocet,0.725991070270538,0.725991070270538,0.725991070270538,0.725991070270538,NA,1
czech_republic,F,Regulus ignicapilla_Common Firecrest,0.7984654068946838,0.809066653251648,0.702876329421997,0.94788920879364,0.07267015535626725,25
czech_republic,F,Regulus regulus_Goldcrest,0.7413105898433261,0.7284796833992,0.66472452878952,0.839680850505829,0.06537956421904849,9
czech_republic,F,Scolopax rusticola_Eurasian Woodcock,0.875741876937725,0.879908800125122,0.703255832195282,0.999999046325684,0.10728647231507106,189
czech_republic,F,Sitta europaea_Eurasian Nuthatch,0.8117553812256857,0.843648433685303,0.500493049621582,0.999783098697662,0.14267279091038546,2792
czech_republic,F,Spinus spinus_Eurasian Siskin,0.912063807249069,0.912063807249069,0.900270402431488,0.92385721206665,0.016678393039579183,2
czech_republic,F,Streptopelia decaocto_Eurasian Collared-Dove,0.7838224530220032,0.7805262804031374,0.705168843269348,0.890582323074341,0.05375600530078195,20
czech_republic,F,Streptopelia turtur_European Turtle-Dove,0.9245793429333756,0.955064564943314,0.700381278991699,0.999648094177246,0.0759271581257415,2842
czech_republic,F,Strix aluco_Tawny Owl,0.8463951003301393,0.84704852104187,0.700044572353363,0.9996138215065,0.08790882508375676,1859
czech_republic,F,Strix uralensis_Ural Owl,0.8022866719647457,0.788030922412872,0.700852632522583,0.926754474639893,0.05921619320349819,38
czech_republic,F,Sturnus vulgaris_European Starling,0.8736671793340433,0.885844111442566,0.703685343265533,0.99767655134201,0.08542616990271697,99
czech_republic,F,Sylvia atricapilla_Eurasian Blackcap,0.8250589343454092,0.836084693670273,0.608008682727814,0.9992715716362,0.116780864958156,9310
czech_republic,F,Sylvia borin_Garden Warbler,0.8045449155132944,0.797806352376938,0.700674474239349,0.994013726711273,0.0705870320737422,164
czech_republic,F,Tachybaptus ruficollis_Little Grebe,0.8797887086868288,0.881999969482422,0.801687002182007,0.929703950881958,0.048678054587983306,5
czech_republic,F,Tetrao urogallus_Western Capercaillie,0.8452491561571757,0.809071362018585,0.757740020751953,0.968936085700989,0.11014794166955659,3
czech_republic,F,Tetrastes bonasia_Hazel Grouse,0.781065955758095,0.7504996955394745,0.720708549022675,0.902555882930756,0.08323732934935887,4
czech_republic,F,Tringa erythropus_Spotted Redshank,0.745008826255798,0.734146177768707,0.712428748607635,0.788451552391052,0.039158198667565834,3
czech_republic,F,Tringa glareola_Wood Sandpiper,0.762633442878723,0.762633442878723,0.762633442878723,0.762633442878723,NA,1
czech_republic,F,Tringa nebularia_Common Greenshank,0.9307070672512053,0.931239068508148,0.902793169021606,0.958440124988556,0.02011672488227953,6
czech_republic,F,Tringa ochropus_Green Sandpiper,0.7952045202255247,0.7949529588222499,0.721644937992096,0.899615406990051,0.0703850786442882,6
czech_republic,F,Troglodytes troglodytes_Eurasian Wren,0.6841024710581852,0.677248001098633,0.508072257041931,0.90716028213501,0.14483255397740244,13
czech_republic,F,Turdus iliacus_Redwing,0.8047747520300058,0.7779575288295746,0.707275211811066,0.949658930301666,0.07429826407324769,52
czech_republic,F,Turdus merula_Eurasian Blackbird,0.7716631936671722,0.7835978269577025,0.500008404254913,0.999911069869995,0.15455056254766092,20402
czech_republic,F,Turdus philomelos_Song Thrush,0.941645763799275,0.939919233322144,0.900417506694794,0.9969602227211,0.026416541896017418,491
czech_republic,F,Turdus pilaris_Fieldfare,0.745749652385712,0.745749652385712,0.745749652385712,0.745749652385712,NA,1
czech_republic,F,Turdus torquatus_Ring Ouzel,0.873428583145142,0.873428583145142,0.873428583145142,0.873428583145142,NA,1
czech_republic,F,Turdus viscivorus_Mistle Thrush,0.8800054378807546,0.8894971609115601,0.759253263473511,0.99347597360611,0.07217804741263353,48
czech_republic,F,Tyto alba_Barn Owl,0.8062448075839451,0.8054116070270535,0.707303822040558,0.933492600917816,0.07096250096338627,14
czech_republic,F,Upupa epops_Eurasian Hoopoe,0.8624884153521338,0.872138440608978,0.703157007694244,0.994087338447571,0.08438396883592043,43
czech_republic,F,Vanellus vanellus_Northern Lapwing,0.7819113667522158,0.7547920644283295,0.704039990901947,0.908919274806976,0.06808498844397606,28
czech_republic,G,Acanthis cabaret_Lesser Redpoll,0.7797021865844727,0.80383163690567,0.717979073524475,0.817295849323273,0.05387604540395971,3
czech_republic,G,Acanthis flammea_Common Redpoll,0.8036776747968462,0.7761365175247195,0.713419914245605,0.944883763790131,0.07840894652337438,18
czech_republic,G,Accipiter nisus_Eurasian Sparrowhawk,0.8052767912546793,0.817162692546844,0.704767167568207,0.893900513648987,0.09512524185027516,3
czech_republic,G,Acrocephalus schoenobaenus_Sedge Warbler,0.8559892177581786,0.864183187484741,0.742085933685303,0.961698532104492,0.11003535432313044,3
czech_republic,G,Actitis hypoleucos_Common Sandpiper,0.8163874528624795,0.800402283668518,0.743904531002045,0.907846331596375,0.05771658383938753,11
czech_republic,G,Aegithalos caudatus_Long-tailed Tit,0.801052570343018,0.801052570343018,0.801052570343018,0.801052570343018,NA,1
czech_republic,G,Aegolius funereus_Boreal Owl,0.814644813537598,0.814644813537598,0.814644813537598,0.814644813537598,NA,1
czech_republic,G,Aix galericulata_Mandarin Duck,0.8024431996875337,0.787020444869995,0.709268510341644,0.938323795795441,0.08528740228325149,9
czech_republic,G,Alauda arvensis_Eurasian Skylark,0.7610013849591903,0.765440970659256,0.500037372112274,0.999716222286224,0.1494709376475048,29304
czech_republic,G,Alcedo atthis_Common Kingfisher,0.791487773259481,0.758798897266388,0.733422636985779,0.882241785526276,0.07961285513878069,3
czech_republic,G,Anas acuta_Northern Pintail,0.7486152052879335,0.7486152052879335,0.735272347927094,0.761958062648773,0.018869649840508918,2
czech_republic,G,Anas crecca_Green-winged Teal,0.8126471226031964,0.776551902294159,0.704562604427338,0.959165036678314,0.09240053037739104,13
czech_republic,G,Anas platyrhynchos_Mallard,0.7433315515518188,0.737905204296112,0.700960755348206,0.820778071880341,0.04126591899590452,7
czech_republic,G,Anser albifrons_Greater White-fronted Goose,0.870165407657623,0.870165407657623,0.870165407657623,0.870165407657623,NA,1
czech_republic,G,Anser brachyrhynchus_Pink-footed Goose,0.79756098985672,0.8052423894405365,0.746524393558502,0.833234786987305,0.03887421933109664,4
czech_republic,G,Anser fabalis_Taiga Bean-Goose,0.722177922725677,0.722177922725677,0.722177922725677,0.722177922725677,NA,1
czech_republic,G,Anthus campestris_Tawny Pipit,0.7697938169751849,0.760581731796265,0.70330548286438,0.864466488361359,0.05179596548919594,7
czech_republic,G,Anthus cervinus_Red-throated Pipit,0.8205133378505705,0.8205133378505705,0.762672960758209,0.878353714942932,0.08179864573679173,2
czech_republic,G,Anthus pratensis_Meadow Pipit,0.6623445247348987,0.682447731494904,0.551095068454742,0.767143726348877,0.07402444845104796,19
czech_republic,G,Anthus trivialis_Tree Pipit,0.8916224913564069,0.913029372692108,0.700004816055298,0.999965310096741,0.08947211941964439,10825
czech_republic,G,Apus apus_Common Swift,0.9403007338786947,0.952924847602844,0.863670170307159,0.991455078125,0.03528547182566518,29
czech_republic,G,Apus melba_Alpine Swift,0.8104849507411321,0.8229098618030546,0.712825953960419,0.929598033428192,0.06359848913450898,12
czech_republic,G,Ardea cinerea_Gray Heron,0.842048317193985,0.8238448798656466,0.700360238552094,0.995995044708252,0.09455685485364732,48
czech_republic,G,Asio otus_Long-eared Owl,0.8991980785595497,0.922706484794617,0.701538920402527,0.999852776527405,0.08538974984030136,1323
czech_republic,G,Athene noctua_Little Owl,0.7728586765852842,0.7556301951408385,0.702273070812225,0.912101924419403,0.05799286627820056,22
czech_republic,G,Bombycilla garrulus_Bohemian Waxwing,0.8524946123361585,0.8768278062343595,0.724092066287994,0.932230770587921,0.0938415156466468,4
czech_republic,G,Botaurus stellaris_Great Bittern,0.8152107706776371,0.812374770641327,0.702813863754272,0.96017861366272,0.06229516408535983,27
czech_republic,G,Branta bernicla_Brant,0.836111283302307,0.852950274944305,0.756568074226379,0.904860496520996,0.061764595206805405,5
czech_republic,G,Branta leucopsis_Barnacle Goose,0.7751562098662058,0.7582950294017794,0.747806251049042,0.819708406925201,0.032210986213398365,6
czech_republic,G,Bubo bubo_Eurasian Eagle-Owl,0.7950761988759041,0.7796060740947724,0.708192348480225,0.932773888111115,0.07569620710391343,8
czech_republic,G,Bucephala clangula_Common Goldeneye,0.798388779163361,0.798388779163361,0.798388779163361,0.798388779163361,NA,1
czech_republic,G,Burhinus oedicnemus_Eurasian Thick-knee,0.7796085029840469,0.7711911499500275,0.704821884632111,0.888120591640472,0.04839782995286159,16
czech_republic,G,Buteo buteo_Common Buzzard,0.8274396564446244,0.820520281791687,0.714527189731598,0.96594375371933,0.07445596522665338,51
czech_republic,G,Calidris alpina_Dunlin,0.7861292123794555,0.780396729707718,0.716698467731476,0.868744373321533,0.05911180149366446,10
czech_republic,G,Calidris falcinellus_Broad-billed Sandpiper,0.8009450833002727,0.836592793464661,0.713236153125763,0.853006303310394,0.07640021695408819,3
czech_republic,G,Calidris minuta_Little Stint,0.729954183101654,0.729954183101654,0.729954183101654,0.729954183101654,NA,1
czech_republic,G,Calidris temminckii_Temminck's Stint,0.875905096530914,0.875905096530914,0.875905096530914,0.875905096530914,NA,1
czech_republic,G,Caprimulgus europaeus_Eurasian Nightjar,0.8073290336676158,0.794201374053955,0.700639724731445,0.994440615177155,0.07744984400795486,241
czech_republic,G,Carduelis carduelis_European Goldfinch,0.8879513079371185,0.9081199169158936,0.7092325091362,0.999252498149872,0.08514575055594992,1318
czech_republic,G,Carpodacus erythrinus_Common Rosefinch,0.821821540594101,0.821821540594101,0.816891551017761,0.826751530170441,0.006972058121218016,2
czech_republic,G,Certhia familiaris_Eurasian Treecreeper,0.6463198491505214,0.52976381778717,0.504709601402283,0.97632253170013406,0.1783888848723026,7
czech_republic,G,Cettia cetti_Cetti's Warbler,0.6928315758705139,0.6928315758705139,0.657548904418945,0.728114247322083,0.049897232483562884,2
czech_republic,G,Charadrius dubius_Little Ringed Plover,0.8442130088806152,0.820115268230438,0.75014853477478,0.970335781574249,0.0763812852023989,11
czech_republic,G,Charadrius hiaticula_Common Ringed Plover,0.7572137117385863,0.767099976539612,0.725310921669006,0.779230237007141,0.028286512959718266,3
czech_republic,G,Chlidonias hybrida_Whiskered Tern,0.8293902999476382,0.827259540557861,0.704743564128876,0.970098078250885,0.08414777981443669,19
czech_republic,G,Chlidonias leucopterus_White-winged Tern,0.713033437728882,0.713033437728882,0.713033437728882,0.713033437728882,NA,1
czech_republic,G,Chloris chloris_European Greenfinch,0.8647121945396066,0.859869509935379,0.700192809104919,0.998374938964844,0.08824071038976401,128
czech_republic,G,Chroicocephalus ridibundus_Black-headed Gull,0.814214038848877,0.794006824493408,0.703515648841858,0.924663901329041,0.0861503986139564,5
czech_republic,G,Cinclus cinclus_White-throated Dipper,0.862583816051483,0.862583816051483,0.862583816051483,0.862583816051483,NA,1
czech_republic,G,Coccothraustes coccothraustes_Hawfinch,0.8872159418239389,0.907395005226135,0.717743754386902,0.999742090702057,0.08258314770223131,93
czech_republic,G,Columba livia_Rock Pigeon,0.770229160785675,0.774047076702118,0.743400931358337,0.802867889404297,0.024705635490188994,5
czech_republic,G,Columba palumbus_Common Wood-Pigeon,0.8536382090477714,0.901079714298248,0.715820789337158,0.976385951042175,0.10377951444024085,21
czech_republic,G,Corvus corax_Common Raven,0.6856503594886814,0.662230253219604,0.500652551651001,0.986580610275269,0.12498053498961088,457
czech_republic,G,Corvus frugilegus_Rook,0.750529448191325,0.751914978027344,0.70964604616165206,0.790027320384979,0.040208544877131484,3
czech_republic,G,Corvus monedula_Eurasian Jackdaw,0.6670707166194916,0.6670707166194916,0.532875716686249,0.801265716552734,0.18978038890824817,2
czech_republic,G,Coturnix coturnix_Common Quail,0.9369859216019251,0.978883504867554,0.701329052448273,0.999989986419678,0.08333655964684349,971
czech_republic,G,Crex crex_Corn Crake,0.8236456662416458,0.8108297288417815,0.746935248374939,0.925987958908081,0.08031191756110453,4
czech_republic,G,Cuculus canorus_Common Cuckoo,0.6843107952901968,0.675704002380371,0.501796782016754,0.971932649612427,0.12754870977450394,253
czech_republic,G,Curruca communis_Greater Whitethroat,0.8825028188088361,0.864013969898224,0.738487243652344,0.999205768108368,0.08297074044157499,51
czech_republic,G,Curruca curruca_Lesser Whitethroat,0.753817481654031,0.75438266992569,0.705000579357147,0.807859838008881,0.039532154952452735,7
czech_republic,G,Cyanistes caeruleus_Eurasian Blue Tit,0.7520013231414933,0.7398942410945895,0.502172291278839,0.994676232337952,0.1409535163343008,222
czech_republic,G,Cygnus columbianus_Tundra Swan,0.8137700259685514,0.8137700259685514,0.808683454990387,0.818856596946716,0.007193497663293625,2
czech_republic,G,Cygnus cygnus_Whooper Swan,0.8038898905118304,0.778859436511993,0.749937891960144,0.882872343063354,0.0699126940770159,3
czech_republic,G,Cygnus olor_Mute Swan,0.845527797937393,0.845527797937393,0.82643061876297,0.864624977111816,0.02700748979153803,2
czech_republic,G,Delichon urbicum_Common House-Martin,0.8285994079377916,0.836096167564392,0.639171123504639,0.999369204044342,0.1089259417766628,315
czech_republic,G,Dendrocopos major_Great Spotted Woodpecker,0.8055981401782418,0.8466114401817324,0.500463008880615,0.997861087322235,0.14788256483121132,574
czech_republic,G,Dryobates minor_Lesser Spotted Woodpecker,0.8800452862467084,0.884600758552551,0.733566462993622,0.99666553735733,0.09942300388292168,7
czech_republic,G,Dryocopus martius_Black Woodpecker,0.8315429911017419,0.8150239288806915,0.709579646587372,0.978795230388641,0.0919869398323486,24
czech_republic,G,Egretta garzetta_Little Egret,0.762300047007474,0.741134464740753,0.715492367744446,0.863962113857269,0.048448928274383705,11
czech_republic,G,Emberiza calandra_Corn Bunting,0.843267620322341,0.8400895893573761,0.700008511543274,0.999444663524628,0.08587481362431457,11628
czech_republic,G,Emberiza cia_Rock Bunting,0.785496532917023,0.785496532917023,0.785496532917023,0.785496532917023,NA,1
czech_republic,G,Emberiza cirlus_Cirl Bunting,0.8379605561494827,0.865672528743744,0.710035860538483,0.91046130657196,0.08986432117071427,4
czech_republic,G,Emberiza citrinella_Yellowhammer,0.8130434527993202,0.8149638175964355,0.70928156375885,0.957511305809021,0.07605093935183006,32
czech_republic,G,Emberiza hortulana_Ortolan Bunting,0.7836982178133588,0.770669341087341,0.709017634391785,0.917468309402466,0.05260128762013014,43
czech_republic,G,Erithacus rubecula_European Robin,0.8153770565986632,0.816966116428375,0.691962361335754,0.985930800437927,0.1226540370782737,5
czech_republic,G,Falco tinnunculus_Eurasian Kestrel,0.8806178356284525,0.9008220732212064,0.700904011726379,0.997335135936737,0.08796724736415575,268
czech_republic,G,Ficedula albicollis_Collared Flycatcher,0.9086506366729735,0.9086506366729735,0.839896559715271,0.977404713630676,0.09723294810202641,2
czech_republic,G,Ficedula hypoleuca_European Pied Flycatcher,0.8147058814764023,0.8102484047412875,0.700600445270538,0.939195871353149,0.08406357084010323,20
czech_republic,G,Fringilla coelebs_Common Chaffinch,0.6335823422386533,0.630879640579224,0.504338502883911,0.954054057598114,0.10465602270956981,21
czech_republic,G,Fringilla montifringilla_Brambling,0.8524392724037172,0.810602962970734,0.792016088962555,0.960732698440552,0.07284356725632776,5
czech_republic,G,Fulica atra_Eurasian Coot,0.7867017030715944,0.775243103504181,0.715981841087341,0.895618855953217,0.071809652672627,5
czech_republic,G,Galerida cristata_Crested Lark,0.7849290045824917,0.759136080741882,0.706718742847443,0.903598368167877,0.0714402762580905,11
czech_republic,G,Gallinago gallinago_Common Snipe,0.7944884574091112,0.808606684207916,0.596121430397034,0.970413088798523,0.11200292618059123,37
czech_republic,G,Gallinula chloropus_Eurasian Moorhen,0.8913337236545125,0.90592896938324,0.701354265213013,0.999720394611359,0.10171758469913564,61
czech_republic,G,Garrulus glandarius_Eurasian Jay,0.794649720191956,0.794649720191956,0.794649720191956,0.794649720191956,NA,1
czech_republic,G,Gavia stellata_Red-throated Loon,0.7841231028238933,0.762841641902924,0.734063327312469,0.855464339256287,0.06343679420843878,3
czech_republic,G,Grus grus_Common Crane,0.814127154648304,0.8351050913333895,0.709756374359131,0.900202095508575,0.07417356370189199,8
czech_republic,G,Haematopus ostralegus_Eurasian Oystercatcher,0.7591368854045866,0.7591368854045866,0.712481915950775,0.805791854858398,0.06598009055368266,2
czech_republic,G,Haliaeetus albicilla_White-tailed Eagle,0.8708103895187378,0.8813712000846865,0.770072817802429,0.955808103084564,0.08206707453290679,6
czech_republic,G,Hirundo rustica_Barn Swallow,0.8540283700868495,0.8535583019256595,0.723046600818634,0.999782621860504,0.07488256954466307,3866
czech_republic,G,Hydroprogne caspia_Caspian Tern,0.7760305106639865,0.7760305106639865,0.737495303153992,0.814565718173981,0.054497013089495776,2
czech_republic,G,Ixobrychus minutus_Little Bittern,0.8157017399867376,0.8103398680686951,0.703316628932953,0.998061954975128,0.0847564916945629,60
czech_republic,G,Jynx torquilla_Eurasian Wryneck,0.9103134452522575,0.927805304527283,0.7069091796875,0.998264491558075,0.08357609483884601,77
czech_republic,G,Lanius collurio_Red-backed Shrike,0.8883749771791263,0.9108770191669465,0.700570046901703,0.999864220619202,0.08891220165618086,1346
czech_republic,G,Lanius senator_Woodchat Shrike,0.780237390714533,0.741639673709869,0.701988041400909,0.929460406303406,0.07312277305387145,17
czech_republic,G,Larus delawarensis_Ring-billed Gull,0.711656332015991,0.711656332015991,0.711656332015991,0.711656332015991,NA,1
czech_republic,G,Larus marinus_Great Black-backed Gull,0.720948249101639,0.720948249101639,0.716524124145508,0.72537237405777,0.0062566575145937085,2
czech_republic,G,Limosa lapponica_Bar-tailed Godwit,0.8677064478397369,0.877994805574417,0.742245316505432,0.983723402023315,0.09007802562286281,8
czech_republic,G,Linaria cannabina_Eurasian Linnet,0.7055827704342928,0.69942045211792,0.501912832260132,0.993971884250641,0.13505862131875088,121
czech_republic,G,Locustella fluviatilis_River Warbler,0.8007205144355171,0.7834460735321045,0.703214645385742,0.984212100505829,0.07678481106801338,38
czech_republic,G,Locustella luscinioides_Savi's Warbler,0.8084478055138186,0.797336578369141,0.701312720775604,0.978098630905151,0.07081811119881364,83
czech_republic,G,Locustella naevia_Common Grasshopper-Warbler,0.8861813556308478,0.903642594814301,0.700392782688141,0.998337864875793,0.0814400392052595,1775
czech_republic,G,Lophophanes cristatus_Crested Tit,0.820012879371643,0.752839922904968,0.710228741168976,0.969595432281494,0.11633118591375757,5
czech_republic,G,Lullula arborea_Wood Lark,0.7655809223651885,0.7655809223651885,0.719078302383423,0.812083542346954,0.0657646358640949,2
czech_republic,G,Luscinia megarhynchos_Common Nightingale,0.8047850398640884,0.790244281291962,0.700358390808105,0.982489585876465,0.07440379574653361,76
czech_republic,G,Luscinia svecica_Bluethroat,0.7646158337593075,0.7646158337593075,0.727974414825439,0.801257252693176,0.051818791600871175,2
czech_republic,G,Mareca penelope_Eurasian Wigeon,0.7865575991178814,0.767131268978119,0.706662952899933,0.963328003883362,0.07621498136991442,19
czech_republic,G,Mareca strepera_Gadwall,0.7939748108386996,0.7949351966381075,0.712577879428864,0.887887179851532,0.06761459114896841,10
czech_republic,G,Melanitta nigra_Common Scoter,0.8294092938303947,0.817715495824814,0.722776472568512,0.967379033565521,0.07377964318369012,16
czech_republic,G,Merops apiaster_European Bee-eater,0.8358783890861622,0.882014274597168,0.500039041042328,0.999976992607117,0.1488535975895383,16452
czech_republic,G,Motacilla alba_White Wagtail,0.8528851340798771,0.858628571033478,0.690674185752869,0.997655987739563,0.10299432154300543,17
czech_republic,G,Motacilla cinerea_Gray Wagtail,0.8309753338495893,0.884668290615082,0.720785975456238,0.887471735477448,0.09543707797878086,3
czech_republic,G,Motacilla flava_Western Yellow Wagtail,0.8113974233468373,0.8204851746559145,0.70013290643692,0.885494947433472,0.05722067618112713,18
czech_republic,G,Muscicapa striata_Spotted Flycatcher,0.7545858472585677,0.743821442127228,0.707964301109314,0.869896829128265,0.043793962774379185,12
czech_republic,G,Netta rufina_Red-crested Pochard,0.7183785736560825,0.7183785736560825,0.709656953811646,0.727100193500519,0.01233423306986447,2
czech_republic,G,Numenius arquata_Eurasian Curlew,0.8148285047761324,0.788568735122681,0.706041634082794,0.986941397190094,0.07639664277553362,29
czech_republic,G,Numenius phaeopus_Whimbrel,0.8263120776165032,0.822161734104156,0.700775742530823,0.99205869436264,0.08180779102387983,167
czech_republic,G,Nycticorax nycticorax_Black-crowned Night-Heron,0.8225174826734206,0.825571745634079,0.700168371200562,0.975760161876678,0.08132306867615013,68
czech_republic,G,Oriolus oriolus_Eurasian Golden Oriole,0.8330159863842187,0.824661135673523,0.701192200183868,0.998402893543243,0.08153748702845263,237
czech_republic,G,Panurus biarmicus_Bearded Reedling,0.8236956000328063,0.812536239624023,0.712561249732971,0.977787971496582,0.08971191229320737,19
czech_republic,G,Parus major_Great Tit,0.7149516102942554,0.7063964009284975,0.50041389465332,0.988570988178253,0.1390373895870664,440
czech_republic,G,Passer domesticus_House Sparrow,0.702127993106842,0.702127993106842,0.702127993106842,0.702127993106842,NA,1
czech_republic,G,Passer montanus_Eurasian Tree Sparrow,0.8578459233045578,0.8660647571086879,0.700858891010284,0.997607469558716,0.0854040851069388,140
czech_republic,G,Perdix perdix_Gray Partridge,0.9012670159339905,0.93044525384903,0.704224348068237,0.999898195266724,0.09170076512339374,185
czech_republic,G,Pernis apivorus_European Honey-buzzard,0.9455569088459015,0.9455569088459015,0.934974193572998,0.956139624118805,0.014966219465673017,2
czech_republic,G,Phasianus colchicus_Ring-necked Pheasant,0.8226185813863226,0.867075681686401,0.522684156894684,0.99929404258728,0.14427119845512756,235
czech_republic,G,Phoenicurus ochruros_Black Redstart,0.8015088081359862,0.7990668714046475,0.702173948287964,0.975141704082489,0.06838671785075898,60
czech_republic,G,Phoenicurus phoenicurus_Common Redstart,0.8644515388416794,0.879615962505341,0.715749084949493,0.978759467601776,0.08472113375763818,53
czech_republic,G,Phylloscopus collybita_Common Chiffchaff,0.6924910053610802,0.6752921640872955,0.500953555107117,0.964223563671112,0.12595429910712652,80
czech_republic,G,Phylloscopus trochilus_Willow Warbler,0.8689542331478812,0.8855710923671725,0.736983001232147,0.9933962225914,0.08274157664631095,22
czech_republic,G,Pica pica_Eurasian Magpie,0.8542014181613922,0.8674269616603849,0.643498420715332,0.997900485992432,0.13523069641172078,10
czech_republic,G,Picus canus_Gray-headed Woodpecker,0.8274363610479565,0.783316612243652,0.726102232933044,0.925139725208282,0.08297608855789967,9
czech_republic,G,Picus viridis_Eurasian Green Woodpecker,0.8720283637876096,0.887983620166779,0.706467866897583,0.994422376155853,0.08872850852766821,23
czech_republic,G,Pluvialis apricaria_European Golden-Plover,0.8251090914972367,0.823819696903229,0.700156152248383,0.990178227424622,0.07738642457074794,434
czech_republic,G,Pluvialis squatarola_Black-bellied Plover,0.8018502354621886,0.822275578975677,0.713229119777679,0.905470669269562,0.0843487016258313,5
czech_republic,G,Podiceps cristatus_Great Crested Grebe,0.8152477145195006,0.808045446872711,0.700447380542755,0.963137209415436,0.09402626100898369,12
czech_republic,G,Poecile palustris_Marsh Tit,0.9070381034504283,0.9086934924125669,0.846155762672424,0.989181578159332,0.04274667850023401,22
czech_republic,G,Porzana porzana_Spotted Crake,0.8495546625210689,0.890110492706299,0.721426367759705,0.953305721282959,0.09246082518473937,13
czech_republic,G,Prunella modularis_Dunnock,0.6656823724508286,0.6262919902801516,0.501151859760284,0.987441778182983,0.13441199628309955,60
czech_republic,G,Pyrrhula pyrrhula_Eurasian Bullfinch,0.7798460483551026,0.776315689086914,0.732645928859711,0.863112270832062,0.052574295310911096,5
czech_republic,G,Rallus aquaticus_Water Rail,0.736145555973053,0.736145555973053,0.736145555973053,0.736145555973053,NA,1
czech_republic,G,Recurvirostra avosetta_Pied Avocet,0.792345484961634,0.779974281787872,0.70547878742218,0.96772825717926,0.06971920405400908,23
czech_republic,G,Regulus regulus_Goldcrest,0.817421019077301,0.817421019077301,0.817421019077301,0.817421019077301,NA,1
czech_republic,G,Remiz pendulinus_Eurasian Penduline-Tit,0.8073896169662477,0.787333309650421,0.711634993553162,0.969741225242615,0.08934470061398864,11
czech_republic,G,Riparia riparia_Bank Swallow,0.744116246700287,0.751339912414551,0.728560149669647,0.752448678016663,0.013483377040271555,3
czech_republic,G,Saxicola rubetra_Whinchat,0.8584739476442338,0.8662393093109131,0.7089684009552,0.999464571475983,0.09082012442554376,20
czech_republic,G,Saxicola rubicola_European Stonechat,0.834675326592782,0.822830319404602,0.700888514518738,0.999604523181915,0.08565484957486601,340
czech_republic,G,Scolopax rusticola_Eurasian Woodcock,0.823059047261874,0.8048136532306676,0.703641176223755,0.988569557666779,0.07813735285744038,12
czech_republic,G,Serinus serinus_European Serin,0.7847456780832205,0.778344929218292,0.700446009635925,0.968775868415833,0.05937886749183793,67
czech_republic,G,Spatula clypeata_Northern Shoveler,0.89043116569519,0.89043116569519,0.89043116569519,0.89043116569519,NA,1
czech_republic,G,Spinus spinus_Eurasian Siskin,0.9327339331309,0.935269176959991,0.925158381462097,0.937774240970612,0.006679114742191183,3
czech_republic,G,Sternula albifrons_Little Tern,0.7946377396583557,0.7490799129009245,0.725415647029877,0.946619749069214,0.09149432200718939,6
czech_republic,G,Streptopelia decaocto_Eurasian Collared-Dove,0.7676719129085541,0.7676719129085541,0.70487242937088,0.830471396446228,0.0888118813290045,2
czech_republic,G,Streptopelia turtur_European Turtle-Dove,0.8566396604566013,0.857344925403595,0.718477964401245,0.976741075515747,0.07982917023532127,34
czech_republic,G,Strix aluco_Tawny Owl,0.829765288245599,0.8199847638607025,0.701806843280792,0.988764882087708,0.08358390865836204,302
czech_republic,G,Strix uralensis_Ural Owl,0.7255364400999885,0.713784277439117,0.702039361000061,0.784025490283966,0.028942671798374533,7
czech_republic,G,Sturnus vulgaris_European Starling,0.8581136937317138,0.861299991607666,0.700408458709717,0.999721586704254,0.08972578182710336,597
czech_republic,G,Sylvia atricapilla_Eurasian Blackcap,0.75020632147789,0.75020632147789,0.664158940315247,0.836253702640533,0.1216893734468969,2
czech_republic,G,Sylvia borin_Garden Warbler,0.721039354801178,0.721039354801178,0.721039354801178,0.721039354801178,NA,1
czech_republic,G,Tachybaptus ruficollis_Little Grebe,0.7848274545236066,0.776326775550842,0.724238395690918,0.85468053817749,0.04469413972165105,11
czech_republic,G,Tetrao urogallus_Western Capercaillie,0.940353095531464,0.940353095531464,0.940353095531464,0.940353095531464,NA,1
czech_republic,G,Thalasseus sandvicensis_Sandwich Tern,0.7826334834098816,0.7826334834098816,0.720089495182037,0.845177471637726,0.0884505563967209,2
czech_republic,G,Tringa erythropus_Spotted Redshank,0.864737451076508,0.864737451076508,0.864737451076508,0.864737451076508,NA,1
czech_republic,G,Tringa nebularia_Common Greenshank,0.9684362709522248,0.978896230459213,0.903630912303925,0.997704684734344,0.025166249758382175,26
czech_republic,G,Tringa ochropus_Green Sandpiper,0.875466902005045,0.881416440010071,0.724116802215576,0.99780935049057,0.1043069470413069,19
czech_republic,G,Tringa totanus_Common Redshank,0.723161101341248,0.723161101341248,0.723161101341248,0.723161101341248,NA,1
czech_republic,G,Troglodytes troglodytes_Eurasian Wren,0.54013991355896,0.54013991355896,0.54013991355896,0.54013991355896,NA,1
czech_republic,G,Turdus iliacus_Redwing,0.8180021047592163,0.8085860311985016,0.700563013553619,0.963518738746643,0.08012403999015846,28
czech_republic,G,Turdus merula_Eurasian Blackbird,0.6990566028881882,0.676223129034042,0.500011444091797,0.998864412307739,0.14256276896466297,944
czech_republic,G,Turdus philomelos_Song Thrush,0.9560652921597164,0.960951030254364,0.905290484428406,0.990902125835419,0.024242687540457636,24
czech_republic,G,Turdus pilaris_Fieldfare,0.7997204363346101,0.7932532727718355,0.727414071559906,0.92072981595993,0.06776663861658824,8
czech_republic,G,Turdus torquatus_Ring Ouzel,0.943170785903931,0.943170785903931,0.943170785903931,0.943170785903931,NA,1
czech_republic,G,Tyto alba_Barn Owl,0.837248636143548,0.8225195109844206,0.702713906764984,0.99897038936615,0.10291842438614729,42
czech_republic,G,Upupa epops_Eurasian Hoopoe,0.7734582722187044,0.7734582722187044,0.761658549308777,0.785257995128632,0.016687328171464042,2
czech_republic,G,Vanellus vanellus_Northern Lapwing,0.842009305953979,0.842009305953979,0.842009305953979,0.842009305953979,NA,1
denmark,F,Acanthis cabaret_Lesser Redpoll,0.7835047841072085,0.778873682022095,0.752365052700043,0.823906719684601,0.034731750894356254,4
denmark,F,Acanthis flammea_Common Redpoll,0.7621884504954022,0.753791451454163,0.705661773681641,0.824139952659607,0.030723722350932084,15
denmark,F,Accipiter gentilis_Northern Goshawk,0.8402290046215056,0.876433402299881,0.703387081623077,0.896465718746185,0.06923737494845136,10
denmark,F,Acrocephalus paludicola_Aquatic Warbler,0.821310877799988,0.821310877799988,0.821310877799988,0.821310877799988,NA,1
denmark,F,Actitis hypoleucos_Common Sandpiper,0.8957779556512833,0.9102413356304171,0.771000027656555,0.991629123687744,0.09388592125107909,4
denmark,F,Aegithalos caudatus_Long-tailed Tit,0.9265371694972243,0.9452060759067535,0.789056181907654,0.999918103218079,0.06249474854686808,632
denmark,F,Aegolius funereus_Boreal Owl,0.8248529434204103,0.829090088605881,0.714917659759521,0.947327733039856,0.07490600725094251,8
denmark,F,Alcedo atthis_Common Kingfisher,0.8771116137504578,0.894771218299866,0.718091070652008,0.984549522399902,0.09357125228847932,14
denmark,F,Alopochen aegyptiaca_Egyptian Goose,0.786239206790924,0.786239206790924,0.786239206790924,0.786239206790924,NA,1
denmark,F,Anas acuta_Northern Pintail,0.8059013187885284,0.8059013187885284,0.731930077075958,0.879872560501099,0.10461113325549556,2
denmark,F,Anas crecca_Green-winged Teal,0.7846523920694988,0.7976182103157045,0.70778888463974,0.851237952709198,0.05637134377838957,6
denmark,F,Anas platyrhynchos_Mallard,0.8571540117263794,0.841644108295441,0.772758722305298,0.932223320007324,0.06586310379654213,5
denmark,F,Anser anser_Graylag Goose,0.9170717632069307,0.9190239906311035,0.836870074272156,0.993533611297607,0.04981792125286125,34
denmark,F,Anser brachyrhynchus_Pink-footed Goose,0.77591198682785,0.77591198682785,0.77591198682785,0.77591198682785,NA,1
denmark,F,Anthus pratensis_Meadow Pipit,0.7274890144666036,0.769118309020996,0.560574471950531,0.852774262428284,0.15048231794012532,3
denmark,F,Anthus trivialis_Tree Pipit,0.8605224275320755,0.865889847278595,0.700007379055023,0.999944567680359,0.08945680497422906,4622
denmark,F,Apus apus_Common Swift,0.9635371863842007,0.971713453531265,0.902675330638885,0.983316838741302,0.030428179412039978,6
denmark,F,Ardea alba_Great Egret,0.754318296909332,0.754318296909332,0.754318296909332,0.754318296909332,NA,1
denmark,F,Ardea cinerea_Gray Heron,0.8538344393416148,0.8483453094959255,0.700057208538055,0.99866259098053,0.09247781737065608,82
denmark,F,Athene noctua_Little Owl,0.7965261706939111,0.777667731046677,0.702737927436829,0.980256617069244,0.07403243719629714,104
denmark,F,Bombycilla garrulus_Bohemian Waxwing,0.8172993461290996,0.792595207691193,0.765791177749634,0.893511652946472,0.06734872521507713,3
denmark,F,Botaurus stellaris_Great Bittern,0.82297559273548615,0.802395284175873,0.701986789703369,0.992361009120941,0.08713648585941425,39
denmark,F,Branta bernicla_Brant,0.7434147894382475,0.7434147894382475,0.739363729953766,0.747465848922729,0.005729063264933944,2
denmark,F,Branta canadensis_Canada Goose,0.850140678882599,0.8591152131557465,0.707315862178802,0.987199127674103,0.09464320283568638,10
denmark,F,Branta leucopsis_Barnacle Goose,0.9506907597664863,0.9781728982925415,0.746490120887756,0.999929189682007,0.06704185289156268,62
denmark,F,Bubo bubo_Eurasian Eagle-Owl,0.7791452076699998,0.771735191345215,0.709968268871307,0.856149792671204,0.05482291874989887,9
denmark,F,Bucephala clangula_Common Goldeneye,0.9119005311619152,0.982918620109558,0.701049268245697,0.99718165397644,0.1201311981055236,11
denmark,F,Buteo buteo_Common Buzzard,0.8631603449937842,0.864393353462219,0.700446903705597,0.998960375785828,0.07992095292629342,336
denmark,F,Calidris alpina_Dunlin,0.7972195233617511,0.746886789798737,0.716954171657562,0.926094651222229,0.08583136110962096,7
denmark,F,Caprimulgus europaeus_Eurasian Nightjar,0.937949197505837,0.971687376499176,0.704209327697754,0.999938011169434,0.07585913891645418,134
denmark,F,Carduelis carduelis_European Goldfinch,0.8453743234276772,0.8481926918029785,0.749385714530945,0.972259819507599,0.07447558002078218,16
denmark,F,Carpodacus erythrinus_Common Rosefinch,0.7722308486700058,0.7454273998737335,0.708907425403595,0.889161169528961,0.08315431064187857,4
denmark,F,Certhia brachydactyla_Short-toed Treecreeper,0.863086068070684,0.877119719982147,0.686163365840912,0.999882578849792,0.09253652132092001,2514
denmark,F,Certhia familiaris_Eurasian Treecreeper,0.7463594378529022,0.74665504693985,0.500102758407593,0.999911189079285,0.1461806716482338,11415
denmark,F,Cettia cetti_Cetti's Warbler,0.8043471097946167,0.76536825299263,0.705451667308807,0.96678715944290206,0.09424012561800267,10
denmark,F,Charadrius dubius_Little Ringed Plover,0.715885162353516,0.715885162353516,0.715885162353516,0.715885162353516,NA,1
denmark,F,Charadrius hiaticula_Common Ringed Plover,0.8866034746170045,0.8677440583705904,0.778155028820038,0.998924434185028,0.09592282951211684,6
denmark,F,Chloris chloris_European Greenfinch,0.8415873279938331,0.855831921100616,0.71033900976181,0.959411859512329,0.07039709828658418,13
denmark,F,Chroicocephalus ridibundus_Black-headed Gull,0.798591779337989,0.801097989082336,0.723575413227081,0.859916210174561,0.051075061392192755,9
denmark,F,Circus cyaneus_Hen Harrier,0.8324798941612246,0.8324798941612246,0.757079660892487,0.907880127429962,0.10663203249474364,2
denmark,F,Coccothraustes coccothraustes_Hawfinch,0.8889946671251346,0.909045696258545,0.70001631975174,0.999930620193481,0.09256929382140229,1419
denmark,F,Columba oenas_Stock Dove,0.8055538214170016,0.7800905406475069,0.702846527099609,0.994657695293427,0.08897136095882596,78
denmark,F,Columba palumbus_Common Wood-Pigeon,0.8776151418402156,0.892110466957092,0.701055347919464,0.999478042125702,0.08694547227082665,7562
denmark,F,Corvus corax_Common Raven,0.8312674650220627,0.8746691942214966,0.500730693340302,0.999128520488739,0.1430455961726825,706
denmark,F,Corvus cornix_Hooded Crow,0.7838204987347126,0.77604216337204,0.703005075454712,0.934567749500275,0.062058693407637214,64
denmark,F,Corvus corone_Carrion Crow,0.7859102507769051,0.7791596949100494,0.700092613697052,0.931247115135193,0.06420126233505087,118
denmark,F,Corvus frugilegus_Rook,0.8004551529884341,0.757837533950806,0.710048615932465,0.933479309082031,0.11765421688002166,3
denmark,F,Corvus monedula_Eurasian Jackdaw,0.7020315195238868,0.66447776556015,0.507827699184418,0.970789074897766,0.14426250884451614,43
denmark,F,Coturnix coturnix_Common Quail,0.8975654963463071,0.9236711263656615,0.700960695743561,0.999122202396393,0.08936875879403056,126
denmark,F,Cuculus canorus_Common Cuckoo,0.731361351064584,0.718134641647339,0.500278055667877,0.9995037317276,0.14732200199678255,3015
denmark,F,Curruca communis_Greater Whitethroat,0.8559624999761581,0.8308770954608915,0.745062947273254,0.981904208660126,0.07759557936617653,8
denmark,F,Curruca curruca_Lesser Whitethroat,0.8535084128379822,0.832998216152191,0.736590564250946,0.98852264881134,0.08866903401128616,9
denmark,F,Cyanistes caeruleus_Eurasian Blue Tit,0.6778157024150705,0.654644727706909,0.500134587287903,0.988794267177582,0.1268523197370286,983
denmark,F,Cygnus columbianus_Tundra Swan,0.7423967123031615,0.7423967123031615,0.711411774158478,0.773381650447845,0.04381931975350286,2
denmark,F,Cygnus cygnus_Whooper Swan,0.8283018827438354,0.843021035194397,0.743898868560791,0.945478618144989,0.08111739549488073,5
denmark,F,Delichon urbicum_Common House-Martin,0.8508197486400606,0.881997883319855,0.665729403495789,0.958771586418152,0.10152316944118026,10
denmark,F,Dendrocopos leucotos_White-backed Woodpecker,0.7844709157943726,0.734100103378296,0.711076617240906,0.974006414413452,0.09229721075750691,8
denmark,F,Dendrocopos major_Great Spotted Woodpecker,0.7529146483840606,0.7573350369930265,0.500086188316345,0.999083280563354,0.14224115461653622,9892
denmark,F,Dendrocoptes medius_Middle Spotted Woodpecker,0.7761909440159798,0.7447347939014435,0.70331227779388406,0.950926780700684,0.08220475032330317,8
denmark,F,Dryobates minor_Lesser Spotted Woodpecker,0.7884083464741707,0.767360121011734,0.722651779651642,0.943019032478333,0.07707716496045244,8
denmark,F,Dryocopus martius_Black Woodpecker,0.8922837507115664,0.9134022295475005,0.704885959625244,0.999792397022247,0.08544202489532868,274
denmark,F,Egretta garzetta_Little Egret,0.7470041811466215,0.7470041811466215,0.70244026184082,0.791568100452423,0.06302289907476469,2
denmark,F,Emberiza citrinella_Yellowhammer,0.8195075910500805,0.822731554508209,0.703747689723969,0.965407490730286,0.07427101414576259,99
denmark,F,Emberiza hortulana_Ortolan Bunting,0.8009499510129297,0.761040568351746,0.71680098772049,0.925008296966553,0.1096911118740667,3
denmark,F,Erithacus rubecula_European Robin,0.7993144969425291,0.785686790943146,0.633041143417358,0.997255742549896,0.1060333988293065,1065
denmark,F,Falco subbuteo_Eurasian Hobby,0.7425521910190584,0.7425521910190584,0.736440718173981,0.748663663864136,0.008642927783583427,2
denmark,F,Falco tinnunculus_Eurasian Kestrel,0.9008185938000681,0.919341027736664,0.705466687679291,0.995769023895264,0.09743095032064564,8
denmark,F,Ficedula albicollis_Collared Flycatcher,0.8074485594576055,0.792736411094666,0.704578638076782,0.97739976644516,0.07517414266975947,55
denmark,F,Ficedula hypoleuca_European Pied Flycatcher,0.8184848297387362,0.8024303019046785,0.702832818031311,0.980487525463104,0.07862447993943747,32
denmark,F,Ficedula parva_Red-breasted Flycatcher,0.8109384641176512,0.7999935150146484,0.700047671794891,0.991285622119904,0.07707543706787563,476
denmark,F,Fringilla coelebs_Common Chaffinch,0.8101618292005068,0.847864180803299,0.500044047832489,0.999852180480957,0.16133160388093318,29548
denmark,F,Fringilla montifringilla_Brambling,0.7378446261088053,0.73519891500473,0.725645959377289,0.752689003944397,0.013714277425344621,3
denmark,F,Fulica atra_Eurasian Coot,0.8547019839286804,0.850072145462036,0.824289202690125,0.887919425964355,0.028088760750536686,5
denmark,F,Gallinago gallinago_Common Snipe,0.7114567160606385,0.672627449035645,0.635658144950867,0.938243508338928,0.12816711164644143,5
denmark,F,Gallinula chloropus_Eurasian Moorhen,0.9242705159717135,0.965596139431,0.705471992492676,0.998912692070007,0.07938551403151474,45
denmark,F,Garrulus glandarius_Eurasian Jay,0.8083553296185981,0.834499061107635,0.534437000751495,0.99817967414856,0.14404625475860544,463
denmark,F,Gavia stellata_Red-throated Loon,0.8147174119949345,0.8147174119949345,0.764652788639069,0.8647820353508,0.07080206934496577,2
denmark,F,Glaucidium passerinum_Eurasian Pygmy-Owl,0.718970626592636,0.718970626592636,0.707311272621155,0.730629980564117,0.016488816514977023,2
denmark,F,Grus grus_Common Crane,0.8107029520548308,0.810393869876862,0.702773690223694,0.925237357616425,0.0793578378044736,13
denmark,F,Haematopus ostralegus_Eurasian Oystercatcher,0.8575792411963146,0.8652434349060055,0.743671834468842,0.967701315879822,0.08684453275829211,6
denmark,F,Haliaeetus albicilla_White-tailed Eagle,0.7758386209607124,0.7601318359375,0.714367747306824,0.861958026885986,0.05592537470692045,8
denmark,F,Hippolais icterina_Icterine Warbler,0.8561869114637376,0.8501154184341431,0.718358814716339,0.995096266269684,0.08601229839218447,16
denmark,F,Hirundo rustica_Barn Swallow,0.8521971205870311,0.8666439950466155,0.723430633544922,0.975574731826782,0.07405142300917832,54
denmark,F,Ixobrychus minutus_Little Bittern,0.81102442741394,0.81102442741394,0.81102442741394,0.81102442741394,NA,1
denmark,F,Jynx torquilla_Eurasian Wryneck,0.9066783823072911,0.9386752247810365,0.711985170841217,0.997873663902283,0.09647778101452348,16
denmark,F,Lanius collurio_Red-backed Shrike,0.861018455028534,0.865772724151611,0.790906131267548,0.961450457572937,0.06776000696775411,5
denmark,F,Lanius excubitor_Great Gray Shrike,0.762204647064209,0.762204647064209,0.762204647064209,0.762204647064209,NA,1
denmark,F,Larus argentatus_Herring Gull,0.727547943592072,0.727547943592072,0.727547943592072,0.727547943592072,NA,1
denmark,F,Larus michahellis_Yellow-legged Gull,0.8331535160541534,0.8331535160541534,0.765892267227173,0.900414764881134,0.0951217703132673,2
denmark,F,Limosa lapponica_Bar-tailed Godwit,0.7685259580612184,0.739475965499878,0.708688497543335,0.857413411140442,0.07850287594717269,3
denmark,F,Linaria cannabina_Eurasian Linnet,0.6652728048237887,0.593130767345428,0.53479790687561,0.947922825813293,0.13462599536815545,11
denmark,F,Locustella luscinioides_Savi's Warbler,0.8478742837905886,0.8478742837905886,0.832568347454071,0.863180220127106,0.021645862751922214,2
denmark,F,Locustella naevia_Common Grasshopper-Warbler,0.905172884464264,0.905172884464264,0.905172884464264,0.905172884464264,NA,1
denmark,F,Lophophanes cristatus_Crested Tit,0.8514658950624012,0.8247339427471161,0.720196843147278,0.997960209846497,0.0897986657704547,42
denmark,F,Loxia curvirostra_Red Crossbill,0.7614363034566239,0.733374178409576,0.716602504253387,0.834332227706909,0.06368425309860994,3
denmark,F,Loxia leucoptera_White-winged Crossbill,0.8087434768676757,0.803473174571991,0.737225353717804,0.911863505840302,0.0625770796231387,7
denmark,F,Loxia pytyopsittacus_Parrot Crossbill,0.801709659397602,0.8003694117069244,0.713440775871277,0.893141567707062,0.05805909028881979,8
denmark,F,Luscinia luscinia_Thrush Nightingale,0.735253155231476,0.735253155231476,0.714018702507019,0.756487607955933,0.03003005103249734,2
denmark,F,Luscinia megarhynchos_Common Nightingale,0.842953383922577,0.8452946245670321,0.702298283576965,0.976964592933655,0.10778447318003963,8
denmark,F,Lyrurus tetrix_Black Grouse,0.7988404234250384,0.77221804857254,0.745009899139404,0.879293322563171,0.07098994706077673,3
denmark,F,Melanitta nigra_Common Scoter,0.87283841006005,0.8860975205898285,0.703182458877563,0.99866259098053,0.09175384880423701,362
denmark,F,Motacilla alba_White Wagtail,0.8009660310215421,0.786764085292816,0.719195008277893,0.929130971431732,0.0774171124197965,9
denmark,F,Motacilla cinerea_Gray Wagtail,0.7951485472066061,0.8020859360694885,0.705842971801758,0.957180261611938,0.060263841510705345,42
denmark,F,Motacilla flava_Western Yellow Wagtail,0.750677704811096,0.750677704811096,0.717182219028473,0.784173190593719,0.04736977027206065,2
denmark,F,Muscicapa striata_Spotted Flycatcher,0.8544495008425357,0.855719566345215,0.700414597988129,0.999670505523682,0.08767491882585055,2799
denmark,F,Nucifraga caryocatactes_Eurasian Nutcracker,0.758480787277222,0.758480787277222,0.758480787277222,0.758480787277222,NA,1
denmark,F,Numenius arquata_Eurasian Curlew,0.8891656937137727,0.925931632518768,0.702765345573425,0.986813426017761,0.08720607351439688,31
denmark,F,Numenius phaeopus_Whimbrel,0.8937823724746704,0.901784360408783,0.751484513282776,0.974827587604523,0.06492515629083646,25
denmark,F,Nycticorax nycticorax_Black-crowned Night-Heron,0.8278925781664642,0.815203607082367,0.711099684238434,0.994521141052246,0.07766379119665838,23
denmark,F,Oriolus oriolus_Eurasian Golden Oriole,0.791857134212147,0.775924623012543,0.730099022388458,0.893602073192596,0.05585471750085566,11
denmark,F,Parus major_Great Tit,0.703024090747156,0.658179998397827,0.500952780246735,0.991583287715912,0.1487812191809061,169
denmark,F,Perdix perdix_Gray Partridge,0.780730068683624,0.780730068683624,0.780730068683624,0.780730068683624,NA,1
denmark,F,Periparus ater_Coal Tit,0.8458396994150602,0.85246142745018,0.702420175075531,0.984487235546112,0.08344743339659373,130
denmark,F,Perisoreus infaustus_Siberian Jay,0.7879284620285032,0.807340383529663,0.702449798583984,0.834583282470703,0.05873099646344254,4
denmark,F,Phasianus colchicus_Ring-necked Pheasant,0.7619020640850068,0.7853922545909885,0.52700936794281,0.958232760429382,0.16030403858396805,6
denmark,F,Phoenicurus ochruros_Black Redstart,0.8091355003416538,0.79996657371521,0.706000566482544,0.984990417957306,0.08079164215503476,32
denmark,F,Phoenicurus phoenicurus_Common Redstart,0.8956247210640998,0.921218663454056,0.700021326541901,0.999966740608215,0.09112064631653329,17230
denmark,F,Phylloscopus collybita_Common Chiffchaff,0.7764660416188527,0.787623465061188,0.500019550323486,0.999653935432434,0.1531914163324477,40704
denmark,F,Phylloscopus proregulus_Pallas's Leaf Warbler,0.854162980403219,0.839342921972275,0.707866907119751,0.994416832923889,0.08671784479709316,28
denmark,F,Phylloscopus sibilatrix_Wood Warbler,0.8270243709737605,0.81108283996582,0.700402975082397,0.991511046886444,0.09023885118317794,55
denmark,F,Phylloscopus trochiloides_Greenish Warbler,0.7922901958227158,0.7743855714797975,0.736456871032715,0.959037363529205,0.06352755231190245,16
denmark,F,Phylloscopus trochilus_Willow Warbler,0.8456337556242943,0.854510128498077,0.72148686647415206,0.990567862987518,0.07230674825325126,80
denmark,F,Pica pica_Eurasian Magpie,0.73962938785553,0.73962938785553,0.73962938785553,0.73962938785553,NA,1
denmark,F,Picoides tridactylus_Eurasian Three-toed Woodpecker,0.7604923784732819,0.7454527914524081,0.70141339302063,0.863538563251495,0.05431822469667763,10
denmark,F,Picus canus_Gray-headed Woodpecker,0.7719033360481262,0.726455092430115,0.718822062015533,0.906850576400757,0.07962829386206723,5
denmark,F,Picus viridis_Eurasian Green Woodpecker,0.8943600524075423,0.9193653166294096,0.700027883052826,0.999728858470917,0.08847864778464279,790
denmark,F,Pluvialis apricaria_European Golden-Plover,0.7603856176137925,0.7447570562362671,0.71749883890152,0.834529519081116,0.051072272378809506,4
denmark,F,Pluvialis squatarola_Black-bellied Plover,0.7799282222986222,0.7259370982646944,0.703359365463257,0.964479327201843,0.12357905669445853,4
denmark,F,Poecile cinctus_Gray-headed Chickadee,0.700988173484802,0.700988173484802,0.700988173484802,0.700988173484802,NA,1
denmark,F,Poecile montanus_Willow Tit,0.832248126467069,0.8469361662864685,0.751174211502075,0.90385365486145,0.056927430330490844,12
denmark,F,Poecile palustris_Marsh Tit,0.9280143861836234,0.930572152137756,0.846772372722626,0.999267995357513,0.043514858012451335,1381
denmark,F,Porzana porzana_Spotted Crake,0.8077324628829956,0.787427008152008,0.733950674533844,0.937779486179352,0.06187600322501659,11
denmark,F,Prunella modularis_Dunnock,0.7937068775430456,0.8396104872226715,0.501156985759735,0.995810151100159,0.1590976257165466,222
denmark,F,Pyrrhula pyrrhula_Eurasian Bullfinch,0.869500535521014,0.875973463058472,0.709994971752167,0.99757307767868,0.08428589696260393,290
denmark,F,Rallus aquaticus_Water Rail,0.8655105116890698,0.885328710079193,0.708554148674011,0.995402812957764,0.08981089677916387,41
denmark,F,Recurvirostra avosetta_Pied Avocet,0.714923679828644,0.714923679828644,0.714923679828644,0.714923679828644,NA,1
denmark,F,Regulus ignicapilla_Common Firecrest,0.7815014260155815,0.759599387645721,0.70019143819809,0.916030824184418,0.06326574427828903,35
denmark,F,Regulus regulus_Goldcrest,0.8048708161670053,0.8009411692619319,0.660068333148956,0.995089709758759,0.08861773673591322,1002
denmark,F,Remiz pendulinus_Eurasian Penduline-Tit,0.878073751926422,0.878073751926422,0.855661690235138,0.900485813617706,0.03169544160455626,2
denmark,F,Scolopax rusticola_Eurasian Woodcock,0.9588512146017618,0.996469259262085,0.702216565608978,0.999999642372131,0.07088358780136766,2880
denmark,F,Serinus serinus_European Serin,0.715442419052124,0.715442419052124,0.715442419052124,0.715442419052124,NA,1
denmark,F,Sitta europaea_Eurasian Nuthatch,0.8226976027157203,0.8620978593826295,0.5001380443573,0.999715387821198,0.1439752699869974,11162
denmark,F,Spinus spinus_Eurasian Siskin,0.928533681233724,0.924026370048523,0.869003653526306,0.998517572879791,0.034547646106280576,105
denmark,F,Sterna hirundo_Common Tern,0.876071830590566,0.841660499572754,0.823697924613953,0.962857067584991,0.07569294250405069,3
denmark,F,Sternula albifrons_Little Tern,0.736812233924866,0.736812233924866,0.736812233924866,0.736812233924866,NA,1
denmark,F,Streptopelia decaocto_Eurasian Collared-Dove,0.7959303329972659,0.796596944332123,0.700663328170776,0.939338684082031,0.060341213414245636,34
denmark,F,Streptopelia turtur_European Turtle-Dove,0.7636900320649148,0.7429112195968626,0.706972539424896,0.912641286849976,0.06887359953707524,8
denmark,F,Strix aluco_Tawny Owl,0.890108660223293,0.911395967006683,0.700020372867584,0.999950647354126,0.08815098382686593,2609
denmark,F,Strix nebulosa_Great Gray Owl,0.7387148241202037,0.733525276184082,0.709072232246399,0.786158859729767,0.03314964759712938,6
denmark,F,Strix uralensis_Ural Owl,0.773949341527347,0.761224269866943,0.705816566944122,0.93842351436615,0.049856297791931875,29
denmark,F,Sylvia atricapilla_Eurasian Blackcap,0.7967470965653669,0.796175599098206,0.608214557170868,0.998671054840088,0.11338592470077019,2631
denmark,F,Sylvia borin_Garden Warbler,0.8277919504740466,0.819207638502121,0.702827394008636,0.988813698291779,0.07849459638385761,292
denmark,F,Tachybaptus ruficollis_Little Grebe,0.866133851664407,0.8805440664291385,0.722460269927979,0.996179103851318,0.10723360004154633,14
denmark,F,Tetrao urogallus_Western Capercaillie,0.775155305862427,0.775155305862427,0.775155305862427,0.775155305862427,NA,1
denmark,F,Tetrastes bonasia_Hazel Grouse,0.7898971298161676,0.7844467461109165,0.701711416244507,0.922482967376709,0.07079435758746952,34
denmark,F,Thalasseus sandvicensis_Sandwich Tern,0.7457410494486494,0.71642678976059,0.712620556354523,0.808175802230835,0.05410356383284599,3
denmark,F,Tringa erythropus_Spotted Redshank,0.75576776266098,0.75576776266098,0.735353887081146,0.776181638240814,0.02886957970559815,2
denmark,F,Tringa nebularia_Common Greenshank,0.9634840080612583,0.971366703510284,0.912046134471893,0.998419880867004,0.0318550260562345,19
denmark,F,Tringa ochropus_Green Sandpiper,0.893104808330536,0.925367891788483,0.720490157604218,0.993120074272156,0.09162477456222255,25
denmark,F,Tringa totanus_Common Redshank,0.8611703201344139,0.857970356941223,0.713650405406952,0.984051167964935,0.08841624618673033,19
denmark,F,Troglodytes troglodytes_Eurasian Wren,0.8082248507099801,0.8423924148082735,0.500002861022949,0.999883890151978,0.15247148122301793,17910
denmark,F,Turdus iliacus_Redwing,0.8022512924873223,0.797068119049072,0.700530588626862,0.952896296977997,0.07312343103570651,59
denmark,F,Turdus merula_Eurasian Blackbird,0.6950631360987048,0.672869622707367,0.500598788261414,0.995619118213654,0.1385963774185513,693
denmark,F,Turdus philomelos_Song Thrush,0.9480059353773259,0.95055890083313,0.900117576122284,0.997450888156891,0.029145795237719603,121
denmark,F,Turdus pilaris_Fieldfare,0.75984525680542,0.75984525680542,0.75984525680542,0.75984525680542,NA,1
denmark,F,Turdus viscivorus_Mistle Thrush,0.9006731287827567,0.9105813205242155,0.747675955295563,0.999812066555023,0.07347820944182089,756
denmark,F,Tyto alba_Barn Owl,0.851310153802236,0.80363667011261,0.779176890850067,0.971116900444031,0.10447398052176209,3
denmark,F,Vanellus vanellus_Northern Lapwing,0.7826095074415208,0.79022815823555,0.734275043010712,0.815706670284271,0.037713728730264524,4
denmark,G,Acanthis flammea_Common Redpoll,0.8041363954544068,0.776756435632706,0.705534636974335,0.966969549655914,0.1051378569194073,6
denmark,G,Acrocephalus palustris_Marsh Warbler,0.8061808109283446,0.800514221191406,0.734704792499542,0.909415066242218,0.07182770111112192,5
denmark,G,Acrocephalus schoenobaenus_Sedge Warbler,0.8609574812732331,0.86744612455368,0.717266261577606,0.991159617900848,0.0788757085582769,73
denmark,G,Acrocephalus scirpaceus_Eurasian Reed Warbler,0.8286556899547579,0.8286556899547579,0.806988596916199,0.850322782993317,0.030641896832329832,2
denmark,G,Actitis hypoleucos_Common Sandpiper,0.8972847122772067,0.93204653263092,0.704561412334442,0.997526824474335,0.0977463585677822,51
denmark,G,Aegithalos caudatus_Long-tailed Tit,0.9200397288682414,0.9346466958522796,0.790605127811432,0.999349772930145,0.06393660672747785,408
denmark,G,Alauda arvensis_Eurasian Skylark,0.7337362037513362,0.72611391544342,0.500003278255463,0.999839782714844,0.14607961136256675,42431
denmark,G,Alca torda_Razorbill,0.792501926422119,0.792501926422119,0.737298548221588,0.84770530462265,0.0780693661400022,2
denmark,G,Alcedo atthis_Common Kingfisher,0.8868691459298135,0.9189148843288425,0.702667057514191,0.99865061044693,0.095424192725042,40
denmark,G,Alopochen aegyptiaca_Egyptian Goose,0.766984522342682,0.766984522342682,0.756761074066162,0.777207970619202,0.014458139206874424,2
denmark,G,Anas acuta_Northern Pintail,0.73191636800766,0.73191636800766,0.73191636800766,0.73191636800766,NA,1
denmark,G,Anas crecca_Green-winged Teal,0.8302228865416154,0.832401931285858,0.718252062797546,0.988862216472626,0.07728931400577306,23
denmark,G,Anas platyrhynchos_Mallard,0.8334898736741808,0.8261399269104,0.700537502765656,0.994739472866058,0.08688004740707796,315
denmark,G,Anser albifrons_Greater White-fronted Goose,0.7884672825986689,0.74692314863205,0.702026069164276,0.960182249546051,0.08456420429059165,11
denmark,G,Anser anser_Graylag Goose,0.9071607597653857,0.905420571565628,0.835033178329468,0.998627305030823,0.04323126158963779,3156
denmark,G,Anser brachyrhynchus_Pink-footed Goose,0.8581318020820619,0.905821979045868,0.707174599170685,0.964626610279083,0.10250734662549008,5
denmark,G,Anser caerulescens_Snow Goose,0.8006018648544948,0.7971333563327789,0.727979242801666,0.901207208633423,0.046834185208724906,12
denmark,G,Anthus campestris_Tawny Pipit,0.726024885972341,0.712130665779114,0.703576385974884,0.762367606163025,0.03176301164697748,3
denmark,G,Anthus cervinus_Red-throated Pipit,0.7794939875602722,0.7673165798187255,0.707407236099243,0.875935554504395,0.07767824946653551,4
denmark,G,Anthus pratensis_Meadow Pipit,0.773550058993916,0.790770620107651,0.543091177940369,0.991088032722473,0.13023784091372084,354
denmark,G,Anthus rubescens_American Pipit,0.8065796663632264,0.800336301326752,0.701210498809814,0.957507133483887,0.06841518881458193,74
denmark,G,Anthus spinoletta_Water Pipit,0.7985347401012075,0.809409022331238,0.705991923809052,0.909090280532837,0.07255813281600235,11
denmark,G,Anthus trivialis_Tree Pipit,0.8843112272609558,0.9005961418151855,0.70015507936477706,0.9991734623909,0.08542354648014883,1792
denmark,G,Antigone canadensis_Sandhill Crane,0.8328131176531314,0.860132962465286,0.70831423997879,0.985640168190002,0.08871692341517481,16
denmark,G,Apus apus_Common Swift,0.9217093487580618,0.9241986870765685,0.861951470375061,0.978803694248199,0.04269519731258139,12
denmark,G,Apus melba_Alpine Swift,0.8250130925859724,0.800334095954895,0.755632698535919,0.952933609485626,0.07001690162861808,7
denmark,G,Ardea alba_Great Egret,0.780565202236176,0.780565202236176,0.780565202236176,0.780565202236176,NA,1
denmark,G,Ardea cinerea_Gray Heron,0.8873705478344679,0.909444659948349,0.701144635677338,0.999792039394379,0.09051019732869582,1014
denmark,G,Ardea purpurea_Purple Heron,0.720678806304932,0.720678806304932,0.720678806304932,0.720678806304932,NA,1
denmark,G,Asio flammeus_Short-eared Owl,0.806015759706497,0.806015759706497,0.73137891292572,0.880652606487274,0.10555244097013748,2
denmark,G,Asio otus_Long-eared Owl,0.7826377153396606,0.765965610742569,0.71151465177536,0.953512668609619,0.07402021728626146,26
denmark,G,Athene noctua_Little Owl,0.8104619554110937,0.804917693138123,0.700669884681702,0.993795037269592,0.07806608496239276,147
denmark,G,Aythya fuligula_Tufted Duck,0.8409451318198237,0.8427938520908356,0.701907694339752,0.995361030101776,0.08977304838231621,58
denmark,G,Aythya marila_Greater Scaup,0.8369661271572115,0.8369661271572115,0.778634309768677,0.895297944545746,0.08249364726873622,2
denmark,G,Bombycilla garrulus_Bohemian Waxwing,0.818394243717194,0.818394243717194,0.818394243717194,0.818394243717194,NA,1
denmark,G,Botaurus stellaris_Great Bittern,0.8307929483422062,0.8317807018756864,0.701805055141449,0.98811137676239,0.07916731833129871,114
denmark,G,Branta bernicla_Brant,0.824767549832662,0.795982748270035,0.733622491359711,0.989456832408905,0.10152200012167993,6
denmark,G,Branta leucopsis_Barnacle Goose,0.9045371076665506,0.92957204580307,0.700261533260345,0.999561607837677,0.0841268899044744,549
denmark,G,Bubo bubo_Eurasian Eagle-Owl,0.818937635421753,0.765973508358002,0.737586915493011,0.948164522647858,0.09038671542053284,5
denmark,G,Burhinus oedicnemus_Eurasian Thick-knee,0.7772444401468551,0.750065505504608,0.711120247840881,0.962818503379822,0.08716195213341203,7
denmark,G,Buteo buteo_Common Buzzard,0.8277200981974603,0.84407576918602,0.700414299964905,0.966859877109528,0.08151354710888574,16
denmark,G,Calcarius lapponicus_Lapland Longspur,0.734256222844124,0.7159097492694855,0.702221214771271,0.802984178066254,0.04647499760751943,4
denmark,G,Calidris alpina_Dunlin,0.8274225940306982,0.815688133239746,0.724766969680786,0.97041380405426,0.08168117039011459,12
denmark,G,Calidris falcinellus_Broad-billed Sandpiper,0.7668036285199616,0.761876940727234,0.701834261417389,0.83459860086441,0.03856434350545286,19
denmark,G,Caprimulgus europaeus_Eurasian Nightjar,0.7983076204992321,0.789227366447449,0.701073944568634,0.9412801861763,0.06464305167074243,73
denmark,G,Carduelis carduelis_European Goldfinch,0.8448362480865526,0.845468103885651,0.709246098995209,0.997024118900299,0.077710078326786,1129
denmark,G,Carpodacus erythrinus_Common Rosefinch,0.8141402482986448,0.810879588127136,0.737557768821716,0.957310438156128,0.08795325087076865,5
denmark,G,Certhia brachydactyla_Short-toed Treecreeper,0.8556791692972182,0.876836895942688,0.732115805149078,0.936927080154419,0.08711270481920716,4
denmark,G,Certhia familiaris_Eurasian Treecreeper,0.6853910163044928,0.6935750246047976,0.50174617767334,0.911235511302948,0.12295050717173386,16
denmark,G,Cettia cetti_Cetti's Warbler,0.7188717524210613,0.679882287979126,0.645294845104218,0.83143812417984,0.09900739285203873,3
denmark,G,Charadrius dubius_Little Ringed Plover,0.7961533131270574,0.799712300300598,0.705689072608948,0.97534590959549,0.07311919863600873,29
denmark,G,Charadrius hiaticula_Common Ringed Plover,0.8670178838074206,0.8735730946063995,0.703492403030396,0.99891722202301,0.08425810943060194,96
denmark,G,Charadrius morinellus_Eurasian Dotterel,0.8199790318806967,0.771944999694824,0.754468679428101,0.933523416519165,0.09871981009256756,3
denmark,G,Chlidonias hybrida_Whiskered Tern,0.7474901080131531,0.7474901080131531,0.734664976596832,0.760315239429474,0.018137474788178374,2
denmark,G,Chlidonias niger_Black Tern,0.7847272753715516,0.718938529491425,0.70792430639267,0.92731899023056,0.1236107848751145,3
denmark,G,Chloris chloris_European Greenfinch,0.7755878642201425,0.751370817422867,0.703543841838837,0.929593205451965,0.06999986106374807,8
denmark,G,Chroicocephalus ridibundus_Black-headed Gull,0.7943243540852226,0.780534267425537,0.700777888298035,0.969828128814697,0.06685395192999817,259
denmark,G,Ciconia ciconia_White Stork,0.7892992063002152,0.764749765396118,0.70642626285553,0.903677940368652,0.07050286328920603,11
denmark,G,Circus aeruginosus_Eurasian Marsh-Harrier,0.8997110947966577,0.933505654335022,0.703277289867401,0.997763395309448,0.11588211405171232,8
denmark,G,Cisticola juncidis_Zitting Cisticola,0.7820211350917815,0.7820211350917815,0.735123932361603,0.82891833782196,0.06632266013837898,2
denmark,G,Coccothraustes coccothraustes_Hawfinch,0.858958830887621,0.8621596992015834,0.701201856136322,0.999440014362335,0.09499738459249285,44
denmark,G,Columba livia_Rock Pigeon,0.7892045378684998,0.796205371618271,0.744922697544098,0.819484710693359,0.033116386624189656,4
denmark,G,Columba oenas_Stock Dove,0.857631087303162,0.857631087303162,0.857631087303162,0.857631087303162,NA,1
denmark,G,Columba palumbus_Common Wood-Pigeon,0.8502619318327957,0.8564805686473844,0.70100599527359,0.996508419513702,0.0838224335204991,2128
denmark,G,Corvus corax_Common Raven,0.6747718070234571,0.659823566675186,0.500170469284058,0.966605544090271,0.12439034122044995,224
denmark,G,Corvus cornix_Hooded Crow,0.774505618448351,0.763092219829559,0.700504064559937,0.940386235713959,0.05699891517861959,204
denmark,G,Corvus corone_Carrion Crow,0.756105614559991,0.741349160671234,0.701045989990234,0.896139740943909,0.05025159851597579,84
denmark,G,Corvus frugilegus_Rook,0.8505335972685265,0.849002063274384,0.700724005699158,0.998865842819214,0.0863179730332941,843
denmark,G,Corvus monedula_Eurasian Jackdaw,0.7728423933650173,0.812083721160889,0.513138234615326,0.955583393573761,0.1392147615697912,43
denmark,G,Coturnix coturnix_Common Quail,0.9113127160817385,0.940437972545624,0.703473389148712,0.998979985713959,0.08335680957522308,96
denmark,G,Crex crex_Corn Crake,0.727263450622559,0.727263450622559,0.727263450622559,0.727263450622559,NA,1
denmark,G,Cuculus canorus_Common Cuckoo,0.7046317515504319,0.690800428390503,0.500171661376953,0.997349619865417,0.13452807877770057,2037
denmark,G,Curruca communis_Greater Whitethroat,0.909259676150178,0.9321097135543825,0.727221548557281,0.999883890151978,0.07659148192630585,10808
denmark,G,Curruca curruca_Lesser Whitethroat,0.872062034672078,0.885611832141876,0.700071394443512,0.998793244361877,0.0851850060841453,4831
denmark,G,Curruca nisoria_Barred Warbler,0.725469946861267,0.725469946861267,0.722578406333923,0.728361487388611,0.004089255829921297,2
denmark,G,Cyanistes caeruleus_Eurasian Blue Tit,0.6666042606951454,0.637024998664856,0.500145196914673,0.993620932102203,0.12707532190261456,217
denmark,G,Cygnus columbianus_Tundra Swan,0.7733327500960406,0.764566242694855,0.704608976840973,0.949878811836243,0.05593589541581598,17
denmark,G,Cygnus cygnus_Whooper Swan,0.8098400115966796,0.799070060253143,0.716581106185913,0.95195460319519,0.07647454100326292,15
denmark,G,Cygnus olor_Mute Swan,0.9119241565268561,0.94221967458725,0.703959703445435,0.999848246574402,0.0884317198022782,151
denmark,G,Delichon urbicum_Common House-Martin,0.8035768734084235,0.802416920661926,0.639075577259064,0.99772721529007,0.10047216013478107,1935
denmark,G,Dendrocopos major_Great Spotted Woodpecker,0.7411363881438878,0.733305811882019,0.502792239189148,0.993150651454926,0.13242668823856232,323
denmark,G,Dryobates minor_Lesser Spotted Woodpecker,0.8456685543060302,0.8780143558979034,0.720773100852966,0.9827521443367,0.09452372956396682,8
denmark,G,Dryocopus martius_Black Woodpecker,0.909067302942276,0.8987182974815371,0.86226224899292,0.971633553504944,0.035674614561419654,8
denmark,G,Egretta garzetta_Little Egret,0.7804141243298847,0.760852217674255,0.704472899436951,0.875917255878448,0.08738016355507952,3
denmark,G,Emberiza calandra_Corn Bunting,0.8738910280528122,0.8893288969993596,0.700112283229828,0.998724758625031,0.08765619268173279,2152
denmark,G,Emberiza cia_Rock Bunting,0.705739319324493,0.705739319324493,0.705739319324493,0.705739319324493,NA,1
denmark,G,Emberiza citrinella_Yellowhammer,0.8379591294009276,0.833459973335266,0.700149297714233,0.990708351135254,0.07533018323225019,99
denmark,G,Emberiza hortulana_Ortolan Bunting,0.8211134672164917,0.843889266252518,0.713091909885406,0.915735006332397,0.07665242513152114,8
denmark,G,Emberiza schoeniclus_Reed Bunting,0.9256260309900557,0.972933888435364,0.795147955417633,0.98828399181366,0.07494333777667435,7
denmark,G,Eremophila alpestris_Horned Lark,0.7789806619934414,0.772990643978119,0.70215779542923,0.897492825984955,0.059071600195196444,23
denmark,G,Erithacus rubecula_European Robin,0.8155465586618944,0.815077930688858,0.646181285381317,0.974495887756348,0.09433749470702825,22
denmark,G,Falco columbarius_Merlin,0.7894585047449386,0.7531331181526185,0.707443714141846,0.953210413455963,0.08614754552783233,14
denmark,G,Falco peregrinus_Peregrine Falcon,0.8179029458098942,0.8268821835517886,0.702731788158417,0.948944330215454,0.06356895187918493,18
denmark,G,Falco subbuteo_Eurasian Hobby,0.8570518749100822,0.877905547618866,0.706083476543427,0.97338855266571,0.11322462277245499,7
denmark,G,Falco tinnunculus_Eurasian Kestrel,0.8820575037761517,0.9063134491443635,0.700001239776611,0.999534845352173,0.09138460165292957,622
denmark,G,Ficedula hypoleuca_European Pied Flycatcher,0.7946376105149588,0.8141343891620635,0.707147836685181,0.855809271335602,0.0621608447849307,6
denmark,G,Ficedula parva_Red-breasted Flycatcher,0.799387991428375,0.799387991428375,0.799387991428375,0.799387991428375,NA,1
denmark,G,Fratercula arctica_Atlantic Puffin,0.8347129821777343,0.84110826253891,0.732481479644775,0.924153923988342,0.07928393514795502,4
denmark,G,Fringilla coelebs_Common Chaffinch,0.6758121306506487,0.6497294306755066,0.500213384628296,0.956310987472534,0.13029037177542813,208
denmark,G,Fulica atra_Eurasian Coot,0.862005723722326,0.863974630832672,0.702521145343781,0.994940757751465,0.08909816333308399,159
denmark,G,Galerida cristata_Crested Lark,0.802684764067332,0.8278449773788454,0.701743423938751,0.871934294700623,0.07246057715179313,6
denmark,G,Gallinago gallinago_Common Snipe,0.8498504020665821,0.8802635967731475,0.605483651161194,0.987763941287994,0.12038443984700721,38
denmark,G,Gallinula chloropus_Eurasian Moorhen,0.8891596145927906,0.927484571933746,0.7064328789711,0.999858260154724,0.09131050182478417,80
denmark,G,Garrulus glandarius_Eurasian Jay,0.7214841008186341,0.662036001682281,0.531254351139069,0.940455794334412,0.13622369118797956,15
denmark,G,Gavia immer_Common Loon,0.7710208694140114,0.754130363464355,0.74308043718338,0.815851807594299,0.0392158766483337,3
denmark,G,Gavia stellata_Red-throated Loon,0.804987144470215,0.807453751564026,0.738117873668671,0.913823306560516,0.06986968769893921,5
denmark,G,Glaucidium passerinum_Eurasian Pygmy-Owl,0.865229547023773,0.865229547023773,0.865229547023773,0.865229547023773,NA,1
denmark,G,Grus grus_Common Crane,0.8463505396813703,0.852528363466263,0.701571702957153,0.996259570121765,0.08194393497378923,326
denmark,G,Gyps fulvus_Eurasian Griffon,0.890840828418732,0.890840828418732,0.890840828418732,0.890840828418732,NA,1
denmark,G,Haematopus ostralegus_Eurasian Oystercatcher,0.8805963606613578,0.895335793495178,0.701823830604553,0.999630928039551,0.08849028672856366,583
denmark,G,Haliaeetus albicilla_White-tailed Eagle,0.8121901869773862,0.78655868768692,0.701409518718719,0.901479840278625,0.08356507640545618,5
denmark,G,Hippolais icterina_Icterine Warbler,0.8540215745116725,0.852349758148193,0.714704751968384,0.956188559532166,0.06715926246432524,33
denmark,G,Hirundo rustica_Barn Swallow,0.8536713284825137,0.8514682352542875,0.723264992237091,0.999032258987427,0.07523258856475265,1336
denmark,G,Hydroprogne caspia_Caspian Tern,0.8650903630256653,0.8550195693969724,0.711279809474945,0.999945878982544,0.09643677490934939,50
denmark,G,Ixobrychus minutus_Little Bittern,0.8308269406358401,0.8328823149204255,0.71105545759201,0.986455678939819,0.07805946094049325,24
denmark,G,Jynx torquilla_Eurasian Wryneck,0.867269515991211,0.867269515991211,0.867269515991211,0.867269515991211,NA,1
denmark,G,Lanius collurio_Red-backed Shrike,0.8744604080289197,0.8879901468753815,0.70007199048996,0.999901413917542,0.09049367153431148,3236
denmark,G,Lanius senator_Woodchat Shrike,0.8136475831270216,0.816632479429245,0.725466728210449,0.968811988830566,0.059710740415662746,16
denmark,G,Larus argentatus_Herring Gull,0.7854767938454947,0.7702286541461945,0.712446212768555,0.858366727828979,0.051213524627938184,12
denmark,G,Larus canus_Common Gull,0.785601732134819,0.7821021378040315,0.710737884044647,0.967601895332336,0.05914397415461462,20
denmark,G,Larus michahellis_Yellow-legged Gull,0.779775261878967,0.784823894500732,0.751928627490997,0.802573263645172,0.02569700977369459,3
denmark,G,Limosa lapponica_Bar-tailed Godwit,0.870522379875183,0.870522379875183,0.870522379875183,0.870522379875183,NA,1
denmark,G,Linaria cannabina_Eurasian Linnet,0.7546248910992358,0.758179843425751,0.500298857688904,0.998000681400299,0.14178368000619931,852
denmark,G,Lophophanes cristatus_Crested Tit,0.8272205250603811,0.804870545864105,0.752795100212097,0.975382804870605,0.07985310224920378,7
denmark,G,Loxia curvirostra_Red Crossbill,0.7546306252479557,0.759769916534424,0.735151588916779,0.768970370292664,0.017485328982688713,3
denmark,G,Loxia leucoptera_White-winged Crossbill,0.8187090814113617,0.8005723655223845,0.726194679737091,0.959838032722473,0.0768632996065772,10
denmark,G,Loxia pytyopsittacus_Parrot Crossbill,0.7452708035707475,0.7358527779579165,0.71420431137085,0.795173346996307,0.034803381350422366,4
denmark,G,Lullula arborea_Wood Lark,0.7793533404668173,0.801489174365997,0.70220673084259,0.838211953639984,0.05639452123211821,9
denmark,G,Luscinia luscinia_Thrush Nightingale,0.8065814971923828,0.7881703078746796,0.768053650856018,0.881931722164154,0.052388072107733975,4
denmark,G,Luscinia svecica_Bluethroat,0.7943942844867705,0.7943942844867705,0.793598175048828,0.795190393924713,0.0011258687642715123,2
denmark,G,Mareca penelope_Eurasian Wigeon,0.8257929407633269,0.812801539897919,0.709559857845306,0.951375067234039,0.07640421570895266,13
denmark,G,Mareca strepera_Gadwall,0.9146538900669058,0.940574765205383,0.701112270355225,0.999583780765533,0.08178317186510865,289
denmark,G,Melanitta nigra_Common Scoter,0.8550101481378078,0.8675559163093565,0.722564995288849,0.985779285430908,0.09121037751399588,32
denmark,G,Mergus merganser_Common Merganser,0.813003063201904,0.813003063201904,0.813003063201904,0.813003063201904,NA,1
denmark,G,Mergus serrator_Red-breasted Merganser,0.748108267784119,0.748108267784119,0.748108267784119,0.748108267784119,NA,1
denmark,G,Merops apiaster_European Bee-eater,0.6820961009053622,0.6739490032196045,0.500875353813171,0.959728837013245,0.129763097320037,68
denmark,G,Motacilla alba_White Wagtail,0.8541733429111088,0.867220103740692,0.690569639205933,0.998082876205444,0.08728523477550254,379
denmark,G,Motacilla cinerea_Gray Wagtail,0.8220505145463078,0.833904564380646,0.700638294219971,0.946498811244965,0.07419782864892173,22
denmark,G,Motacilla citreola_Citrine Wagtail,0.7407582998275755,0.7407582998275755,0.733875453472137,0.747641146183014,0.00973381466359137,2
denmark,G,Motacilla flava_Western Yellow Wagtail,0.8430287247429246,0.842467904090881,0.70036244392395,0.991865336894989,0.08629427462996145,651
denmark,G,Muscicapa striata_Spotted Flycatcher,0.8421888784928755,0.8354223966598511,0.700807094573975,0.986748099327087,0.07395230348011586,154
denmark,G,Nucifraga caryocatactes_Eurasian Nutcracker,0.77400341629982,0.77400341629982,0.757385015487671,0.790621817111969,0.023501967813493164,2
denmark,G,Numenius arquata_Eurasian Curlew,0.8560819166423105,0.8600382208824155,0.700267136096954,0.995968699455261,0.08528241320103629,1178
denmark,G,Numenius phaeopus_Whimbrel,0.8536463733072633,0.862100809812546,0.702805459499359,0.993439733982086,0.08881427594279999,54
denmark,G,Nycticorax nycticorax_Black-crowned Night-Heron,0.8176571695428146,0.826245427131653,0.721144914627075,0.955706119537354,0.06477710897921085,19
denmark,G,Oriolus oriolus_Eurasian Golden Oriole,0.8398378193378448,0.8465814888477325,0.719645082950592,0.958827257156372,0.09423834406301759,6
denmark,G,Pandion haliaetus_Osprey,0.8655518889427185,0.8655518889427185,0.795643389225006,0.935460388660431,0.09886554842594472,2
denmark,G,Panurus biarmicus_Bearded Reedling,0.9067208021879197,0.922074019908905,0.831055521965027,0.951679646968842,0.052549373196643906,4
denmark,G,Parus major_Great Tit,0.7496171643479757,0.748153954744339,0.500534057617188,0.999041616916656,0.15721030513765621,694
denmark,G,Passer montanus_Eurasian Tree Sparrow,0.833354373772939,0.803533554077148,0.777036786079407,0.919492781162262,0.07576535223476664,3
denmark,G,Perdix perdix_Gray Partridge,0.796664118766785,0.796664118766785,0.757098972797394,0.836229264736176,0.055953566027183925,2
denmark,G,Periparus ater_Coal Tit,0.8056355118751525,0.8056355118751525,0.804543316364288,0.806727707386017,0.0015445977042275584,2
denmark,G,Pernis apivorus_European Honey-buzzard,0.977131128311157,0.977131128311157,0.977131128311157,0.977131128311157,NA,1
denmark,G,Phalaropus lobatus_Red-necked Phalarope,0.703399658203125,0.703399658203125,0.703399658203125,0.703399658203125,NA,1
denmark,G,Phasianus colchicus_Ring-necked Pheasant,0.8291382158693165,0.867235004901886,0.518130421638489,0.9998939037323,0.1432026627261235,3333
denmark,G,Phoenicopterus roseus_Greater Flamingo,0.8017185032367707,0.7779068648815155,0.76013457775116,0.890925705432892,0.06028568122495182,4
denmark,G,Phoenicurus ochruros_Black Redstart,0.7785747597614924,0.7680791616439819,0.713042914867401,0.956293225288391,0.06896347162249082,12
denmark,G,Phoenicurus phoenicurus_Common Redstart,0.8408659320128592,0.844546437263489,0.700211584568024,0.996074438095093,0.08114086003512262,2261
denmark,G,Phylloscopus collybita_Common Chiffchaff,0.7643872996558072,0.760016530752182,0.500334560871124,0.999583065509796,0.16220090182621594,3596
denmark,G,Phylloscopus sibilatrix_Wood Warbler,0.724855601787567,0.724855601787567,0.724855601787567,0.724855601787567,NA,1
denmark,G,Phylloscopus trochilus_Willow Warbler,0.8255236790730404,0.8220593929290776,0.719293057918549,0.979892075061798,0.06642821105427685,208
denmark,G,Pica pica_Eurasian Magpie,0.7740608215332032,0.786461234092712,0.678070604801178,0.895686745643616,0.08391286123241266,5
denmark,G,Pinicola enucleator_Pine Grosbeak,0.8258804202079774,0.826336264610291,0.704660177230835,0.921144902706146,0.07954206992659145,5
denmark,G,Pluvialis apricaria_European Golden-Plover,0.8249204109112421,0.812124580144882,0.700167179107666,0.97104811668396,0.0884617876596186,12
denmark,G,Pluvialis squatarola_Black-bellied Plover,0.8882077544927597,0.9103639721870425,0.718853116035461,0.996225237846375,0.09543400911391918,60
denmark,G,Podiceps cristatus_Great Crested Grebe,0.738477230072021,0.738477230072021,0.738477230072021,0.738477230072021,NA,1
denmark,G,Podiceps grisegena_Red-necked Grebe,0.8837028861045838,0.882637858390808,0.816406846046448,0.939588129520416,0.05100566816969005,5
denmark,G,Poecile palustris_Marsh Tit,0.9324354909468389,0.935358166694641,0.850996375083923,0.996298491954803,0.04005320693356303,69
denmark,G,Porzana porzana_Spotted Crake,0.817679002498969,0.807934671640396,0.707443594932556,0.966533482074738,0.07817993199850734,78
denmark,G,Prunella modularis_Dunnock,0.7845692641433628,0.8035522699356075,0.501318871974945,0.999591052532196,0.1601662649094934,174
denmark,G,Ptyonoprogne rupestris_Eurasian Crag-Martin,0.709112584590912,0.709112584590912,0.709112584590912,0.709112584590912,NA,1
denmark,G,Puffinus puffinus_Manx Shearwater,0.760351955890656,0.760351955890656,0.760351955890656,0.760351955890656,NA,1
denmark,G,Pyrrhocorax pyrrhocorax_Red-billed Chough,0.714981138706207,0.714981138706207,0.714981138706207,0.714981138706207,NA,1
denmark,G,Pyrrhula pyrrhula_Eurasian Bullfinch,0.8220164254307747,0.804872006177902,0.716563522815704,0.973694145679474,0.1002081109390905,8
denmark,G,Rallus aquaticus_Water Rail,0.8273757312979018,0.8390273451805115,0.723764359951019,0.979206800460815,0.08178506257681628,14
denmark,G,Recurvirostra avosetta_Pied Avocet,0.8656941843072375,0.873138129711151,0.700633347034454,0.998957991600037,0.08827041960204995,603
denmark,G,Regulus ignicapilla_Common Firecrest,0.7465725243091585,0.7465725243091585,0.728079438209534,0.765065610408783,0.026153173172222283,2
denmark,G,Riparia riparia_Bank Swallow,0.8603750085830688,0.8663640022277834,0.703484416007996,0.998999536037445,0.09587548771773523,100
denmark,G,Saxicola rubetra_Whinchat,0.8229199605328696,0.8084837794303895,0.722816526889801,0.966711819171906,0.06786263866029792,14
denmark,G,Saxicola rubicola_European Stonechat,0.8055876337346577,0.8096871078014375,0.703532040119171,0.979151904582977,0.07244741267381302,42
denmark,G,Scolopax rusticola_Eurasian Woodcock,0.9301875522642425,0.981629014015198,0.715126574039459,0.999991536140442,0.09258528011582988,33
denmark,G,Serinus serinus_European Serin,0.8502109169960024,0.910237729549408,0.716204226016998,0.968518972396851,0.1160717332833361,5
denmark,G,Sitta europaea_Eurasian Nuthatch,0.7047483004056491,0.678775727748871,0.502319097518921,0.928966343402863,0.14740686063761846,13
denmark,G,Spinus spinus_Eurasian Siskin,0.938520683692052,0.939979553222656,0.871708452701569,0.982819139957428,0.03311998855278911,13
denmark,G,Sterna hirundo_Common Tern,0.8739819135151657,0.8783603012561796,0.7065709233284,0.996218860149384,0.0884874368616312,102
denmark,G,Sternula albifrons_Little Tern,0.756329377492269,0.716363310813904,0.70015960931778,0.852465212345123,0.08364935171706521,3
denmark,G,Streptopelia decaocto_Eurasian Collared-Dove,0.7896851287001655,0.7799511551856995,0.700594544410706,0.960424065589905,0.06311096634038564,84
denmark,G,Streptopelia turtur_European Turtle-Dove,0.7914104968309403,0.7693958580493929,0.702242493629456,0.950649678707123,0.06991357564098748,20
denmark,G,Strix aluco_Tawny Owl,0.8742637847290664,0.8890984058380125,0.700104892253876,0.999616503715515,0.090846385163508,610
denmark,G,Sturnus vulgaris_European Starling,0.8419871068769886,0.837587356567383,0.703828454017639,0.995686531066895,0.08288364277643431,155
denmark,G,Sylvia atricapilla_Eurasian Blackcap,0.6915881889207022,0.66391521692276,0.614855647087097,0.892661988735199,0.07931824293090899,14
denmark,G,Sylvia borin_Garden Warbler,0.7931064248085024,0.779256105422974,0.700714647769928,0.907552659511566,0.07647536674666697,5
denmark,G,Tachybaptus ruficollis_Little Grebe,0.8705251709274623,0.8831252455711365,0.70119434595108,0.9971062541008,0.08950811150456847,46
denmark,G,Tadorna tadorna_Common Shelduck,0.8735994199911755,0.887251287698746,0.709778666496277,0.997123658657074,0.10541155000342267,24
denmark,G,Thalasseus sandvicensis_Sandwich Tern,0.8829221169153848,0.889569759368896,0.750984728336334,0.98418253660202,0.06801160167900597,15
denmark,G,Tringa erythropus_Spotted Redshank,0.891059314800521,0.9054259061813354,0.700954496860504,0.999621152877808,0.09054111151163893,118
denmark,G,Tringa glareola_Wood Sandpiper,0.8386220685813738,0.8376545011997221,0.710083067417145,0.981065928936005,0.07950974116644395,46
denmark,G,Tringa nebularia_Common Greenshank,0.9519808933138847,0.954018533229828,0.900132358074188,0.999180018901825,0.027715458827976373,480
denmark,G,Tringa ochropus_Green Sandpiper,0.9098290804682708,0.9394946992397305,0.701502442359924,0.999536752700806,0.08611445658671844,492
denmark,G,Tringa totanus_Common Redshank,0.8093155545763451,0.814709067344666,0.701379001140594,0.943794190883636,0.06652639192169939,101
denmark,G,Troglodytes troglodytes_Eurasian Wren,0.6680634280909663,0.677976965904236,0.505466043949127,0.93882691860199,0.12958958579674773,23
denmark,G,Turdus merula_Eurasian Blackbird,0.6475139382432719,0.629195898771286,0.501642823219299,0.958524525165558,0.11364340337792017,122
denmark,G,Turdus pilaris_Fieldfare,0.761355638504028,0.761355638504028,0.761355638504028,0.761355638504028,NA,1
denmark,G,Tyto alba_Barn Owl,0.8383025297751794,0.841118037700653,0.710512101650238,0.982171833515167,0.0776916506868482,39
denmark,G,Vanellus vanellus_Northern Lapwing,0.839022792788113,0.842223882675171,0.704169809818268,0.985852479934692,0.08411422369375789,85
denmark,G,Zapornia parva_Little Crake,0.836863040924072,0.836863040924072,0.785767018795013,0.887959063053131,0.07226068747823103,2
denmark,W,Acanthis cabaret_Lesser Redpoll,0.7611093752914004,0.739585608243942,0.700515508651733,0.899814128875732,0.06662087737724881,18
denmark,W,Acanthis flammea_Common Redpoll,0.8129497484156961,0.798332571983337,0.70479816198349,0.958973348140717,0.07755233257387496,19
denmark,W,Accipiter gentilis_Northern Goshawk,0.734663605690002,0.734663605690002,0.734663605690002,0.734663605690002,NA,1
denmark,W,Acrocephalus dumetorum_Blyth's Reed Warbler,0.773337602615356,0.773337602615356,0.773337602615356,0.773337602615356,NA,1
denmark,W,Actitis hypoleucos_Common Sandpiper,0.8896819521796028,0.918979346752167,0.71423614025116,0.998153269290924,0.08929562403064487,53
denmark,W,Aegithalos caudatus_Long-tailed Tit,0.9013454992614106,0.900189757347107,0.791309654712677,0.997499763965607,0.05953646943506598,167
denmark,W,Alauda arvensis_Eurasian Skylark,0.6855967169632147,0.6633948981761935,0.500051259994507,0.998112320899963,0.13081855161750283,4050
denmark,W,Alcedo atthis_Common Kingfisher,0.9865787029266356,0.985698282718658,0.979669451713562,0.994368374347687,0.007388906310000112,3
denmark,W,Anas crecca_Green-winged Teal,0.8780341863632202,0.898097813129425,0.704707860946655,0.982872247695923,0.07482073688448192,15
denmark,W,Anas platyrhynchos_Mallard,0.7679083214865791,0.779772758483887,0.704099535942078,0.857559263706207,0.060766079883273864,9
denmark,W,Anser albifrons_Greater White-fronted Goose,0.910916179418564,0.910916179418564,0.910462498664856,0.911369860172272,6.416014748814969e-4,2
denmark,W,Anser anser_Graylag Goose,0.9287660152747713,0.930395245552063,0.837920129299164,0.998632967472076,0.047899739102520406,232
denmark,W,Anser brachyrhynchus_Pink-footed Goose,0.8789681792259215,0.8789681792259215,0.821766197681427,0.936170160770416,0.08089581809483963,2
denmark,W,Anthus campestris_Tawny Pipit,0.8015578768470072,0.779936611652374,0.710219085216522,0.904545366764069,0.0758511202432253,11
denmark,W,Anthus cervinus_Red-throated Pipit,0.7948304414749146,0.797186493873596,0.749510109424591,0.841062963008881,0.03392230831510357,5
denmark,W,Anthus petrosus_Rock Pipit,0.7197335958480833,0.715693175792694,0.714195370674133,0.729312241077423,0.008329086886655743,3
denmark,W,Anthus pratensis_Meadow Pipit,0.7681405377327565,0.767128348350525,0.543600082397461,0.99580979347229,0.1267157223208292,789
denmark,W,Anthus richardi_Richard's Pipit,0.789154589176178,0.785418152809143,0.718612670898438,0.854143023490906,0.05569903216180798,5
denmark,W,Anthus rubescens_American Pipit,0.7917602062225342,0.760472506284714,0.700106680393219,0.958295226097107,0.08614476870054094,20
denmark,W,Anthus spinoletta_Water Pipit,0.774770811200142,0.749172031879425,0.702000081539154,0.936731100082397,0.0700865459226781,16
denmark,W,Anthus trivialis_Tree Pipit,0.8672648065202943,0.876822412014008,0.700027525424957,0.999904870986938,0.0878699891953178,18881
denmark,W,Apus apus_Common Swift,0.9415393377605238,0.951672077178955,0.872193217277527,0.988244652748108,0.04015743500775628,19
denmark,W,Ardea cinerea_Gray Heron,0.9135097062665652,0.948795557022095,0.700885534286499,0.999323844909668,0.08798394280941646,153
denmark,W,Asio flammeus_Short-eared Owl,0.778331071138382,0.778331071138382,0.708553075790405,0.848109066486359,0.09868098737631575,2
denmark,W,Athene noctua_Little Owl,0.8170290057252093,0.808485150337219,0.700657963752747,0.98554927110672,0.07884496406852219,205
denmark,W,Bombycilla garrulus_Bohemian Waxwing,0.8029024203618367,0.8073643445968626,0.758478879928589,0.831355571746826,0.026079713223953783,6
denmark,W,Botaurus stellaris_Great Bittern,0.8089525630684936,0.79166042804718,0.700046360492706,0.999138832092285,0.0790199285042768,147
denmark,W,Branta bernicla_Brant,0.785633206367493,0.785633206367493,0.785633206367493,0.785633206367493,NA,1
denmark,W,Branta canadensis_Canada Goose,0.8253486653168995,0.8225015103816985,0.700074970722198,0.967568039894104,0.07875376118163621,72
denmark,W,Branta leucopsis_Barnacle Goose,0.8066724598407745,0.8188303112983706,0.715480089187622,0.938463091850281,0.07570273337393923,10
denmark,W,Bubo bubo_Eurasian Eagle-Owl,0.705809473991394,0.705809473991394,0.705809473991394,0.705809473991394,NA,1
denmark,W,Buteo buteo_Common Buzzard,0.8981166722046005,0.921933144330978,0.70015162229538,0.99745100736618,0.08071018497099858,432
denmark,W,Calcarius lapponicus_Lapland Longspur,0.8057525828480722,0.7559433579444885,0.711860120296478,0.948589324951172,0.09430871668389877,8
denmark,W,Calidris alba_Sanderling,0.740844130516052,0.740844130516052,0.740844130516052,0.740844130516052,NA,1
denmark,W,Calidris alpina_Dunlin,0.8635085480553764,0.868846595287323,0.703032612800598,0.993257522583008,0.08283877044606189,35
denmark,W,Caprimulgus europaeus_Eurasian Nightjar,0.9391974752935998,0.971022367477417,0.700034737586975,0.999950408935547,0.07307692460628402,9663
denmark,W,Carduelis carduelis_European Goldfinch,0.8510764920583335,0.857772350311279,0.711210131645203,0.982581615447998,0.0794874132107673,93
denmark,W,Carpodacus erythrinus_Common Rosefinch,0.7746301094690958,0.7542687356472015,0.705924034118652,0.912637889385223,0.07779579757806232,6
denmark,W,Certhia brachydactyla_Short-toed Treecreeper,0.8456494395549481,0.870771676301956,0.69682365655899,0.962606370449066,0.08045017089024639,26
denmark,W,Certhia familiaris_Eurasian Treecreeper,0.6665977099524116,0.65006160736084,0.500029385089874,0.965767502784729,0.12427967957342602,217
denmark,W,Cettia cetti_Cetti's Warbler,0.733469605445862,0.733469605445862,0.733469605445862,0.733469605445862,NA,1
denmark,W,Charadrius dubius_Little Ringed Plover,0.8440291606462917,0.821215450763702,0.719468295574188,0.946585953235626,0.08210909992438205,13
denmark,W,Charadrius hiaticula_Common Ringed Plover,0.9111511457350946,0.941739082336426,0.705453455448151,0.996081411838531,0.08243866944195266,31
denmark,W,Charadrius morinellus_Eurasian Dotterel,0.8360348641872405,0.8360348641872405,0.821915924549103,0.850153803825378,0.01996719592258111,2
denmark,W,Chloris chloris_European Greenfinch,0.7975148212525152,0.77526068687439,0.706716537475586,0.954630374908447,0.0737934616106737,31
denmark,W,Chroicocephalus ridibundus_Black-headed Gull,0.7902486979961395,0.7769095599651334,0.700550079345703,0.935740351676941,0.066357964452515,40
denmark,W,Circus pygargus_Montagu's Harrier,0.8145848115285237,0.79688686132431,0.770481944084167,0.876385629177094,0.055125408933980505,3
denmark,W,Coccothraustes coccothraustes_Hawfinch,0.8596345153721896,0.873088121414185,0.712539672851562,0.998885691165924,0.09300342092865334,55
denmark,W,Columba oenas_Stock Dove,0.8427396713210941,0.846994638442993,0.70015507936477706,0.99585896730423,0.0830927398483024,1413
denmark,W,Columba palumbus_Common Wood-Pigeon,0.8243356061350439,0.816536068916321,0.701120615005493,0.9948810338974,0.07882659137620426,970
denmark,W,Corvus corax_Common Raven,0.7302876277627616,0.730167031288147,0.500270366668701,0.993883013725281,0.13646160204907667,1450
denmark,W,Corvus cornix_Hooded Crow,0.7724409642426864,0.760149955749512,0.700818955898285,0.951709806919098,0.05824630668689369,115
denmark,W,Corvus corone_Carrion Crow,0.77265371568501,0.757577806711197,0.70019143819809,0.955425024032593,0.059031215995075895,256
denmark,W,Corvus frugilegus_Rook,0.7834872826933863,0.7686998546123505,0.702656447887421,0.915294706821442,0.07541494594084626,8
denmark,W,Corvus monedula_Eurasian Jackdaw,0.7241280443574253,0.7149899899959564,0.500154554843903,0.998153030872345,0.14061817137977672,2432
denmark,W,Coturnix coturnix_Common Quail,0.9324378386078039,0.971027076244354,0.700692594051361,0.99989128112793,0.08008169964033766,241
denmark,W,Cuculus canorus_Common Cuckoo,0.7116669536934418,0.702309429645538,0.500002503395081,0.99977844953537,0.13293589177334,14700
denmark,W,Curruca communis_Greater Whitethroat,0.8506087802705311,0.853205978870392,0.731869518756866,0.980566263198853,0.07871416918521437,21
denmark,W,Cyanistes caeruleus_Eurasian Blue Tit,0.6616900008394971,0.629485607147217,0.500714957714081,0.990103244781494,0.12741996803176742,217
denmark,W,Cygnus columbianus_Tundra Swan,0.771823126077652,0.768645912408829,0.709002077579498,0.875799298286438,0.05634311443521676,10
denmark,W,Cygnus cygnus_Whooper Swan,0.8410527966916561,0.8372834026813505,0.706052422523499,0.959536850452423,0.07438743321078817,32
denmark,W,Cygnus olor_Mute Swan,0.929642165345805,0.9651613533496854,0.724839627742767,0.999150514602661,0.07612079165695279,56
denmark,W,Delichon urbicum_Common House-Martin,0.7951900221533695,0.785270065069199,0.639780342578888,0.994620561599731,0.09656810785306538,118
denmark,W,Dendrocopos major_Great Spotted Woodpecker,0.7239147505922643,0.724924921989441,0.500432014465332,0.988706111907959,0.13076385945968286,499
denmark,W,Dryobates minor_Lesser Spotted Woodpecker,0.8068896463284125,0.792870134115219,0.704325020313263,0.934420108795166,0.0719766369904019,26
denmark,W,Dryocopus martius_Black Woodpecker,0.8945165651922042,0.927549809217453,0.704898536205292,0.999852657318115,0.09297805533003099,208
denmark,W,Egretta garzetta_Little Egret,0.706373035907745,0.706373035907745,0.706373035907745,0.706373035907745,NA,1
denmark,W,Emberiza citrinella_Yellowhammer,0.8227519035339356,0.8117356300354,0.710287153720856,0.925768733024597,0.06674144045069018,10
denmark,W,Emberiza hortulana_Ortolan Bunting,0.7921791672706604,0.795594960451126,0.700308740139008,0.931747019290924,0.07100436341065916,20
denmark,W,Emberiza schoeniclus_Reed Bunting,0.8916231701450963,0.876783728599548,0.777751624584198,0.992398798465729,0.06258207496102056,31
denmark,W,Eremophila alpestris_Horned Lark,0.7643749576348525,0.748024344444275,0.702160716056824,0.868003129959106,0.05162737346610859,13
denmark,W,Erithacus rubecula_European Robin,0.751194231600558,0.738771438598633,0.634466767311096,0.954411923885345,0.07921142623250019,211
denmark,W,Falco subbuteo_Eurasian Hobby,0.803543508052826,0.803543508052826,0.803543508052826,0.803543508052826,NA,1
denmark,W,Falco tinnunculus_Eurasian Kestrel,0.8772065796350177,0.880376935005188,0.727634191513062,0.99416720867157,0.08616055554918176,19
denmark,W,Ficedula albicollis_Collared Flycatcher,0.952304124832153,0.952304124832153,0.952304124832153,0.952304124832153,NA,1
denmark,W,Ficedula hypoleuca_European Pied Flycatcher,0.76329380273819,0.76329380273819,0.76329380273819,0.76329380273819,NA,1
denmark,W,Fratercula arctica_Atlantic Puffin,0.8178639014561974,0.789386332035065,0.72201269865036,0.942192673683167,0.11281859031854383,3
denmark,W,Fringilla coelebs_Common Chaffinch,0.6455355639520444,0.610822319984436,0.500126600265503,0.977313697338104,0.11998111233770176,304
denmark,W,Fringilla montifringilla_Brambling,0.828642964363098,0.828642964363098,0.828642964363098,0.828642964363098,NA,1
denmark,W,Fulica atra_Eurasian Coot,0.905648470952593,0.9267700612545016,0.707821547985077,0.999038815498352,0.07795442266481932,58
denmark,W,Galerida cristata_Crested Lark,0.7714492440223693,0.735294759273529,0.707969546318054,0.932035148143768,0.09286499074199052,5
denmark,W,Gallinago gallinago_Common Snipe,0.8816822929815813,0.9178467392921446,0.621688961982727,0.98866194486618,0.10471056429511129,22
denmark,W,Gallinula chloropus_Eurasian Moorhen,0.9284310042858124,0.962487757205963,0.701203405857086,0.999507069587708,0.07934536006739339,178
denmark,W,Garrulus glandarius_Eurasian Jay,0.729721578906794,0.7062841653823855,0.535088777542114,0.960845410823822,0.11859681558523302,122
denmark,W,Gavia arctica_Arctic Loon,0.729584872722626,0.729584872722626,0.729584872722626,0.729584872722626,NA,1
denmark,W,Gavia immer_Common Loon,0.7800959149996438,0.7695192694664,0.726213991641998,0.849846839904785,0.055775016872672875,6
denmark,W,Gavia stellata_Red-throated Loon,0.766690373420715,0.766690373420715,0.766690373420715,0.766690373420715,NA,1
denmark,W,Glaucidium passerinum_Eurasian Pygmy-Owl,0.755631864070892,0.755631864070892,0.755631864070892,0.755631864070892,NA,1
denmark,W,Grus grus_Common Crane,0.8356706647001145,0.825346648693085,0.700897037982941,0.997625172138214,0.08273737542838101,361
denmark,W,Haematopus ostralegus_Eurasian Oystercatcher,0.8516815006732941,0.846594452857971,0.718888282775879,0.951439261436462,0.07419480380166929,8
denmark,W,Haliaeetus albicilla_White-tailed Eagle,0.8026567697525023,0.780922919511795,0.700327217578888,0.971027016639709,0.09130315970190975,14
denmark,W,Hirundo rustica_Barn Swallow,0.8480347033057895,0.848382502794266,0.723824322223663,0.992043673992157,0.07284638653979374,252
denmark,W,Hydrobates pelagicus_European Storm-Petrel,0.8034946322441103,0.825920104980469,0.717706561088562,0.8668572306633,0.0770626818196398,3
denmark,W,Hydroprogne caspia_Caspian Tern,0.7623211145401,0.7623211145401,0.729523956775665,0.795118272304535,0.046382185317754086,2
denmark,W,Ichthyaetus melanocephalus_Mediterranean Gull,0.9361433982849122,0.950215518474579,0.874452888965607,0.969689667224884,0.042152416945979654,4
denmark,W,Ixobrychus minutus_Little Bittern,0.8168160102584145,0.8123575150966644,0.708643317222595,0.927127718925476,0.07827811970170602,22
denmark,W,Jynx torquilla_Eurasian Wryneck,0.851913779973984,0.851913779973984,0.763934433460236,0.939893126487732,0.1244215850484645,2
denmark,W,Lagopus muta_Rock Ptarmigan,0.832200825214386,0.832200825214386,0.81656551361084,0.847836136817932,0.022111669721664222,2
denmark,W,Larus argentatus_Herring Gull,0.8424220283826194,0.842906594276428,0.826635539531708,0.857723951339722,0.015549869461357174,3
denmark,W,Larus canus_Common Gull,0.845854083697001,0.868981719017029,0.791531920433044,0.87704861164093,0.047216964699230576,3
denmark,W,Limosa lapponica_Bar-tailed Godwit,0.779331922531128,0.779331922531128,0.779331922531128,0.779331922531128,NA,1
denmark,W,Linaria cannabina_Eurasian Linnet,0.7401777317014973,0.741063952445984,0.500310182571411,0.998207092285156,0.13412152844311173,445
denmark,W,Linaria flavirostris_Twite,0.707672357559204,0.707672357559204,0.707672357559204,0.707672357559204,NA,1
denmark,W,Locustella luscinioides_Savi's Warbler,0.713864803314209,0.713864803314209,0.713864803314209,0.713864803314209,NA,1
denmark,W,Locustella naevia_Common Grasshopper-Warbler,0.8159503638744355,0.8159503638744355,0.752245843410492,0.879654884338379,0.09009179682458325,2
denmark,W,Lophophanes cristatus_Crested Tit,0.8975775688886642,0.9315372705459595,0.708333969116211,0.9736208319664,0.09199322389228044,8
denmark,W,Loxia curvirostra_Red Crossbill,0.7981275490352084,0.797286093235016,0.705888628959656,0.887782752513885,0.0666889346723664,7
denmark,W,Loxia leucoptera_White-winged Crossbill,0.8270524442195891,0.8178933560848235,0.734992682933807,0.948935747146606,0.06895181653432708,10
denmark,W,Lullula arborea_Wood Lark,0.7877496232589086,0.75363564491272,0.700638830661774,0.963101327419281,0.07691070680387913,24
denmark,W,Mareca penelope_Eurasian Wigeon,0.726817071437836,0.726817071437836,0.726817071437836,0.726817071437836,NA,1
denmark,W,Mareca strepera_Gadwall,0.8938510629438584,0.921976804733276,0.720389425754547,0.991371393203735,0.084135458424401,31
denmark,W,Melanitta nigra_Common Scoter,0.8948647046861379,0.909559905529022,0.704288125038147,0.999979496002197,0.08973978333268982,247
denmark,W,Milvus migrans_Black Kite,0.709388554096222,0.709388554096222,0.709388554096222,0.709388554096222,NA,1
denmark,W,Motacilla alba_White Wagtail,0.8471738895373557,0.852891206741333,0.689750075340271,0.995177626609802,0.08767791817834253,335
denmark,W,Motacilla cinerea_Gray Wagtail,0.7970409826798872,0.784666180610657,0.704764425754547,0.910686552524567,0.07316340379012894,11
denmark,W,Motacilla citreola_Citrine Wagtail,0.820478320121765,0.820478320121765,0.820478320121765,0.820478320121765,NA,1
denmark,W,Motacilla flava_Western Yellow Wagtail,0.8230702798156176,0.83956179022789,0.700251758098602,0.988719165325165,0.08445073947571281,68
denmark,W,Muscicapa striata_Spotted Flycatcher,0.8222418367260634,0.810982704162598,0.700230062007904,0.981805145740509,0.07658825490472874,99
denmark,W,Numenius arquata_Eurasian Curlew,0.8544840071378487,0.861228793859482,0.70005738735199,0.997362077236176,0.08316472635391282,3176
denmark,W,Numenius phaeopus_Whimbrel,0.8840039527934531,0.915868669748306,0.702518880367279,0.997603952884674,0.0946999255980551,92
denmark,W,Nycticorax nycticorax_Black-crowned Night-Heron,0.8207252653021562,0.8090208470821381,0.700327694416046,0.985280454158783,0.0837324402296344,38
denmark,W,Oenanthe oenanthe_Northern Wheatear,0.755391220251719,0.723875761032104,0.712622106075287,0.829675793647766,0.06457793408701065,3
denmark,W,Panurus biarmicus_Bearded Reedling,0.721246838569641,0.721246838569641,0.721246838569641,0.721246838569641,NA,1
denmark,W,Parus major_Great Tit,0.6760148547944569,0.686269521713257,0.505331814289093,0.951108992099762,0.11464044246052776,21
denmark,W,Perdix perdix_Gray Partridge,0.9100267957238591,0.932165622711182,0.708763182163239,0.996098756790161,0.08357620029095678,17
denmark,W,Periparus ater_Coal Tit,0.753883123397827,0.753883123397827,0.753883123397827,0.753883123397827,NA,1
denmark,W,Phasianus colchicus_Ring-necked Pheasant,0.5442277789115907,0.534502327442169,0.520093858242035,0.578087151050568,0.030195095750918173,3
denmark,W,Phoenicurus ochruros_Black Redstart,0.8049039222977378,0.792237937450409,0.703804612159729,0.943267047405243,0.06908982300779337,55
denmark,W,Phoenicurus phoenicurus_Common Redstart,0.8349635047330097,0.8331620395183565,0.700156152248383,0.997658848762512,0.07868800187835143,1056
denmark,W,Phylloscopus collybita_Common Chiffchaff,0.7136516134284986,0.7036140263080595,0.500175654888153,0.995721578598022,0.13482295022236337,5830
denmark,W,Phylloscopus sibilatrix_Wood Warbler,0.8864949544270833,0.911466896533966,0.807867527008057,0.940150439739227,0.06958728813226384,3
denmark,W,Phylloscopus trochiloides_Greenish Warbler,0.78311163187027,0.78311163187027,0.78311163187027,0.78311163187027,NA,1
denmark,W,Phylloscopus trochilus_Willow Warbler,0.8201985032785506,0.8112563490867615,0.719041407108307,0.988926649093628,0.07413752840629145,252
denmark,W,Pica pica_Eurasian Magpie,0.75009419520696,0.690312743186951,0.662716805934906,0.897253036499023,0.12818805469317973,3
denmark,W,Picus viridis_Eurasian Green Woodpecker,0.8890661279123927,0.915096938610077,0.700162172317505,0.998504996299744,0.08634167398409565,504
denmark,W,Pinicola enucleator_Pine Grosbeak,0.801081995169322,0.782809376716614,0.774349391460419,0.846087217330933,0.039204532314462415,3
denmark,W,Plectrophenax nivalis_Snow Bunting,0.742696940898895,0.742696940898895,0.737943351268768,0.747450530529022,0.00672259092488172,2
denmark,W,Pluvialis apricaria_European Golden-Plover,0.8627096067775379,0.864664793014526,0.710662305355072,0.990174174308777,0.08375613543995224,55
denmark,W,Pluvialis squatarola_Black-bellied Plover,0.8762883618474007,0.8974916040897365,0.759499907493591,0.985918760299683,0.07969240623735352,8
denmark,W,Poecile montanus_Willow Tit,0.809766232967377,0.809766232967377,0.809766232967377,0.809766232967377,NA,1
denmark,W,Poecile palustris_Marsh Tit,0.90523703461108,0.909389019012451,0.84683084487915,0.982281088829041,0.040685641766263644,23
denmark,W,Porzana porzana_Spotted Crake,0.8439772314839549,0.8472634851932526,0.701490819454193,0.994965970516205,0.08552546003112454,770
denmark,W,Prunella modularis_Dunnock,0.6779933793600216,0.637700319290161,0.501468896865845,0.99577808380127,0.154975406144808,43
denmark,W,Pyrrhula pyrrhula_Eurasian Bullfinch,0.8610594254551511,0.873435854911804,0.703282296657562,0.988770008087158,0.08658128740563968,99
denmark,W,Rallus aquaticus_Water Rail,0.8608505725860597,0.863717019557953,0.707687795162201,0.99631541967392,0.09964071130490322,27
denmark,W,Regulus ignicapilla_Common Firecrest,0.716494917869568,0.716494917869568,0.716494917869568,0.716494917869568,NA,1
denmark,W,Regulus regulus_Goldcrest,0.789858946433434,0.75823301076889,0.669538080692291,0.97332239151001,0.09428879823893381,13
denmark,W,Remiz pendulinus_Eurasian Penduline-Tit,0.7899819484778814,0.7834033668041225,0.705914676189423,0.927625954151154,0.06682925144345808,14
denmark,W,Riparia riparia_Bank Swallow,0.8941514033537645,0.910095155239105,0.743151664733887,0.989615797996521,0.08034503575256356,13
denmark,W,Saxicola rubetra_Whinchat,0.8647111946646171,0.8724537193775179,0.70024710893631,0.999804079532623,0.09043198034965337,2212
denmark,W,Saxicola rubicola_European Stonechat,0.8766082605238884,0.890604972839355,0.700017035007477,0.999970674514771,0.08912471936234229,3875
denmark,W,Scolopax rusticola_Eurasian Woodcock,0.9055331702585574,0.9258295297622681,0.701565742492676,0.999820649623871,0.08302945470922035,54
denmark,W,Serinus serinus_European Serin,0.7917311986287436,0.723667681217194,0.707719743251801,0.943806171417236,0.13194196524534002,3
denmark,W,Sitta europaea_Eurasian Nuthatch,0.7752520718771007,0.7903737127780914,0.500175952911377,0.998909592628479,0.14570798616211772,3252
denmark,W,Spinus spinus_Eurasian Siskin,0.9179853068457708,0.922136962413788,0.873979508876801,0.955599188804626,0.029181867086833995,9
denmark,W,Stercorarius parasiticus_Parasitic Jaeger,0.7923555970191956,0.7923555970191956,0.708083152770996,0.876628041267395,0.11917923359013428,2
denmark,W,Stercorarius skua_Great Skua,0.871424555778503,0.871424555778503,0.871424555778503,0.871424555778503,NA,1
denmark,W,Sterna hirundo_Common Tern,0.8257314920425416,0.83637410402298,0.706386208534241,0.941015124320984,0.08748155835546227,5
denmark,W,Sternula albifrons_Little Tern,0.7703980803489686,0.749012172222137,0.707839012145996,0.866129040718079,0.05474358236938928,7
denmark,W,Streptopelia decaocto_Eurasian Collared-Dove,0.777028352022171,0.777028352022171,0.729461133480072,0.82459557056427,0.06727020558660136,2
denmark,W,Streptopelia turtur_European Turtle-Dove,0.766816943883896,0.7381809651851654,0.731328785419464,0.914416491985321,0.07243150638220831,6
denmark,W,Strix aluco_Tawny Owl,0.8668394704599756,0.8746590316295625,0.700038552284241,0.999664664268494,0.08736553824460988,2648
denmark,W,Strix nebulosa_Great Gray Owl,0.8075993458429973,0.799244046211243,0.768495559692383,0.855058431625366,0.043882125897383294,3
denmark,W,Strix uralensis_Ural Owl,0.7840997080008186,0.775290250778198,0.720741868019104,0.883232474327087,0.05642839355613944,6
denmark,W,Sylvia atricapilla_Eurasian Blackcap,0.7268235089523452,0.7112514674663546,0.608069002628326,0.974184691905975,0.08854753224022337,280
denmark,W,Sylvia borin_Garden Warbler,0.8305905163288115,0.831285089254379,0.793437659740448,0.86635422706604,0.02989123394691643,4
denmark,W,Tachybaptus ruficollis_Little Grebe,0.8916889200975866,0.922267436981201,0.703147649765015,0.994945585727692,0.08995325122443713,81
denmark,W,Tetrastes bonasia_Hazel Grouse,0.7387983401616417,0.730555891990662,0.705267369747162,0.780571758747101,0.0383228549895751,3
denmark,W,Thalasseus sandvicensis_Sandwich Tern,0.8894673883914946,0.9158980846405025,0.728744328022003,0.997547805309296,0.09419358308069102,10
denmark,W,Tringa erythropus_Spotted Redshank,0.891226296241467,0.89188688993454,0.752423465251923,0.994830906391144,0.07821660985457288,13
denmark,W,Tringa glareola_Wood Sandpiper,0.8636576967579978,0.8810471594333644,0.701664447784424,0.996562302112579,0.08334954942557495,70
denmark,W,Tringa nebularia_Common Greenshank,0.9539101602325977,0.957977414131165,0.902870059013367,0.998940765857697,0.02533826783044759,71
denmark,W,Tringa ochropus_Green Sandpiper,0.906520778313279,0.929085910320282,0.71091365814209,0.998187601566315,0.07872830289358054,64
denmark,W,Tringa totanus_Common Redshank,0.8533649882583907,0.870416074991226,0.700707256793976,0.992802202701569,0.08751813920711878,132
denmark,W,Troglodytes troglodytes_Eurasian Wren,0.6671385133163977,0.643766283988953,0.500095903873444,0.985319137573242,0.12065197676599532,2443
denmark,W,Turdus iliacus_Redwing,0.7894660472869874,0.784906566143036,0.72421395778656,0.844499707221985,0.044161781458261704,5
denmark,W,Turdus merula_Eurasian Blackbird,0.6945024262636136,0.6879866123199465,0.500388920307159,0.953922033309937,0.13932447383688543,156
denmark,W,Turdus philomelos_Song Thrush,0.9374125166372819,0.925249874591827,0.903917193412781,0.992529213428497,0.02967784534426476,11
denmark,W,Turdus pilaris_Fieldfare,0.8193036615848539,0.8193036615848539,0.706596851348877,0.932010471820831,0.15939149960752946,2
denmark,W,Turdus torquatus_Ring Ouzel,0.7858966588974,0.7858966588974,0.7858966588974,0.7858966588974,NA,1
denmark,W,Turdus viscivorus_Mistle Thrush,0.867512446641922,0.86210098862648,0.788664221763611,0.967517733573914,0.05131126484677241,10
denmark,W,Tyto alba_Barn Owl,0.788859665393829,0.788859665393829,0.788859665393829,0.788859665393829,NA,1
denmark,W,Vanellus vanellus_Northern Lapwing,0.879392743110657,0.879392743110657,0.879392743110657,0.879392743110657,NA,1
finland,F,Acanthis flammea_Common Redpoll,0.730696737766266,0.730696737766266,0.702698111534119,0.758695363998413,0.03959603694531739,2
finland,F,Accipiter gentilis_Northern Goshawk,0.8616383300108069,0.872652888298035,0.700267434120178,0.992318749427795,0.09320961158797499,85
finland,F,Actitis hypoleucos_Common Sandpiper,0.8577910363674166,0.8577910363674166,0.742455363273621,0.973126709461212,0.16310927311467527,2
finland,F,Aegithalos caudatus_Long-tailed Tit,0.9073565295420135,0.913824796676636,0.789523541927338,0.999549448490143,0.0637504519570772,841
finland,F,Aegolius funereus_Boreal Owl,0.8108393669128418,0.7959816455841064,0.705785036087036,0.967171132564545,0.09594424674975825,10
finland,F,Alcedo atthis_Common Kingfisher,0.8067956183637892,0.7921060919761655,0.711011290550232,0.948137223720551,0.07193870980365591,14
finland,F,Anas crecca_Green-winged Teal,0.8007729202508928,0.7773764431476595,0.721749365329742,0.92658942937851,0.09387402611625227,4
finland,F,Anas platyrhynchos_Mallard,0.8562770571027484,0.861464321613312,0.701653957366943,0.942201137542725,0.07604703469805707,7
finland,F,Anser albifrons_Greater White-fronted Goose,0.92851734161377,0.92851734161377,0.92851734161377,0.92851734161377,NA,1
finland,F,Anser anser_Graylag Goose,0.891373574733734,0.891373574733734,0.891373574733734,0.891373574733734,NA,1
finland,F,Anthus trivialis_Tree Pipit,0.8652985150567767,0.8747080862522125,0.700463473796844,0.999929547309875,0.08843675766692326,1878
finland,F,Apus apus_Common Swift,0.945895165205002,0.945895165205002,0.928837358951569,0.962952971458435,0.024123380947937468,2
finland,F,Ardea cinerea_Gray Heron,0.9057129400117057,0.934594094753265,0.702374517917633,0.997597992420197,0.09346238261594385,35
finland,F,Asio otus_Long-eared Owl,0.7563319802284241,0.7563319802284241,0.75020295381546,0.762461006641388,0.008667752277356658,2
finland,F,Athene noctua_Little Owl,0.784209283030763,0.767758965492249,0.705249428749084,0.97131210565567,0.06606261074312675,49
finland,F,Bombycilla garrulus_Bohemian Waxwing,0.8122506588697432,0.794887453317642,0.702934741973877,0.956292986869812,0.11395916934499019,4
finland,F,Botaurus stellaris_Great Bittern,0.7904336452484131,0.767817318439484,0.703535616397858,0.987505674362183,0.07815279083046552,28
finland,F,Branta bernicla_Brant,0.8369106650352478,0.8263448178768156,0.745703518390656,0.949249505996704,0.08784164748680436,4
finland,F,Branta canadensis_Canada Goose,0.8019344847777794,0.7894579768180845,0.703162610530853,0.967084586620331,0.068384345800085,116
finland,F,Branta leucopsis_Barnacle Goose,0.9017205421741192,0.9176268577575686,0.723988115787506,0.997974574565887,0.0772591498975267,26
finland,F,Bubo bubo_Eurasian Eagle-Owl,0.7974950750084484,0.782876193523407,0.701557457447052,0.969020843505859,0.06778311200590167,68
finland,F,Bucephala clangula_Common Goldeneye,0.9329785108566284,0.974974453449249,0.754856288433075,0.998737275600433,0.07668798051588997,29
finland,F,Buteo buteo_Common Buzzard,0.8224727932144613,0.853725433349609,0.70465362071991,0.951020658016205,0.08869691998487643,17
finland,F,Calidris alpina_Dunlin,0.974851429462433,0.974851429462433,0.974851429462433,0.974851429462433,NA,1
finland,F,Caprimulgus europaeus_Eurasian Nightjar,0.905653801229265,0.937949985265732,0.719788134098053,0.997348070144653,0.09718743833706787,18
finland,F,Carduelis carduelis_European Goldfinch,0.7616269886493682,0.7499503791332245,0.729437708854675,0.802212417125702,0.0320126798174222,6
finland,F,Carpodacus erythrinus_Common Rosefinch,0.7684518635272979,0.7599168717861176,0.702017068862915,0.874139428138733,0.06624414992573895,10
finland,F,Certhia familiaris_Eurasian Treecreeper,0.7142758602915258,0.6999862790107725,0.500167369842529,0.999499082565308,0.14532653844062407,2216
finland,F,Charadrius dubius_Little Ringed Plover,0.881695032119751,0.881695032119751,0.881695032119751,0.881695032119751,NA,1
finland,F,Charadrius hiaticula_Common Ringed Plover,0.828546166419983,0.828546166419983,0.828546166419983,0.828546166419983,NA,1
finland,F,Chloris chloris_European Greenfinch,0.70582714676857,0.70582714676857,0.70389199256897,0.70776230096817,0.002736721314357647,2
finland,F,Clanga pomarina_Lesser Spotted Eagle,0.715209364891052,0.715209364891052,0.715209364891052,0.715209364891052,NA,1
finland,F,Clangula hyemalis_Long-tailed Duck,0.8768790463606518,0.888320326805115,0.735183596611023,0.974392116069794,0.07753072763633452,12
finland,F,Coccothraustes coccothraustes_Hawfinch,0.8322029934335717,0.826446831226349,0.701010406017303,0.99068146944046,0.0807393432555533,223
finland,F,Columba livia_Rock Pigeon,0.7910780608654022,0.789060115814209,0.760759890079498,0.825432121753693,0.02935548374145597,4
finland,F,Columba oenas_Stock Dove,0.7878161400556564,0.772635579109192,0.701495826244354,0.973827004432678,0.06189193626363797,60
finland,F,Columba palumbus_Common Wood-Pigeon,0.8650714493565248,0.8723506927490234,0.701066493988037,0.999179184436798,0.08884305477383689,2268
finland,F,Corvus corax_Common Raven,0.7245748690064089,0.7123142182826996,0.500796020030975,0.992516458034515,0.13893479616071955,386
finland,F,Coturnix coturnix_Common Quail,0.7424519658088686,0.748641073703766,0.714380502700806,0.764334321022034,0.02554554332204689,3
finland,F,Crex crex_Corn Crake,0.725673109292984,0.725673109292984,0.712101876735687,0.739244341850281,0.019192621140648684,2
finland,F,Cuculus canorus_Common Cuckoo,0.7097035049254657,0.689563721418381,0.50004380941391,0.998676240444183,0.14132595125999275,2096
finland,F,Curruca curruca_Lesser Whitethroat,0.8777190291918017,0.903625547885895,0.703411042690277,0.998694479465485,0.09118528740879445,327
finland,F,Cyanistes caeruleus_Eurasian Blue Tit,0.7035012073320437,0.684117615222931,0.500160217285156,0.998006284236908,0.13729261922330072,4807
finland,F,Cygnus columbianus_Tundra Swan,0.762347459793091,0.762347459793091,0.762347459793091,0.762347459793091,NA,1
finland,F,Cygnus cygnus_Whooper Swan,0.8939611691445228,0.91509735584259,0.701700687408447,0.99778026342392,0.08197397135276559,257
finland,F,Delichon urbicum_Common House-Martin,0.7809299443449291,0.7700246870517731,0.642264902591705,0.967818558216095,0.1103264842793007,14
finland,F,Dendrocopos leucotos_White-backed Woodpecker,0.7861246126038687,0.771751284599304,0.702715456485748,0.907173573970795,0.07964720388910754,7
finland,F,Dendrocopos major_Great Spotted Woodpecker,0.7607822971988264,0.774320125579834,0.500074028968811,0.997559905052185,0.14189133246432176,4907
finland,F,Dendrocoptes medius_Middle Spotted Woodpecker,0.7627319991588595,0.7627319991588595,0.704904317855835,0.820559680461884,0.08178069117932632,2
finland,F,Dryobates minor_Lesser Spotted Woodpecker,0.8624324642476581,0.882134348154068,0.703372716903687,0.991035938262939,0.09087152535433275,42
finland,F,Dryocopus martius_Black Woodpecker,0.9208309133126945,0.9550430774688721,0.703416645526886,0.999932646751404,0.08220196756692784,772
finland,F,Emberiza pusilla_Little Bunting,0.7786031518227015,0.770858585834503,0.701645374298096,0.953881144523621,0.06500394768967108,39
finland,F,Emberiza rustica_Rustic Bunting,0.8013365268707273,0.792054295539856,0.790777742862701,0.821177542209625,0.01719467399932806,3
finland,F,Erithacus rubecula_European Robin,0.7869863819622447,0.782160341739655,0.633169412612915,0.994752049446106,0.0952612137391277,2313
finland,F,Falco subbuteo_Eurasian Hobby,0.7668031215667724,0.743859529495239,0.704617977142334,0.859160423278809,0.07008671326603101,5
finland,F,Ficedula hypoleuca_European Pied Flycatcher,0.8743529929708472,0.882712185382843,0.700339317321777,0.999940514564514,0.09008539117912867,1115
finland,F,Ficedula parva_Red-breasted Flycatcher,0.8184199828869131,0.809545755386353,0.700486242771149,0.999991178512573,0.07852240162234102,677
finland,F,Fringilla coelebs_Common Chaffinch,0.7277402346829345,0.715452551841736,0.500008285045624,0.999221205711365,0.14878625481933264,6513
finland,F,Fringilla montifringilla_Brambling,0.8283012628555297,0.842398643493652,0.702781736850739,0.985391139984131,0.10851874705468938,5
finland,F,Fulica atra_Eurasian Coot,0.802514433860779,0.802514433860779,0.730423748493195,0.874605119228363,0.10195162496760893,2
finland,F,Fulmarus glacialis_Northern Fulmar,0.8911187648773196,0.8911187648773196,0.880767941474915,0.901469588279724,0.014638274837409279,2
finland,F,Gallinago gallinago_Common Snipe,0.6921180598437786,0.6542676985263824,0.59787917137146,0.853540480136871,0.08362866534544934,16
finland,F,Gallinula chloropus_Eurasian Moorhen,0.774725639820099,0.775642514228821,0.730837643146515,0.807360351085663,0.03173621165695347,5
finland,F,Garrulus glandarius_Eurasian Jay,0.8025237776465335,0.8293501138687135,0.530554294586182,0.995071291923523,0.13497311906318596,590
finland,F,Gavia arctica_Arctic Loon,0.851326406002045,0.851326406002045,0.851326406002045,0.851326406002045,NA,1
finland,F,Gavia immer_Common Loon,0.7856087684631345,0.7856087684631345,0.775496959686279,0.79572057723999,0.01430025711235238,2
finland,F,Gavia stellata_Red-throated Loon,0.9160177857683809,0.944375813007355,0.703564882278442,0.999914288520813,0.08228957709980281,298
finland,F,Glaucidium passerinum_Eurasian Pygmy-Owl,0.8876778777907877,0.92193478345871,0.701704800128937,0.99996292591095,0.09328783672961986,85
finland,F,Grus grus_Common Crane,0.8949002064304588,0.921419620513916,0.702612638473511,0.998270392417908,0.08585574550814586,81
finland,F,Haematopus ostralegus_Eurasian Oystercatcher,0.815356910228729,0.815356910228729,0.815356910228729,0.815356910228729,NA,1
finland,F,Haliaeetus albicilla_White-tailed Eagle,0.725138664245605,0.725138664245605,0.725138664245605,0.725138664245605,NA,1
finland,F,Hippolais icterina_Icterine Warbler,0.8675459868767682,0.861877918243408,0.7365762591362,0.995550870895386,0.09558616479441559,17
finland,F,Hirundo rustica_Barn Swallow,0.8483406689636496,0.847696423530579,0.724836885929108,0.990505397319794,0.07201460684039694,259
finland,F,Hydroprogne caspia_Caspian Tern,0.916192770004272,0.916192770004272,0.916192770004272,0.916192770004272,NA,1
finland,F,Ixobrychus minutus_Little Bittern,0.7703616817792257,0.766136229038239,0.725072979927063,0.819875836372375,0.047542467707275625,3
finland,F,Lanius collurio_Red-backed Shrike,0.8824678378946641,0.898687601089478,0.745447993278503,0.997575342655182,0.08214211296056434,17
finland,F,Linaria cannabina_Eurasian Linnet,0.600131571292877,0.600131571292877,0.600131571292877,0.600131571292877,NA,1
finland,F,Locustella luscinioides_Savi's Warbler,0.7880499958992,0.7880499958992,0.7880499958992,0.7880499958992,NA,1
finland,F,Lophophanes cristatus_Crested Tit,0.869922403366335,0.866911649703979,0.703300654888153,0.996532082557678,0.09305667438709439,31
finland,F,Loxia leucoptera_White-winged Crossbill,0.8330045728122487,0.831457078456879,0.70261561870575,0.982005000114441,0.0900273847162172,17
finland,F,Loxia pytyopsittacus_Parrot Crossbill,0.881641149520874,0.881641149520874,0.805444657802582,0.957837641239166,0.10775811199325779,2
finland,F,Luscinia luscinia_Thrush Nightingale,0.8645213723182678,0.853877604007721,0.780568301677704,0.944891512393951,0.06932103095562288,5
finland,F,Mareca penelope_Eurasian Wigeon,0.877943336963654,0.877943336963654,0.877943336963654,0.877943336963654,NA,1
finland,F,Melanitta nigra_Common Scoter,0.8627780207565853,0.8905718922615055,0.703470289707184,0.994410216808319,0.09956670404049099,14
finland,F,Mergellus albellus_Smew,0.7510132566094398,0.7385334074497225,0.704128861427307,0.818885862827301,0.044450533290931266,8
finland,F,Merops apiaster_European Bee-eater,0.536274015903473,0.536274015903473,0.536274015903473,0.536274015903473,NA,1
finland,F,Motacilla alba_White Wagtail,0.8124451041221619,0.7772795855998995,0.692601919174194,0.986973345279694,0.0963443003544306,22
finland,F,Motacilla cinerea_Gray Wagtail,0.8208557238765792,0.809994399547577,0.700257122516632,0.97907167673111,0.07720853112200522,51
finland,F,Muscicapa striata_Spotted Flycatcher,0.848846896978968,0.8509878814220425,0.700050115585327,0.998595535755157,0.08565453623887266,2070
finland,F,Nucifraga caryocatactes_Eurasian Nutcracker,0.8672459522883098,0.8852584064006805,0.710779845714569,0.964754402637482,0.0970739481308474,6
finland,F,Numenius arquata_Eurasian Curlew,0.8483173847198486,0.843893468379974,0.762188494205475,0.938870191574097,0.08842388717479567,3
finland,F,Numenius phaeopus_Whimbrel,0.8620169361432393,0.8794891834259035,0.725897133350372,0.96598219871521,0.09841486242991404,6
finland,F,Oriolus oriolus_Eurasian Golden Oriole,0.7940272367189801,0.784879446029663,0.703343510627747,0.986585259437561,0.0684684550150476,63
finland,F,Parus major_Great Tit,0.7169902896909119,0.694511353969574,0.50037682056427,0.99838924407959,0.14684002110834246,1702
finland,F,Periparus ater_Coal Tit,0.8125296394999435,0.807020425796509,0.704620718955994,0.959613919258118,0.07747166521025478,41
finland,F,Perisoreus infaustus_Siberian Jay,0.729296803474426,0.729296803474426,0.729296803474426,0.729296803474426,NA,1
finland,F,Phoenicurus ochruros_Black Redstart,0.765981117884318,0.732023298740387,0.717919170856476,0.848000884056091,0.07138041144456696,3
finland,F,Phoenicurus phoenicurus_Common Redstart,0.8139056166013082,0.792023360729218,0.710494160652161,0.992521345615387,0.08230569851298461,21
finland,F,Phylloscopus borealis_Arctic Warbler,0.768841028213501,0.768841028213501,0.763907074928284,0.773774981498718,0.00697766365206918,2
finland,F,Phylloscopus collybita_Common Chiffchaff,0.6959039261152139,0.679301172494888,0.500840604305267,0.988495230674744,0.1301356294787791,858
finland,F,Phylloscopus inornatus_Yellow-browed Warbler,0.738893568515778,0.738893568515778,0.738893568515778,0.738893568515778,NA,1
finland,F,Phylloscopus proregulus_Pallas's Leaf Warbler,0.8096353411674501,0.803532063961029,0.747696697711945,0.890397250652313,0.05246511479601993,10
finland,F,Phylloscopus sibilatrix_Wood Warbler,0.8717437314867774,0.8810462057590485,0.700278997421265,0.99999475479126,0.09258310394333953,1198
finland,F,Phylloscopus trochiloides_Greenish Warbler,0.9055283940755404,0.905645072460175,0.763427317142487,0.99497789144516,0.07408288917086522,13
finland,F,Phylloscopus trochilus_Willow Warbler,0.8651844632293968,0.870178282260895,0.719068109989166,0.997709155082703,0.07670923037008297,3487
finland,F,Pica pica_Eurasian Magpie,0.729676326115926,0.748246312141418,0.64788693189621,0.79289573431015,0.07426655694268786,3
finland,F,Picoides tridactylus_Eurasian Three-toed Woodpecker,0.7083148956298827,0.707498550415039,0.706642091274261,0.710804045200348,0.002197789742688408,3
finland,F,Picus canus_Gray-headed Woodpecker,0.8720634427335527,0.8876116275787356,0.70067435503006,0.99483996629715,0.09001359510332796,90
finland,F,Picus viridis_Eurasian Green Woodpecker,0.7732364535331726,0.7765246629714965,0.712982714176178,0.825605392456055,0.042136836934611226,6
finland,F,Pinicola enucleator_Pine Grosbeak,0.8431923413276672,0.857415199279785,0.723450243473053,0.944723606109619,0.0752096810832403,25
finland,F,Poecile montanus_Willow Tit,0.8355337486547583,0.833672881126404,0.70823347568512,0.974593877792358,0.07477924961859725,17
finland,F,Poecile palustris_Marsh Tit,0.8957241127888362,0.8890364766120915,0.848359704017639,0.959490418434143,0.03229954342269863,12
finland,F,Prunella modularis_Dunnock,0.7814415953528714,0.797330915927887,0.522436082363129,0.992402911186218,0.14858521285048099,71
finland,F,Pyrrhula pyrrhula_Eurasian Bullfinch,0.8468719459161527,0.8443267941474915,0.704773902893066,0.994783699512482,0.08414084029866024,82
finland,F,Rallus aquaticus_Water Rail,0.751770317554474,0.751770317554474,0.751770317554474,0.751770317554474,NA,1
finland,F,Regulus ignicapilla_Common Firecrest,0.7890284322202206,0.7911039888858795,0.702479183673859,0.883703052997589,0.047712678710274105,16
finland,F,Regulus regulus_Goldcrest,0.7895018309802264,0.771350204944611,0.660100042819977,0.990918636322021,0.09017539144278411,333
finland,F,Remiz pendulinus_Eurasian Penduline-Tit,0.7737854123115541,0.7378602623939515,0.710228741168976,0.909192383289337,0.091764512719619315,4
finland,F,Scolopax rusticola_Eurasian Woodcock,0.956719887830526,0.9966151714324956,0.700206339359283,0.999999642372131,0.07395639048686832,2638
finland,F,Sitta europaea_Eurasian Nuthatch,0.591646671295166,0.625159621238708,0.509237289428711,0.640543103218079,0.07178190958842488,3
finland,F,Somateria spectabilis_King Eider,0.910391926765442,0.910391926765442,0.910391926765442,0.910391926765442,NA,1
finland,F,Spinus spinus_Eurasian Siskin,0.9299254321910507,0.928684234619141,0.869842529296875,0.999414920806885,0.0354013368278655,337
finland,F,Streptopelia decaocto_Eurasian Collared-Dove,0.7310391068458559,0.7310391068458559,0.700963318347931,0.761114895343781,0.04253358799283023,2
finland,F,Strix aluco_Tawny Owl,0.8493896391436639,0.852947235107422,0.700554609298706,0.997633934020996,0.08606962660425767,903
finland,F,Strix nebulosa_Great Gray Owl,0.7888633012771606,0.7713117599487305,0.70014476776123,0.98077780008316,0.07036149930080142,132
finland,F,Strix uralensis_Ural Owl,0.8086121573821822,0.7979674935340886,0.700006783008575,0.999305486679077,0.0739487690811805,2412
finland,F,Sylvia atricapilla_Eurasian Blackcap,0.7930200157743512,0.785384714603424,0.608888506889343,0.997552454471588,0.1141386518911599,495
finland,F,Sylvia borin_Garden Warbler,0.8789138667226777,0.896599292755127,0.703174114227295,0.997829616069794,0.09113281008345157,254
finland,F,Tarsiger cyanurus_Red-flanked Bluetail,0.872156282265981,0.878551185131073,0.849443137645721,0.888474524021149,0.020286285209161842,3
finland,F,Tetrao urogallus_Western Capercaillie,0.8149258136749267,0.794144928455353,0.723639905452728,0.961160838603973,0.08157041733577769,10
finland,F,Tetrastes bonasia_Hazel Grouse,0.8106489499861543,0.7849982380867004,0.700955510139465,0.999235391616821,0.09067447596370339,176
finland,F,Tringa glareola_Wood Sandpiper,0.815527498722076,0.815527498722076,0.815527498722076,0.815527498722076,NA,1
finland,F,Tringa nebularia_Common Greenshank,0.938255786895752,0.938255786895752,0.938255786895752,0.938255786895752,NA,1
finland,F,Tringa ochropus_Green Sandpiper,0.8945966869184415,0.916518926620483,0.722133994102478,0.999816119670868,0.092089631127819,73
finland,F,Troglodytes troglodytes_Eurasian Wren,0.7216091857450764,0.718496680259705,0.500443160533905,0.99273818731308,0.13669765495431263,328
finland,F,Turdus iliacus_Redwing,0.8991416149548418,0.925994992256165,0.700044274330139,0.999998807907104,0.09071065183615608,23025
finland,F,Turdus merula_Eurasian Blackbird,0.7235652936953743,0.705788135528564,0.500027716159821,0.999535202980042,0.1479500173204115,9059
finland,F,Turdus philomelos_Song Thrush,0.941984708894763,0.942426681518555,0.901745855808258,0.990945935249329,0.025961238614229977,57
finland,F,Turdus pilaris_Fieldfare,0.8203690477779931,0.825768709182739,0.701626718044281,0.916019022464752,0.07922495346051198,7
finland,F,Turdus viscivorus_Mistle Thrush,0.9074699431018256,0.92664235830307,0.747375249862671,0.999448835849762,0.0779837146672754,233
finland,F,Tyto alba_Barn Owl,0.807668745517731,0.767161011695862,0.711874842643738,0.943970382213593,0.12123424535416165,3
finland,W,Acanthis cabaret_Lesser Redpoll,0.8028232852617898,0.7973276972770691,0.7325599193573,0.881448149681091,0.0711748318913057,6
finland,W,Acanthis flammea_Common Redpoll,0.8033529445528983,0.79632043838501,0.702656686306,0.924002885818481,0.07210976031954862,16
finland,W,Accipiter gentilis_Northern Goshawk,0.8525483109230219,0.8499537110328674,0.70043557882309,0.999157190322876,0.09050576404367858,86
finland,W,Accipiter nisus_Eurasian Sparrowhawk,0.7607482969760895,0.7607482969760895,0.701732933521271,0.819763660430908,0.08346032738618184,2
finland,W,Acrocephalus schoenobaenus_Sedge Warbler,0.8011637479066849,0.7922688126564026,0.70507287979126,0.953379154205322,0.07008264439179544,40
finland,W,Actitis hypoleucos_Common Sandpiper,0.8883347670662212,0.908992767333984,0.700083494186401,0.999024868011475,0.09189409918021571,187
finland,W,Aegithalos caudatus_Long-tailed Tit,0.92262107335915,0.9315109848976135,0.792066156864166,0.999868988990784,0.06679154740344762,118
finland,W,Aegolius funereus_Boreal Owl,0.7949371363805687,0.791683495044708,0.700388133525848,0.962550461292267,0.0665113480336621,46
finland,W,Alcedo atthis_Common Kingfisher,0.7460720539093018,0.73480623960495,0.71697062253952,0.790056169033051,0.03276984319416679,5
finland,W,Anas crecca_Green-winged Teal,0.8207262059052784,0.80905157327652,0.705678641796112,0.950161576271057,0.07593699216506869,36
finland,W,Anas platyrhynchos_Mallard,0.833958313271806,0.8324958980083466,0.703273892402649,0.975182890892029,0.06856610649655885,74
finland,W,Anser albifrons_Greater White-fronted Goose,0.8836565244765509,0.9042926728725436,0.701318740844727,0.998288333415985,0.09906291516275845,42
finland,W,Anthus campestris_Tawny Pipit,0.730504512786865,0.730504512786865,0.730504512786865,0.730504512786865,NA,1
finland,W,Anthus pratensis_Meadow Pipit,0.7360730486757615,0.674296617507935,0.560361981391907,0.983302533626556,0.15277177983089188,17
finland,W,Anthus trivialis_Tree Pipit,0.8823027589369666,0.89949294924736,0.700003921985626,0.999981164932251,0.08788883765629665,26922
finland,W,Apus apus_Common Swift,0.912516196568807,0.897003173828125,0.892612099647522,0.947933316230774,0.030750604172559905,3
finland,W,Ardea cinerea_Gray Heron,0.903873490191054,0.94112640619278,0.701640903949738,0.998754501342773,0.09316661191552869,87
finland,W,Asio otus_Long-eared Owl,0.8497876624266308,0.8441628217697146,0.75199943780899,0.95343691110611,0.07238533582023299,6
finland,W,Athene noctua_Little Owl,0.7953366160392762,0.782057762145996,0.700930237770081,0.988414883613586,0.07095976035777897,40
finland,W,Bombycilla garrulus_Bohemian Waxwing,0.863839030265808,0.863839030265808,0.78815084695816,0.939527213573456,0.10703925534505676,2
finland,W,Botaurus stellaris_Great Bittern,0.8446848425600263,0.8410347402095795,0.702690422534943,0.996677875518799,0.09177944573970663,36
finland,W,Branta bernicla_Brant,0.801097929477692,0.801097929477692,0.801097929477692,0.801097929477692,NA,1
finland,W,Branta canadensis_Canada Goose,0.7883033603429794,0.7559531629085545,0.706501007080078,0.934806108474731,0.10089388466857434,4
finland,W,Branta leucopsis_Barnacle Goose,0.9097241122614254,0.926285743713379,0.703431367874146,0.999639868736267,0.08541775716092155,88
finland,W,Bubo bubo_Eurasian Eagle-Owl,0.7875552400946617,0.759350210428238,0.71247124671936,0.940876960754395,0.08460044766791204,8
finland,W,Bucephala clangula_Common Goldeneye,0.925552087170737,0.957360148429871,0.791624784469604,0.980725824832916,0.06901375241565066,7
finland,W,Buteo buteo_Common Buzzard,0.8090323798248178,0.798536598682404,0.700248420238495,0.994931876659393,0.07523121052855282,473
finland,W,Calidris alpina_Dunlin,0.7948917597532272,0.7713313698768615,0.728203594684601,0.908700704574585,0.07963097165393894,4
finland,W,Caprimulgus europaeus_Eurasian Nightjar,0.8910208770206995,0.899399399757385,0.754802942276001,0.994962573051453,0.10718479132023473,7
finland,W,Carpodacus erythrinus_Common Rosefinch,0.883449047803879,0.883449047803879,0.823774516582489,0.943123579025269,0.08439253138154643,2
finland,W,Certhia familiaris_Eurasian Treecreeper,0.6911574065074986,0.670158982276917,0.500630557537079,0.996596872806549,0.1337641615889534,879
finland,W,Charadrius dubius_Little Ringed Plover,0.8354209320885796,0.831336319446564,0.746093034744263,0.978859782218933,0.08613416532260164,7
finland,W,Charadrius hiaticula_Common Ringed Plover,0.7881565888722737,0.734125196933746,0.732018709182739,0.898325860500336,0.09541520125721384,3
finland,W,Charadrius morinellus_Eurasian Dotterel,0.828589737415314,0.828589737415314,0.828589737415314,0.828589737415314,NA,1
finland,W,Chloris chloris_European Greenfinch,0.757520616054535,0.752897381782532,0.712414264678955,0.807250201702118,0.04758670464652606,3
finland,W,Chroicocephalus ridibundus_Black-headed Gull,0.8273694912592572,0.827454805374146,0.705935657024384,0.943018436431885,0.08151637936738637,15
finland,W,Circus aeruginosus_Eurasian Marsh-Harrier,0.762990415096283,0.762990415096283,0.762990415096283,0.762990415096283,NA,1
finland,W,Clangula hyemalis_Long-tailed Duck,0.8910133639971414,0.905475556850433,0.784351408481598,0.983213126659393,0.100216575504008,3
finland,W,Coccothraustes coccothraustes_Hawfinch,0.8024423332775341,0.78734302520752,0.700717329978943,0.976061820983887,0.07204059238241883,85
finland,W,Columba oenas_Stock Dove,0.7777519375085831,0.77000829577446,0.707096934318542,0.837496042251587,0.040562043700438914,12
finland,W,Columba palumbus_Common Wood-Pigeon,0.8295524906835808,0.8238790333271024,0.701032340526581,0.997841954231262,0.07992298317972904,604
finland,W,Corvus corax_Common Raven,0.7721242209484702,0.784178614616394,0.500097751617432,0.991516590118408,0.13505587626961274,475
finland,W,Corvus monedula_Eurasian Jackdaw,0.6659189872443676,0.5819921493530276,0.511691689491272,0.943712770938873,0.14996524485211626,16
finland,W,Coturnix coturnix_Common Quail,0.7912309646606444,0.778009533882141,0.700964510440826,0.920751214027405,0.07052471000003407,15
finland,W,Crex crex_Corn Crake,0.78346985578537,0.78346985578537,0.78346985578537,0.78346985578537,NA,1
finland,W,Cuculus canorus_Common Cuckoo,0.7743570858781988,0.7910135090351105,0.500133693218231,0.99960321187973,0.15119671330009973,3432
finland,W,Curruca curruca_Lesser Whitethroat,0.837131172418594,0.837131172418594,0.816730439662933,0.857531905174255,0.028850992945404847,2
finland,W,Cyanistes caeruleus_Eurasian Blue Tit,0.6638683699001776,0.6275323331356051,0.501665413379669,0.985332667827606,0.12416695896542834,214
finland,W,Cygnus columbianus_Tundra Swan,0.836281776428223,0.836281776428223,0.836281776428223,0.836281776428223,NA,1
finland,W,Cygnus cygnus_Whooper Swan,0.8991528337295175,0.924778878688812,0.70065438747406,0.999770939350128,0.09088518017157729,577
finland,W,Delichon urbicum_Common House-Martin,0.7147460877895355,0.7147460877895355,0.713677406311035,0.715814769268036,0.0015113438407523062,2
finland,W,Dendrocopos leucotos_White-backed Woodpecker,0.7948471903800964,0.7948471903800964,0.74773645401001,0.841957926750183,0.06662464230795977,2
finland,W,Dendrocopos major_Great Spotted Woodpecker,0.753768488913562,0.7599771618843075,0.500406384468079,0.993057727813721,0.1409304999231099,1402
finland,W,Dryobates minor_Lesser Spotted Woodpecker,0.727165579795837,0.727165579795837,0.727165579795837,0.727165579795837,NA,1
finland,W,Dryocopus martius_Black Woodpecker,0.9226304279067877,0.951285123825073,0.703084886074066,0.999971389770508,0.07792095171835957,1051
finland,W,Emberiza citrinella_Yellowhammer,0.8139620246113958,0.810159862041473,0.701799035072327,0.956155896186829,0.069200166330605,111
finland,W,Emberiza hortulana_Ortolan Bunting,0.7659596085548402,0.7628107070922855,0.701632678508759,0.842252910137177,0.046815914223107456,10
finland,W,Emberiza pusilla_Little Bunting,0.8170471372026386,0.801491498947144,0.706905007362366,0.962425112724304,0.07888478493126072,33
finland,W,Emberiza rustica_Rustic Bunting,0.7794657158851623,0.775197267532349,0.702707886695862,0.910914421081543,0.059462679968030493,25
finland,W,Emberiza schoeniclus_Reed Bunting,0.8457752393709647,0.8449082374572755,0.773752391338348,0.974240481853485,0.04985939422321633,74
finland,W,Erithacus rubecula_European Robin,0.7459427799497332,0.732539296150208,0.633196830749512,0.941293597221375,0.07686266751224413,175
finland,W,Falco subbuteo_Eurasian Hobby,0.888926320605808,0.912737190723419,0.756630480289459,0.984320163726807,0.08309406991433121,9
finland,W,Falco tinnunculus_Eurasian Kestrel,0.922362961939403,0.9688034653663635,0.739206612110138,0.998247504234314,0.084419598645778,14
finland,W,Ficedula hypoleuca_European Pied Flycatcher,0.9033903057918798,0.933038294315338,0.700683951377869,0.999731957912445,0.09025941842843696,458
finland,W,Ficedula parva_Red-breasted Flycatcher,0.8156266767870297,0.8062430024147036,0.70117604732513406,0.97136116027832,0.08296964644355205,44
finland,W,Fringilla coelebs_Common Chaffinch,0.6146446439146086,0.5900764465332036,0.500203609466553,0.92633843421936,0.093661673902523307,262
finland,W,Fringilla montifringilla_Brambling,0.8669559700148446,0.923612415790558,0.702051222324371,0.99098151922226,0.126744632234788,7
finland,W,Fulica atra_Eurasian Coot,0.7909528187343053,0.783336400985718,0.709036231040955,0.931199073791504,0.07517207093153326,7
finland,W,Gallinago gallinago_Common Snipe,0.8677197396755217,0.9464781880378725,0.604248523712158,0.995643019676208,0.15272562040895188,14
finland,W,Gallinula chloropus_Eurasian Moorhen,0.7948489673435689,0.7752007842063905,0.706567227840424,0.95968097448349,0.07264693096044378,16
finland,W,Garrulus glandarius_Eurasian Jay,0.7762407274335943,0.7774358689785005,0.530372560024261,0.99693101644516,0.1376046261588334,372
finland,W,Gavia arctica_Arctic Loon,0.8759508746010917,0.883418083190918,0.702631413936615,0.984581410884857,0.07553535225172539,105
finland,W,Gavia immer_Common Loon,0.788364239037037,0.7895833253860476,0.72181510925293,0.874111652374268,0.05292658987922833,8
finland,W,Gavia stellata_Red-throated Loon,0.8847033143043518,0.8970323503017426,0.721955537796021,0.999730885028839,0.11839359027495276,10
finland,W,Glaucidium passerinum_Eurasian Pygmy-Owl,0.8507996678352356,0.8558187484741211,0.725868344306946,0.999688506126404,0.08823309324060725,20
finland,W,Grus grus_Common Crane,0.8837321241449866,0.898615598678589,0.704602301120758,0.999455034732819,0.09311749961305832,161
finland,W,Haematopus ostralegus_Eurasian Oystercatcher,0.8391007908752988,0.826606273651123,0.715618431568146,0.95286238193512,0.0813129665147508,14
finland,W,Hirundo rustica_Barn Swallow,0.8513132910690231,0.8458295464515685,0.723736703395844,0.999308466911316,0.07585008921343804,998
finland,W,Hydrocoloeus minutus_Little Gull,0.9577646106481554,0.959331572055817,0.93657124042511,0.975824058055878,0.01633854158302822,4
finland,W,Hydroprogne caspia_Caspian Tern,0.999680638313293,0.999680638313293,0.999680638313293,0.999680638313293,NA,1
finland,W,Larus canus_Common Gull,0.8283457383669647,0.823647022247314,0.700057685375214,0.991140425205231,0.07845600930877047,477
finland,W,Linaria cannabina_Eurasian Linnet,0.7530531883239745,0.7530531883239745,0.639110147953033,0.866996228694916,0.16113979303061057,2
finland,W,Locustella naevia_Common Grasshopper-Warbler,0.867250800132751,0.867250800132751,0.867250800132751,0.867250800132751,NA,1
finland,W,Lophophanes cristatus_Crested Tit,0.8913624337021734,0.907289803028107,0.700917482376099,0.999637603759766,0.08689762584609445,355
finland,W,Loxia leucoptera_White-winged Crossbill,0.7748322343004161,0.744668185710907,0.70002681016922,0.94166111946106,0.06443260149412394,29
finland,W,Loxia pytyopsittacus_Parrot Crossbill,0.836081365059162,0.838839054107666,0.712916433811188,0.980508029460907,0.08293090753737939,29
finland,W,Lullula arborea_Wood Lark,0.7987746357917787,0.804101705551147,0.74815171957016,0.879948973655701,0.05280929254183786,5
finland,W,Lyrurus tetrix_Black Grouse,0.8752739982945579,0.893016815185547,0.700542807579041,0.997463941574097,0.08324925557617077,182
finland,W,Mareca penelope_Eurasian Wigeon,0.7708737452824909,0.7650380730628965,0.703214049339294,0.857479512691498,0.06997492234242066,6
finland,W,Melanitta nigra_Common Scoter,0.8867223337292671,0.9221765995025635,0.714112102985382,0.99212235212326,0.09518434066617204,16
finland,W,Milvus migrans_Black Kite,0.935650050640106,0.935650050640106,0.935650050640106,0.935650050640106,NA,1
finland,W,Milvus milvus_Red Kite,0.771618604660034,0.771618604660034,0.771618604660034,0.771618604660034,NA,1
finland,W,Motacilla alba_White Wagtail,0.8167772110965517,0.8084947764873505,0.690399050712585,0.996615350246429,0.08756785525539348,72
finland,W,Motacilla cinerea_Gray Wagtail,0.7938538855976529,0.762537479400635,0.700319766998291,0.905034184455872,0.08128098130275062,9
finland,W,Motacilla flava_Western Yellow Wagtail,0.847862028158628,0.861812829971313,0.717924058437347,0.974346518516541,0.07493771600470844,13
finland,W,Muscicapa striata_Spotted Flycatcher,0.8363448219179647,0.8281670808792114,0.700422167778015,0.995683908462524,0.08279694958124456,518
finland,W,Nucifraga caryocatactes_Eurasian Nutcracker,0.7806155910858742,0.769480168819427,0.70764571428299,0.881867349147797,0.05124741531802062,13
finland,W,Numenius arquata_Eurasian Curlew,0.858592417213943,0.86214405298233,0.714498698711395,0.994822144508362,0.08327793591139943,91
finland,W,Numenius phaeopus_Whimbrel,0.8177502304315567,0.7727325558662415,0.733431339263916,0.968974530696869,0.0951061535054397,8
finland,W,Oriolus oriolus_Eurasian Golden Oriole,0.753698706626892,0.753698706626892,0.753698706626892,0.753698706626892,NA,1
finland,W,Pandion haliaetus_Osprey,0.8527165341656655,0.862828850746155,0.702044904232025,0.996662557125092,0.08925684258805067,256
finland,W,Parus major_Great Tit,0.6418567327782512,0.5947007834911344,0.500620365142822,0.957449734210968,0.12661652217297606,128
finland,W,Periparus ater_Coal Tit,0.805053064041892,0.798696279525757,0.700750708580017,0.982526540756226,0.07271289028799717,177
finland,W,Perisoreus infaustus_Siberian Jay,0.8102511167526245,0.8102511167526245,0.70642763376236,0.914074599742889,0.1468285777376444,2
finland,W,Phoenicurus ochruros_Black Redstart,0.8624597787857056,0.8624597787857056,0.839618146419525,0.885301411151886,0.032302946278992675,2
finland,W,Phoenicurus phoenicurus_Common Redstart,0.8198580677765773,0.805460631847382,0.701000928878784,0.999830842018127,0.08395918968632876,251
finland,W,Phylloscopus collybita_Common Chiffchaff,0.627441291781989,0.60279044508934,0.501230299472809,0.961256623268127,0.10398515298296444,88
finland,W,Phylloscopus inornatus_Yellow-browed Warbler,0.755183935165405,0.755183935165405,0.755183935165405,0.755183935165405,NA,1
finland,W,Phylloscopus proregulus_Pallas's Leaf Warbler,0.815473631024361,0.802282512187958,0.733038723468781,0.924290776252747,0.09511054690711784,4
finland,W,Phylloscopus sibilatrix_Wood Warbler,0.755382537841797,0.755382537841797,0.750695765018463,0.760069310665131,0.006628097690520531,2
finland,W,Phylloscopus trochilus_Willow Warbler,0.721218705177307,0.721218705177307,0.719091534614563,0.723345875740051,0.003008273459313415,2
finland,W,Pica pica_Eurasian Magpie,0.692931604385376,0.662330090999603,0.654748737812042,0.7891965508461,0.05680068900827422,5
finland,W,Picoides tridactylus_Eurasian Three-toed Woodpecker,0.7791535871369497,0.761725544929504,0.700079679489136,0.911571204662323,0.06097589407489837,35
finland,W,Picus canus_Gray-headed Woodpecker,0.8678022821744283,0.8776723444461825,0.740423977375031,0.99143373966217,0.09936658064534444,12
finland,W,Pinicola enucleator_Pine Grosbeak,0.8070160746574403,0.730031430721283,0.71101850271225,0.979998290538788,0.15010832127595405,3
finland,W,Pluvialis apricaria_European Golden-Plover,0.844130739569664,0.8240811824798584,0.700399398803711,0.993066549301147,0.10194535475935858,24
finland,W,Pluvialis squatarola_Black-bellied Plover,0.8240338722864788,0.836445868015289,0.704790413379669,0.955511689186096,0.07319473584756038,15
finland,W,Poecile cinctus_Gray-headed Chickadee,0.8175498098134995,0.787796527147293,0.748666763305664,0.945939421653748,0.09094144417839736,4
finland,W,Poecile montanus_Willow Tit,0.8385307671401301,0.840057611465454,0.700808584690094,0.990287899971008,0.0868127279918126,203
finland,W,Porzana porzana_Spotted Crake,0.861422061920166,0.861422061920166,0.861422061920166,0.861422061920166,NA,1
finland,W,Prunella modularis_Dunnock,0.6668252380270707,0.6209559738636019,0.503149151802063,0.953792750835419,0.13229792354489214,38
finland,W,Pyrrhula pyrrhula_Eurasian Bullfinch,0.8495718117417961,0.848975270986557,0.700345396995544,0.994746744632721,0.0801172773870858,116
finland,W,Rallus aquaticus_Water Rail,0.8474264542261758,0.8646354377269745,0.711253345012665,0.971215724945068,0.10423656805311451,6
finland,W,Recurvirostra avosetta_Pied Avocet,0.920566022396088,0.920566022396088,0.920566022396088,0.920566022396088,NA,1
finland,W,Regulus ignicapilla_Common Firecrest,0.8108277746609278,0.78225165605545,0.709283232688904,0.944041013717651,0.0969994067735459,7
finland,W,Regulus regulus_Goldcrest,0.7837995382878744,0.773901879787445,0.660191595554352,0.996232926845551,0.08418379809119356,867
finland,W,Remiz pendulinus_Eurasian Penduline-Tit,0.7884075740973155,0.7792698740959165,0.724723339080811,0.891674876213074,0.056651616631175884,6
finland,W,Scolopax rusticola_Eurasian Woodcock,0.9385541744516116,0.9794817864894865,0.700096905231476,0.999999046325684,0.08031391302086352,1058
finland,W,Sitta europaea_Eurasian Nuthatch,0.6957456946372986,0.70361715555191,0.592061161994934,0.76354056596756,0.06414735962324121,5
finland,W,Spinus spinus_Eurasian Siskin,0.9277580440044403,0.9279389977455139,0.869024813175201,0.9992635846138,0.03646884573543398,690
finland,W,Stercorarius skua_Great Skua,0.85119104385376,0.85119104385376,0.85119104385376,0.85119104385376,NA,1
finland,W,Sterna hirundo_Common Tern,0.9134964266338863,0.943553984165192,0.705385148525238,0.99604743719101,0.08345354980559658,37
finland,W,Streptopelia decaocto_Eurasian Collared-Dove,0.761443912982941,0.761443912982941,0.761443912982941,0.761443912982941,NA,1
finland,W,Streptopelia turtur_European Turtle-Dove,0.712408185005188,0.712408185005188,0.712408185005188,0.712408185005188,NA,1
finland,W,Strix aluco_Tawny Owl,0.8131714500026939,0.808212518692017,0.701648533344269,0.974803268909454,0.07315754112766261,81
finland,W,Strix nebulosa_Great Gray Owl,0.8372519254684451,0.854399621486664,0.705662727355957,0.917401492595673,0.08168272732821882,5
finland,W,Strix uralensis_Ural Owl,0.8021570595687834,0.789917916059494,0.700313925743103,0.980779945850372,0.07657953576958028,232
finland,W,Tachybaptus ruficollis_Little Grebe,0.852437376976013,0.852437376976013,0.852437376976013,0.852437376976013,NA,1
finland,W,Tarsiger cyanurus_Red-flanked Bluetail,0.7909922416393573,0.748907268047333,0.705579578876495,0.942512273788452,0.07968029707875304,13
finland,W,Tetrao urogallus_Western Capercaillie,0.8109492489269803,0.79636561870575,0.705606698989868,0.961125910282135,0.07234069290336928,21
finland,W,Tetrastes bonasia_Hazel Grouse,0.8208821662748703,0.795932352542877,0.700251877307892,0.999835848808289,0.09506547584874117,198
finland,W,Thalasseus sandvicensis_Sandwich Tern,0.8039865096410117,0.762511730194092,0.705082952976227,0.944364845752716,0.12491626815712499,3
finland,W,Tringa erythropus_Spotted Redshank,0.773434375013624,0.775419235229492,0.706445813179016,0.837300479412079,0.05404996785070317,7
finland,W,Tringa glareola_Wood Sandpiper,0.895215719540914,0.919639229774475,0.717378079891205,0.998266160488129,0.08078788765304407,75
finland,W,Tringa nebularia_Common Greenshank,0.9573092348873616,0.9602296948432925,0.924901902675629,0.994548141956329,0.02112213168707958,16
finland,W,Tringa ochropus_Green Sandpiper,0.8913183467345195,0.914850115776062,0.700924396514893,0.999997973442078,0.09478262100729037,222
finland,W,Tringa totanus_Common Redshank,0.817217826843262,0.817217826843262,0.817217826843262,0.817217826843262,NA,1
finland,W,Troglodytes troglodytes_Eurasian Wren,0.5979349513848625,0.581475466489792,0.511711955070496,0.745724081993103,0.08498410721493027,6
finland,W,Turdus iliacus_Redwing,0.8378221584991975,0.8318290412425995,0.700283288955688,0.987772226333618,0.08440779039897878,220
finland,W,Turdus merula_Eurasian Blackbird,0.6691526232567508,0.6436003148555756,0.500777125358582,0.997934937477112,0.13932970026340338,226
finland,W,Turdus philomelos_Song Thrush,0.9402322356517498,0.9361568689346316,0.900164425373077,0.993245422840118,0.02658730687441248,52
finland,W,Turdus pilaris_Fieldfare,0.8640613046866357,0.868684649467468,0.700024724006653,0.999025225639343,0.08816965498670318,459
finland,W,Turdus torquatus_Ring Ouzel,0.8129093423485755,0.7949856817722321,0.702072620391846,0.988084256649017,0.10809116063675624,8
finland,W,Turdus viscivorus_Mistle Thrush,0.8995323176306438,0.8968226313591,0.749585688114166,0.999184310436249,0.07404220327274585,123
finland,W,Vanellus vanellus_Northern Lapwing,0.8862523237864177,0.926330864429474,0.73811137676239,0.994314730167389,0.13272059613733483,3
ireland,F,Actitis hypoleucos_Common Sandpiper,0.723624974489212,0.723624974489212,0.702194690704346,0.745055258274078,0.030306997974061722,2
ireland,F,Aegithalos caudatus_Long-tailed Tit,0.9177469584074888,0.9317123591899875,0.790029942989349,0.998618602752686,0.06274059206794094,286
ireland,F,Anas crecca_Green-winged Teal,0.808641672134399,0.808641672134399,0.808641672134399,0.808641672134399,NA,1
ireland,F,Anthus trivialis_Tree Pipit,0.808953834431512,0.807623952627182,0.719264507293701,0.907431483268738,0.056872401679898515,14
ireland,F,Arenaria interpres_Ruddy Turnstone,0.756299138069153,0.756299138069153,0.709430158138275,0.803168118000031,0.06628274707284003,2
ireland,F,Burhinus oedicnemus_Eurasian Thick-knee,0.778242707252502,0.778242707252502,0.710399210453033,0.846086204051971,0.09594519329262471,2
ireland,F,Buteo buteo_Common Buzzard,0.7613016963005065,0.7613016963005065,0.714192032814026,0.808411359786987,0.066623125021413293,2
ireland,F,Calidris alpina_Dunlin,0.8041892365405434,0.788536727428436,0.71557492017746,0.951986730098724,0.0749577450868494,19
ireland,F,Caprimulgus europaeus_Eurasian Nightjar,0.7885578870773315,0.7885578870773315,0.747414648532867,0.829701125621796,0.05818532594953317,2
ireland,F,Certhia familiaris_Eurasian Treecreeper,0.8006748587386264,0.8316977322101595,0.50009149312973,0.999860525131226,0.14954894039267116,1692
ireland,F,Cettia cetti_Cetti's Warbler,0.7297239005565646,0.7297239005565646,0.724029839038849,0.73541796207428,0.008052619023340002,2
ireland,F,Charadrius dubius_Little Ringed Plover,0.8067226826020006,0.793490588665009,0.700191020965576,0.961804389953613,0.08095673618903798,53
ireland,F,Charadrius hiaticula_Common Ringed Plover,0.8179735740025836,0.77739143371582,0.728884220123291,0.94764506816864,0.11488803132646584,3
ireland,F,Chloris chloris_European Greenfinch,0.779915332794189,0.779915332794189,0.779915332794189,0.779915332794189,NA,1
ireland,F,Cinclus cinclus_White-throated Dipper,0.8037016987800595,0.8037016987800595,0.708873391151428,0.898530006408691,0.13410747874529869,2
ireland,F,Coccothraustes coccothraustes_Hawfinch,0.8343855674450215,0.831192553043365,0.703045129776001,0.9934121966362,0.08245907409953807,260
ireland,F,Columba palumbus_Common Wood-Pigeon,0.879033114599145,0.8909917175769805,0.701408386230469,0.998809695243835,0.0868457830590409,230
ireland,F,Corvus corax_Common Raven,0.7907326545911966,0.812901437282562,0.502525746822357,0.996875643730164,0.13726797624460738,485
ireland,F,Corvus cornix_Hooded Crow,0.7377492019108364,0.72476053237915,0.704254806041718,0.786388874053955,0.03414306367511025,7
ireland,F,Corvus corone_Carrion Crow,0.717802166938782,0.717802166938782,0.717802166938782,0.717802166938782,NA,1
ireland,F,Cuculus canorus_Common Cuckoo,0.7684587042452553,0.781921744346619,0.500631511211395,0.998629093170166,0.1387505999870144,1085
ireland,F,Cyanistes caeruleus_Eurasian Blue Tit,0.6867215149104595,0.6608079969882965,0.500552356243134,0.993996381759644,0.13129700703091401,464
ireland,F,Delichon urbicum_Common House-Martin,0.696904194355011,0.670776009559631,0.654560923576355,0.818196773529053,0.06855322281936706,5
ireland,F,Dendrocopos major_Great Spotted Woodpecker,0.743565539518992,0.668562948703766,0.606606304645538,0.955527365207672,0.18615992613260854,3
ireland,F,Emberiza cirlus_Cirl Bunting,0.8357236409187317,0.846380114555359,0.709733366966248,0.968134641647339,0.0845649624805548,25
ireland,F,Emberiza citrinella_Yellowhammer,0.769997715950012,0.769997715950012,0.769997715950012,0.769997715950012,NA,1
ireland,F,Emberiza schoeniclus_Reed Bunting,0.80348140001297,0.80348140001297,0.80348140001297,0.80348140001297,NA,1
ireland,F,Erithacus rubecula_European Robin,0.8243621692086108,0.835560321807861,0.633101999759674,0.998059570789337,0.1045629838057774,1811
ireland,F,Ficedula hypoleuca_European Pied Flycatcher,0.752097398042679,0.752097398042679,0.738591313362122,0.765603482723236,0.019100488129803164,2
ireland,F,Fratercula arctica_Atlantic Puffin,0.795114308595657,0.795114308595657,0.777151525020599,0.813077092170715,0.025403212149819672,2
ireland,F,Fringilla coelebs_Common Chaffinch,0.7612556006554128,0.7558861672878265,0.500056505203247,0.99988317489624,0.16237102608666606,4428
ireland,F,Garrulus glandarius_Eurasian Jay,0.8722416400909422,0.928214848041534,0.767590045928955,0.941371023654938,0.08400448810769783,5
ireland,F,Haematopus ostralegus_Eurasian Oystercatcher,0.8718701998392739,0.878912568092346,0.816337168216705,0.920360863208771,0.05236820116167349,3
ireland,F,Hirundo rustica_Barn Swallow,0.73728746175766,0.73728746175766,0.73728746175766,0.73728746175766,NA,1
ireland,F,Locustella luscinioides_Savi's Warbler,0.815639078617096,0.815639078617096,0.815639078617096,0.815639078617096,NA,1
ireland,F,Lophophanes cristatus_Crested Tit,0.8352591395378113,0.821636557579041,0.780248165130615,0.903892695903778,0.06293785468179283,3
ireland,F,Motacilla cinerea_Gray Wagtail,0.8305039227008819,0.8132816851139065,0.7001091837883,0.961029350757599,0.08313834530506144,40
ireland,F,Muscicapa striata_Spotted Flycatcher,0.855371576551829,0.859643876552582,0.700139582157135,0.999686598777771,0.08890830540503335,1417
ireland,F,Nycticorax nycticorax_Black-crowned Night-Heron,0.701189160346985,0.701189160346985,0.701189160346985,0.701189160346985,NA,1
ireland,F,Parus major_Great Tit,0.7067872649351044,0.693184018135071,0.501323640346527,0.990045726299286,0.14244115394285672,223
ireland,F,Periparus ater_Coal Tit,0.8262808283170064,0.8170859515666965,0.70079904794693,0.996986925601959,0.08004879226461992,300
ireland,F,Phoenicurus ochruros_Black Redstart,0.728148818016052,0.728148818016052,0.728148818016052,0.728148818016052,NA,1
ireland,F,Phoenicurus phoenicurus_Common Redstart,0.744979083538055,0.744979083538055,0.744979083538055,0.744979083538055,NA,1
ireland,F,Phylloscopus inornatus_Yellow-browed Warbler,0.898265898227692,0.898265898227692,0.898265898227692,0.898265898227692,NA,1
ireland,F,Phylloscopus sibilatrix_Wood Warbler,0.7632623116175333,0.790365397930145,0.702168047428131,0.797253489494324,0.05302115888004048,3
ireland,F,Phylloscopus trochilus_Willow Warbler,0.8317647357781728,0.815875619649887,0.72295868396759,0.981645584106445,0.07848109624719338,30
ireland,F,Pica pica_Eurasian Magpie,0.907236516475677,0.907236516475677,0.907236516475677,0.907236516475677,NA,1
ireland,F,Pluvialis apricaria_European Golden-Plover,0.7743872106075285,0.7743872106075285,0.753180384635925,0.795594036579132,0.029990980903927666,2
ireland,F,Pluvialis squatarola_Black-bellied Plover,0.8080679376920064,0.7940173447132111,0.74315869808197,0.946110904216766,0.07485659291158908,6
ireland,F,Prunella modularis_Dunnock,0.552282765507698,0.5611886382102964,0.513955056667328,0.572798728942871,0.02656893774502341,4
ireland,F,Pyrrhula pyrrhula_Eurasian Bullfinch,0.8050878288794537,0.791777908802032,0.70154345035553,0.978643357753754,0.07099033571201338,245
ireland,F,Regulus ignicapilla_Common Firecrest,0.8051776944137201,0.788016200065613,0.701966643333435,0.97635692358017,0.07624510077602718,41
ireland,F,Regulus regulus_Goldcrest,0.8909656111943077,0.922760903835297,0.660057008266449,0.999840617179871,0.09583950083533871,7191
ireland,F,Scolopax rusticola_Eurasian Woodcock,0.9285159707069397,0.9543399810791016,0.709363162517548,0.999749958515167,0.08243148311889079,50
ireland,F,Sitta europaea_Eurasian Nuthatch,0.7180332243442535,0.7180332243442535,0.707900166511536,0.728166282176971,0.01433030781534002,2
ireland,F,Spinus spinus_Eurasian Siskin,0.9166195196540733,0.9155635237693784,0.869842708110809,0.984982669353485,0.030404440789432406,76
ireland,F,Strix aluco_Tawny Owl,0.764394819736481,0.764394819736481,0.764394819736481,0.764394819736481,NA,1
ireland,F,Sylvia atricapilla_Eurasian Blackcap,0.8187529125254279,0.825380206108093,0.60819274187088,0.997531533241272,0.11530235104384803,821
ireland,F,Thalasseus sandvicensis_Sandwich Tern,0.819374978542328,0.819374978542328,0.819374978542328,0.819374978542328,NA,1
ireland,F,Tringa erythropus_Spotted Redshank,0.7874226808547974,0.774795889854431,0.7269287109375,0.856028914451599,0.05029079887510387,5
ireland,F,Tringa ochropus_Green Sandpiper,0.8165379549775804,0.7979936003684995,0.703945577144623,0.982885599136353,0.09325308459334081,14
ireland,F,Troglodytes troglodytes_Eurasian Wren,0.8008740908056937,0.831592231988907,0.500121593475342,0.999340236186981,0.15309536863796114,2712
ireland,F,Turdus iliacus_Redwing,0.8013757961136954,0.786455035209656,0.700217545032501,0.978316724300385,0.07379455622165854,35
ireland,F,Turdus merula_Eurasian Blackbird,0.7088632052009171,0.683394074440002,0.503687143325806,0.993342995643616,0.1436614059118237,259
ireland,F,Turdus philomelos_Song Thrush,0.9485075644084386,0.947129160165787,0.904959201812744,0.993113100528717,0.0313611989527961,14
ireland,F,Turdus viscivorus_Mistle Thrush,0.8779296620508259,0.876584053039551,0.747373878955841,0.996280252933502,0.07492721750230964,89
ireland,W,Acanthis cabaret_Lesser Redpoll,0.8001833094490899,0.797336637973785,0.725851953029633,0.901009261608124,0.05840408235416385,9
ireland,W,Acanthis flammea_Common Redpoll,0.7997700373331703,0.764841139316559,0.727959036827087,0.906509935855865,0.09426095068206852,3
ireland,W,Aegithalos caudatus_Long-tailed Tit,0.969557523727417,0.969557523727417,0.969557523727417,0.969557523727417,NA,1
ireland,W,Alauda arvensis_Eurasian Skylark,0.7650109612345432,0.765466570854187,0.500212132930756,0.999395251274109,0.14960078539663874,2259
ireland,W,Anas crecca_Green-winged Teal,0.756911623477936,0.763944447040558,0.710586786270142,0.791725754737854,0.029464406893730758,5
ireland,W,Anas platyrhynchos_Mallard,0.8103393779860604,0.8221113979816439,0.702591598033905,0.944148898124695,0.08038840786968068,18
ireland,W,Anthus pratensis_Meadow Pipit,0.7475837653893468,0.7448930144309995,0.543083429336548,0.997960090637207,0.12325262312218098,3290
ireland,W,Anthus trivialis_Tree Pipit,0.7888677306473255,0.772742122411728,0.70243513584137,0.977362990379333,0.06485056560271271,48
ireland,W,Ardea cinerea_Gray Heron,0.8230519965291022,0.8375522196292875,0.700189888477325,0.945495903491974,0.07387883483934507,8
ireland,W,Asio otus_Long-eared Owl,0.84043300151825,0.84043300151825,0.84043300151825,0.84043300151825,NA,1
ireland,W,Athene noctua_Little Owl,0.782477755099535,0.7726642787456515,0.702164351940155,0.91090053319931,0.07049398243807155,16
ireland,W,Botaurus stellaris_Great Bittern,0.79559051990509,0.79559051990509,0.79559051990509,0.79559051990509,NA,1
ireland,W,Branta canadensis_Canada Goose,0.728899300098419,0.728899300098419,0.728899300098419,0.728899300098419,NA,1
ireland,W,Burhinus oedicnemus_Eurasian Thick-knee,0.8555082231760025,0.8884387910366055,0.738788485527039,0.90636682510376,0.07834952289307733,4
ireland,W,Buteo buteo_Common Buzzard,0.867074852449852,0.883021056652069,0.702760696411133,0.995059788227081,0.09403013170624609,57
ireland,W,Calcarius lapponicus_Lapland Longspur,0.857816398143768,0.857816398143768,0.857816398143768,0.857816398143768,NA,1
ireland,W,Carduelis carduelis_European Goldfinch,0.7714968770742417,0.7487074434757235,0.71376895904541,0.87480366230011,0.07377531591610588,4
ireland,W,Charadrius dubius_Little Ringed Plover,0.711875200271606,0.711875200271606,0.711875200271606,0.711875200271606,NA,1
ireland,W,Charadrius hiaticula_Common Ringed Plover,0.820671021938324,0.820671021938324,0.702443182468414,0.938898861408234,0.16719941402841584,2
ireland,W,Chloris chloris_European Greenfinch,0.768659293651581,0.739109814167023,0.717598557472229,0.849269509315491,0.07063418926542503,3
ireland,W,Chroicocephalus ridibundus_Black-headed Gull,0.755786120891571,0.755786120891571,0.755786120891571,0.755786120891571,NA,1
ireland,W,Coccothraustes coccothraustes_Hawfinch,0.7357645630836485,0.7357645630836485,0.713891565799713,0.757637560367584,0.030933089408691442,2
ireland,W,Corvus corax_Common Raven,0.683068044724003,0.674779057502747,0.501027345657349,0.959744989871979,0.1337483437346809,31
ireland,W,Corvus corone_Carrion Crow,0.7555038034915924,0.7555038034915924,0.7431680560112,0.767839550971985,0.017445381388780826,2
ireland,W,Corvus frugilegus_Rook,0.8200797080993654,0.806744456291199,0.719750583171844,0.935043275356293,0.09122664153352449,5
ireland,W,Corvus monedula_Eurasian Jackdaw,0.6777279789631182,0.619092106819153,0.543365716934204,0.922046840190887,0.1339419588148437,13
ireland,W,Coturnix coturnix_Common Quail,0.947758104119982,0.9725442826747894,0.78053605556488,0.995984196662903,0.061498223998985954,14
ireland,W,Crex crex_Corn Crake,0.70554530620575,0.70554530620575,0.70554530620575,0.70554530620575,NA,1
ireland,W,Cuculus canorus_Common Cuckoo,0.7193833098037918,0.711570471525192,0.500058829784393,0.999424934387207,0.1413102328203164,268
ireland,W,Curruca communis_Greater Whitethroat,0.8612886369228365,0.8612886369228365,0.857218146324158,0.865359127521515,0.005756543010163283,2
ireland,W,Cygnus cygnus_Whooper Swan,0.761972367763519,0.761972367763519,0.761972367763519,0.761972367763519,NA,1
ireland,W,Delichon urbicum_Common House-Martin,0.7317602634429929,0.7317602634429929,0.684572637081146,0.77894788980484,0.06673338117711819,2
ireland,W,Dendrocopos major_Great Spotted Woodpecker,0.841793298721313,0.841793298721313,0.841793298721313,0.841793298721313,NA,1
ireland,W,Emberiza schoeniclus_Reed Bunting,0.8498073491183193,0.829433023929596,0.776197016239166,0.950410485267639,0.059059099906803865,11
ireland,W,Erithacus rubecula_European Robin,0.768365263938904,0.765707314014435,0.643685638904572,0.895702838897705,0.126029622694212,3
ireland,W,Falco columbarius_Merlin,0.9533840020497639,0.947377145290375,0.928631603717804,0.984143257141113,0.02823911582438898,3
ireland,W,Fratercula arctica_Atlantic Puffin,0.7473136484622955,0.7473136484622955,0.736788392066956,0.757838904857635,0.014884960341743306,2
ireland,W,Fringilla coelebs_Common Chaffinch,0.662108321984609,0.651456832885742,0.610014021396637,0.724854111671448,0.05815627437000369,3
ireland,W,Gallinago gallinago_Common Snipe,0.9388223290443423,0.962985396385193,0.824792563915253,0.98414671421051,0.06483338939450127,5
ireland,W,Gallinula chloropus_Eurasian Moorhen,0.9174123108386996,0.9652943909168246,0.749456822872162,0.989603638648987,0.11319139416645817,4
ireland,W,Garrulus glandarius_Eurasian Jay,0.6955781877040863,0.7234697937965395,0.560118496417999,0.775254666805267,0.09593362251193285,4
ireland,W,Gavia arctica_Arctic Loon,0.72094452381134,0.72094452381134,0.72094452381134,0.72094452381134,NA,1
ireland,W,Gavia immer_Common Loon,0.722933530807495,0.722933530807495,0.722933530807495,0.722933530807495,NA,1
ireland,W,Hirundo rustica_Barn Swallow,0.8492692708969116,0.835963189601898,0.723677575588226,0.991798043251038,0.08306290102373654,33
ireland,W,Linaria cannabina_Eurasian Linnet,0.7027215825186834,0.671005457639694,0.517677366733551,0.952353000640869,0.1320194859559459,18
ireland,W,Motacilla alba_White Wagtail,0.914340436458588,0.914340436458588,0.914340436458588,0.914340436458588,NA,1
ireland,W,Numenius arquata_Eurasian Curlew,0.8628005186716715,0.867959201335907,0.705673277378082,0.994600296020508,0.07975602806879332,162
ireland,W,Numenius phaeopus_Whimbrel,0.8187474409739173,0.781581163406372,0.74169909954071,0.93296205997467,0.10090282032560588,3
ireland,W,Nycticorax nycticorax_Black-crowned Night-Heron,0.8131516774495443,0.83839750289917,0.73131352663040206,0.869744002819061,0.07258624498780358,3
ireland,W,Parus major_Great Tit,0.6149017299924578,0.618683636188507,0.51801335811615,0.717202484607697,0.07950535518624406,7
ireland,W,Phasianus colchicus_Ring-necked Pheasant,0.8027356068293254,0.780720829963684,0.546575248241425,0.989121973514557,0.14115162276455012,21
ireland,W,Phoenicurus phoenicurus_Common Redstart,0.712835609912872,0.712835609912872,0.712835609912872,0.712835609912872,NA,1
ireland,W,Phylloscopus collybita_Common Chiffchaff,0.563269356886546,0.56828510761261,0.539115071296692,0.582407891750336,0.0220779390391715,3
ireland,W,Phylloscopus inornatus_Yellow-browed Warbler,0.779253363609314,0.779253363609314,0.779253363609314,0.779253363609314,NA,1
ireland,W,Phylloscopus trochilus_Willow Warbler,0.8001135060953539,0.800216972827911,0.725633919239044,0.936952948570251,0.056468044055840425,43
ireland,W,Pica pica_Eurasian Magpie,0.680774182081223,0.680774182081223,0.655454814434052,0.706093549728394,0.03580699311733982,2
ireland,W,Pluvialis apricaria_European Golden-Plover,0.702525615692139,0.702525615692139,0.702525615692139,0.702525615692139,NA,1
ireland,W,Pluvialis squatarola_Black-bellied Plover,0.876111507415771,0.876111507415771,0.876111507415771,0.876111507415771,NA,1
ireland,W,Podiceps cristatus_Great Crested Grebe,0.847470164299011,0.847470164299011,0.847470164299011,0.847470164299011,NA,1
ireland,W,Porzana porzana_Spotted Crake,0.8005856722593305,0.813446909189224,0.712392747402191,0.863056123256683,0.074106462897178,4
ireland,W,Prunella modularis_Dunnock,0.6950995595682234,0.6563964188098905,0.50502735376358,0.974704027175903,0.14215987196260157,42
ireland,W,Pyrrhula pyrrhula_Eurasian Bullfinch,0.745806351304054,0.7405953407287595,0.707195460796356,0.794839262962341,0.03628506499520683,4
ireland,W,Rallus aquaticus_Water Rail,0.8322413563728334,0.785998046398163,0.71926885843277,0.991457164287567,0.14186420002624417,3
ireland,W,Regulus ignicapilla_Common Firecrest,0.7885359823703765,0.7900886833667755,0.733311653137207,0.840654909610748,0.05847897645272742,4
ireland,W,Regulus regulus_Goldcrest,0.722392956415812,0.697141051292419,0.67685866355896,0.793179154396057,0.06213580434352183,3
ireland,W,Riparia riparia_Bank Swallow,0.8979136943817136,0.917286515235901,0.795606970787048,0.980847597122192,0.09412758390687313,3
ireland,W,Saxicola rubetra_Whinchat,0.706052720546722,0.706052720546722,0.706052720546722,0.706052720546722,NA,1
ireland,W,Saxicola rubicola_European Stonechat,0.8909327189127604,0.9193885922431946,0.707912743091583,0.998625040054321,0.09593644080611614,24
ireland,W,Scolopax rusticola_Eurasian Woodcock,0.877912163734436,0.845176577568054,0.799515128135681,0.989044785499573,0.0989145424412459,3
ireland,W,Spinus spinus_Eurasian Siskin,0.9260772605274998,0.9281743168830875,0.869203746318817,0.990059077739716,0.03391892968284141,86
ireland,W,Streptopelia turtur_European Turtle-Dove,0.751342058181763,0.751342058181763,0.751342058181763,0.751342058181763,NA,1
ireland,W,Strix aluco_Tawny Owl,0.8259320514542716,0.816163837909698,0.700250625610352,0.983157098293304,0.08425579613759841,35
ireland,W,Sylvia atricapilla_Eurasian Blackcap,0.7641192589487349,0.791258215904236,0.609801173210144,0.824615955352783,0.07483926247319764,7
ireland,W,Tringa ochropus_Green Sandpiper,0.9114614129066465,0.9114614129066465,0.88725334405899,0.935669481754303,0.034235379283217404,2
ireland,W,Tringa totanus_Common Redshank,0.768800616264343,0.768800616264343,0.768800616264343,0.768800616264343,NA,1
ireland,W,Troglodytes troglodytes_Eurasian Wren,0.674068334178319,0.652308940887451,0.50037032365799,0.980879127979279,0.12238455639378985,315
ireland,W,Turdus iliacus_Redwing,0.724673449993134,0.724673449993134,0.724673449993134,0.724673449993134,NA,1
ireland,W,Turdus merula_Eurasian Blackbird,0.6289348502953848,0.6035121977329255,0.517153143882751,0.903494417667389,0.10156053659645184,24
ireland,W,Turdus viscivorus_Mistle Thrush,0.8296290004954618,0.830536842346191,0.752480626106262,0.95376843214035,0.06870278259195421,17
ireland,W,Tyto alba_Barn Owl,0.9196682095527648,0.9664876759052274,0.74529242515564,0.987147510051727,0.08152878021680608,10
italy,F,Accipiter gentilis_Northern Goshawk,0.7944459870457649,0.779157519340515,0.701140284538269,0.982614994049072,0.07282741883266423,40
italy,F,Accipiter nisus_Eurasian Sparrowhawk,0.8949822641366365,0.920344412326813,0.700028717517853,0.999322414398193,0.08811356557682992,151
italy,F,Actitis hypoleucos_Common Sandpiper,0.8980774283409116,0.873148739337921,0.833762526512146,0.987321019172668,0.0797567070446039,3
italy,F,Aegithalos caudatus_Long-tailed Tit,0.9191681932025868,0.934203684329987,0.789962649345398,0.99993109703064,0.06488978069157929,277
italy,F,Aegolius funereus_Boreal Owl,0.8074210286140442,0.796422928571701,0.714878022670746,0.921960234642029,0.08742717911174507,4
italy,F,Alcedo atthis_Common Kingfisher,0.939084827899933,0.939084827899933,0.939084827899933,0.939084827899933,NA,1
italy,F,Alopochen aegyptiaca_Egyptian Goose,0.7150009870529175,0.7150009870529175,0.708585023880005,0.72141695022583,0.009073542134819155,2
italy,F,Anas crecca_Green-winged Teal,0.7976966857910158,0.813008487224579,0.732638716697693,0.843357086181641,0.05074926671799293,5
italy,F,Anser anser_Graylag Goose,0.884869545698166,0.884869545698166,0.874760091304779,0.894979000091553,0.014296927511320098,2
italy,F,Anthus trivialis_Tree Pipit,0.8335394999560188,0.854881703853607,0.709176123142242,0.962461352348328,0.07780382749867681,17
italy,F,Apus apus_Common Swift,0.9710106650988259,0.968059718608856,0.956499874591827,0.988472402095795,0.01618924620351418,3
italy,F,Apus melba_Alpine Swift,0.8493155360221862,0.8410482406616211,0.701668858528137,0.996762275695801,0.09398799380083571,100
italy,F,Ardea cinerea_Gray Heron,0.8593496561050414,0.822716772556305,0.7998868227005,0.933218121528625,0.06593680604863954,5
italy,F,Asio otus_Long-eared Owl,0.791741207242012,0.7519427835941315,0.718705475330353,0.906952500343323,0.07998505973290918,8
italy,F,Athene noctua_Little Owl,0.8047012925148012,0.796999871730804,0.707185029983521,0.928652584552765,0.06129400188046928,15
italy,F,Botaurus stellaris_Great Bittern,0.7665293111520656,0.748521268367767,0.704351723194122,0.895959317684174,0.056540604454085486,17
italy,F,Buteo buteo_Common Buzzard,0.86513796848859,0.870830535888672,0.700216829776764,0.996473014354706,0.08151222161761056,499
italy,F,Caprimulgus europaeus_Eurasian Nightjar,0.798107147216797,0.798107147216797,0.798107147216797,0.798107147216797,NA,1
italy,F,Carduelis carduelis_European Goldfinch,0.954600930213928,0.954600930213928,0.954600930213928,0.954600930213928,NA,1
italy,F,Certhia brachydactyla_Short-toed Treecreeper,0.8528348072971774,0.859582126140594,0.686077833175659,0.999643087387085,0.08975153451454278,1941
italy,F,Certhia familiaris_Eurasian Treecreeper,0.6462943459480581,0.6110515594482425,0.500604331493378,0.998365223407745,0.12034443687348041,284
italy,F,Cettia cetti_Cetti's Warbler,0.75776618719101,0.75776618719101,0.75776618719101,0.75776618719101,NA,1
italy,F,Ciconia ciconia_White Stork,0.832318663597107,0.832318663597107,0.795752823352814,0.8688845038414,0.05171190719304707,2
italy,F,Circus aeruginosus_Eurasian Marsh-Harrier,0.756582796573639,0.756582796573639,0.756582796573639,0.756582796573639,NA,1
italy,F,Coccothraustes coccothraustes_Hawfinch,0.8296383427722114,0.8266530334949496,0.700080811977386,0.997874021530151,0.08753728840426434,84
italy,F,Columba oenas_Stock Dove,0.7683019978659494,0.765092968940735,0.707037210464478,0.87402731180191,0.04694646870477002,28
italy,F,Columba palumbus_Common Wood-Pigeon,0.8360955258633228,0.8395211696624756,0.703764081001282,0.982984840869904,0.0789432721522313,94
italy,F,Corvus corax_Common Raven,0.7926602440533832,0.8190559446811676,0.500423848628998,0.999659180641174,0.14549435850543893,2014
italy,F,Corvus monedula_Eurasian Jackdaw,0.739687651395798,0.739687651395798,0.556737303733826,0.92263799905777,0.25873086290443364,2
italy,F,Coturnix coturnix_Common Quail,0.90097975730896,0.876009285449982,0.793531775474548,0.99380350112915,0.0833887615886639,7
italy,F,Cuculus canorus_Common Cuckoo,0.7325466591484693,0.727852523326874,0.501240849494934,0.997124373912811,0.15256218364765725,147
italy,F,Curruca curruca_Lesser Whitethroat,0.703173696994781,0.703173696994781,0.703173696994781,0.703173696994781,NA,1
italy,F,Cyanistes caeruleus_Eurasian Blue Tit,0.6760817439613228,0.6423026621341705,0.501929402351379,0.989457190036774,0.13163712018892545,334
italy,F,Delichon urbicum_Common House-Martin,0.8317461187892705,0.841489374637604,0.642949283123016,0.995698571205139,0.104597648598647,493
italy,F,Dendrocopos leucotos_White-backed Woodpecker,0.854190111160278,0.854190111160278,0.854190111160278,0.854190111160278,NA,1
italy,F,Dendrocopos major_Great Spotted Woodpecker,0.7508923186681657,0.755719929933548,0.500276327133179,0.999392867088318,0.13942518597240294,3438
italy,F,Dendrocoptes medius_Middle Spotted Woodpecker,0.778091460466385,0.7698785066604614,0.726161479949951,0.846447348594666,0.052350996834501236,4
italy,F,Dryobates minor_Lesser Spotted Woodpecker,0.8433902964872473,0.838190019130707,0.70220673084259,0.987397134304047,0.07783140499683629,17
italy,F,Dryocopus martius_Black Woodpecker,0.930076344537735,0.962479889392853,0.7032630443573,0.999917030334473,0.076762227677693,1250
italy,F,Erithacus rubecula_European Robin,0.7764403509307432,0.765247821807861,0.633099317550659,0.998974680900574,0.093395180671951,3002
italy,F,Falco peregrinus_Peregrine Falcon,0.8699251015981037,0.84893786907196,0.773464024066925,0.987373411655426,0.10848803837959142,3
italy,F,Falco subbuteo_Eurasian Hobby,0.909364370505015,0.95063042640686,0.716701924800873,0.99797612428665206,0.08487776581800695,30
italy,F,Falco tinnunculus_Eurasian Kestrel,0.8339835221950825,0.830765247344971,0.701112270355225,0.946676254272461,0.08430828955563491,13
italy,F,Ficedula albicollis_Collared Flycatcher,0.8608786424001058,0.870894849300385,0.711846947669983,0.987736403942108,0.09426888041196788,15
italy,F,Ficedula hypoleuca_European Pied Flycatcher,0.9091399893039415,0.945991098880768,0.71171772480011,0.999814212322235,0.0897325737656963,119
italy,F,Ficedula parva_Red-breasted Flycatcher,0.7783727703186183,0.7510029673576355,0.702533781528473,0.965986549854279,0.07130855751962951,52
italy,F,Fringilla coelebs_Common Chaffinch,0.7581110845622181,0.754809439182281,0.500030100345612,0.999584019184113,0.15835027413392422,2351
italy,F,Gallinula chloropus_Eurasian Moorhen,0.817531476702009,0.817683279514313,0.704358816146851,0.986291885375977,0.082120281862564,35
italy,F,Garrulus glandarius_Eurasian Jay,0.8021976954894322,0.8229490220546725,0.530369102954865,0.998799085617065,0.13719322160066608,1006
italy,F,Gavia arctica_Arctic Loon,0.749241530895233,0.749241530895233,0.749241530895233,0.749241530895233,NA,1
italy,F,Glaucidium passerinum_Eurasian Pygmy-Owl,0.812227666378021,0.812227666378021,0.812227666378021,0.812227666378021,NA,1
italy,F,Hirundo rustica_Barn Swallow,0.8764102802826808,0.8627419471740725,0.738268792629242,0.997980296611786,0.08133243995568086,26
italy,F,Hydroprogne caspia_Caspian Tern,0.81570702791214,0.81570702791214,0.81570702791214,0.81570702791214,NA,1
italy,F,Ixobrychus minutus_Little Bittern,0.7926506201426187,0.805885016918182,0.76439356803894,0.807673275470734,0.024487654284459398,3
italy,F,Linaria cannabina_Eurasian Linnet,0.535364747047424,0.535364747047424,0.535364747047424,0.535364747047424,NA,1
italy,F,Locustella fluviatilis_River Warbler,0.7757202088832855,0.776582568883896,0.705433428287506,0.844282269477844,0.06798450574530203,4
italy,F,Locustella luscinioides_Savi's Warbler,0.8321129406520299,0.826544642448425,0.700165212154388,0.995980501174927,0.0815552566944364,875
italy,F,Lophophanes cristatus_Crested Tit,0.8920950369940976,0.913429021835327,0.700035393238068,0.999445259571075,0.08649592909203205,944
italy,F,Loxia curvirostra_Red Crossbill,0.769461214542389,0.769461214542389,0.744649946689606,0.794272482395172,0.03508843149707727,2
italy,F,Melanitta nigra_Common Scoter,0.776070415973663,0.776070415973663,0.776070415973663,0.776070415973663,NA,1
italy,F,Motacilla alba_White Wagtail,0.750063180923462,0.750063180923462,0.693317711353302,0.806808650493622,0.08025021266935006,2
italy,F,Motacilla cinerea_Gray Wagtail,0.7816033124923704,0.7752906978130341,0.715359807014465,0.855286598205566,0.05170450816475149,10
italy,F,Muscicapa striata_Spotted Flycatcher,0.8488103690601531,0.853091597557068,0.702749967575073,0.979724943637848,0.08003507407387192,42
italy,F,Nycticorax nycticorax_Black-crowned Night-Heron,0.8495928479565514,0.8244116306304929,0.701433002948761,0.97658783197403,0.07984531435908133,18
italy,F,Oriolus oriolus_Eurasian Golden Oriole,0.843786583705382,0.8420373201370239,0.703580260276794,0.998839318752289,0.09100999556907093,66
italy,F,Otus scops_Eurasian Scops-Owl,0.8605571587880453,0.905886828899384,0.714667320251465,0.961117327213287,0.12932704947988502,3
italy,F,Panurus biarmicus_Bearded Reedling,0.765985906124115,0.765985906124115,0.765985906124115,0.765985906124115,NA,1
italy,F,Parus major_Great Tit,0.6595019425187155,0.639435470104218,0.502405941486359,0.965465784072876,0.12724972427693484,107
italy,F,Passer montanus_Eurasian Tree Sparrow,0.782423079013824,0.782423079013824,0.782423079013824,0.782423079013824,NA,1
italy,F,Periparus ater_Coal Tit,0.825205909544051,0.822556734085083,0.700004637241364,0.993303716182709,0.07893623119271315,1369
italy,F,Pernis apivorus_European Honey-buzzard,0.9342821439107257,0.926659345626831,0.900081872940063,0.976105213165283,0.03858066037547306,3
italy,F,Phoenicurus phoenicurus_Common Redstart,0.8043424487113955,0.8043424487113955,0.77149510383606,0.837189793586731,0.046453160610645805,2
italy,F,Phylloscopus bonelli_Western Bonelli's Warbler,0.8017278432846068,0.799601316452026,0.703059375286102,0.90052205324173,0.08695330152653741,5
italy,F,Phylloscopus collybita_Common Chiffchaff,0.6859229697637039,0.66564154624939,0.500344157218933,0.999556243419647,0.13060662393236558,2261
italy,F,Phylloscopus sibilatrix_Wood Warbler,0.8293828574816385,0.809720277786255,0.700808584690094,0.99621969461441,0.08797709815590493,75
italy,F,Picoides tridactylus_Eurasian Three-toed Woodpecker,0.7308383584022525,0.7308383584022525,0.722394168376923,0.739282548427582,0.011941888057076558,2
italy,F,Picus canus_Gray-headed Woodpecker,0.8305658300717673,0.807038128376007,0.777560591697693,0.907098770141602,0.0678984497536948,3
italy,F,Picus viridis_Eurasian Green Woodpecker,0.9064980392344296,0.9288856983184814,0.703719139099121,0.999670267105103,0.0821501259162306,640
italy,F,Plectrophenax nivalis_Snow Bunting,0.783989727497101,0.783989727497101,0.783989727497101,0.783989727497101,NA,1
italy,F,Poecile palustris_Marsh Tit,0.9284665677742686,0.929796576499939,0.846212089061737,0.998670339584351,0.04378433490020794,403
italy,F,Porzana porzana_Spotted Crake,0.824722200632095,0.824722200632095,0.760586023330688,0.888858377933502,0.09070225177841519,2
italy,F,Prunella modularis_Dunnock,0.766322359442711,0.809587836265564,0.532447159290314,0.913666605949402,0.1699507667079524,4
italy,F,Ptyonoprogne rupestris_Eurasian Crag-Martin,0.8475627700487773,0.916076421737671,0.709728837013245,0.916883051395416,0.1193683688624583,3
italy,F,Pyrrhula pyrrhula_Eurasian Bullfinch,0.8282787647002783,0.820363640785217,0.706920146942139,0.987728595733643,0.08525369127074316,39
italy,F,Rallus aquaticus_Water Rail,0.733989179134369,0.733989179134369,0.733989179134369,0.733989179134369,NA,1
italy,F,Regulus ignicapilla_Common Firecrest,0.7930975059668224,0.7996009886264801,0.701830208301544,0.944428026676178,0.08495028697762617,12
italy,F,Regulus regulus_Goldcrest,0.7945809948542887,0.78273606300354,0.660179853439331,0.994469523429871,0.08678529343500176,605
italy,F,Riparia riparia_Bank Swallow,0.724544882774353,0.724544882774353,0.724544882774353,0.724544882774353,NA,1
italy,F,Scolopax rusticola_Eurasian Woodcock,0.7804139683192427,0.7555447220802309,0.700672507286072,0.961111485958099,0.07328079447534884,88
italy,F,Sitta europaea_Eurasian Nuthatch,0.7439045822496825,0.745909690856934,0.500459849834442,0.997584581375122,0.14491451596055976,1833
italy,F,Spinus spinus_Eurasian Siskin,0.918809652328491,0.918809652328491,0.918809652328491,0.918809652328491,NA,1
italy,F,Streptopelia decaocto_Eurasian Collared-Dove,0.812999904155731,0.812999904155731,0.812999904155731,0.812999904155731,NA,1
italy,F,Strix aluco_Tawny Owl,0.8668434202671051,0.875516265630722,0.700139284133911,0.999889850616455,0.08879736207875803,2080
italy,F,Sylvia atricapilla_Eurasian Blackcap,0.7805786710115349,0.7598076164722445,0.609764695167542,0.99666291475296,0.11256615069044576,318
italy,F,Tetrao urogallus_Western Capercaillie,0.8065632979075117,0.757652580738068,0.74795013666153,0.914087176322937,0.09324469248909542,3
italy,F,Tetrastes bonasia_Hazel Grouse,0.7645488325506449,0.752594381570816,0.700247824192047,0.866033315658569,0.042849044801724294,32
italy,F,Thalasseus sandvicensis_Sandwich Tern,0.7788613637288413,0.7512222528457645,0.710503399372101,0.869409799575806,0.06987815041482287,6
italy,F,Tringa nebularia_Common Greenshank,0.951201260089874,0.951201260089874,0.951201260089874,0.951201260089874,NA,1
italy,F,Tringa ochropus_Green Sandpiper,0.9541524946689606,0.9541524946689606,0.928735136985779,0.979569852352142,0.03594557195524325,2
italy,F,Troglodytes troglodytes_Eurasian Wren,0.7044063269694352,0.68595027923584,0.500294029712677,0.993603646755219,0.13412550995248274,1349
italy,F,Turdus iliacus_Redwing,0.8216387104988098,0.839526355266571,0.709604144096375,0.956822276115417,0.07681355675842431,25
italy,F,Turdus merula_Eurasian Blackbird,0.6957450489691227,0.6667539477348325,0.500186800956726,0.995593726634979,0.14147308417729754,1384
italy,F,Turdus philomelos_Song Thrush,0.934920130718139,0.927734762430191,0.900874972343445,0.99613082408905,0.024385192856374336,124
italy,F,Turdus torquatus_Ring Ouzel,0.737596213817596,0.737596213817596,0.737596213817596,0.737596213817596,NA,1
italy,F,Turdus viscivorus_Mistle Thrush,0.9095414755406318,0.9274423718452456,0.747137188911438,0.999754250049591,0.07570853494589233,770
italy,F,Vanellus vanellus_Northern Lapwing,0.7731970349947611,0.7459297180175779,0.71062260866165206,0.936117947101593,0.08569034569081493,6
italy,G,Acrocephalus melanopogon_Moustached Warbler,0.724115669727325,0.724115669727325,0.724115669727325,0.724115669727325,NA,1
italy,G,Actitis hypoleucos_Common Sandpiper,0.770688056945801,0.770688056945801,0.770688056945801,0.770688056945801,NA,1
italy,G,Aegithalos caudatus_Long-tailed Tit,0.9022887404759724,0.89849054813385,0.78979480266571,0.999009728431702,0.06606025102594355,75
italy,G,Aegolius funereus_Boreal Owl,0.7490851481755574,0.708748042583466,0.705147266387939,0.833360135555267,0.07300648273057836,3
italy,G,Alectoris rufa_Red-legged Partridge,0.7944741100072861,0.764934062957764,0.70529180765152,0.925112247467041,0.07239404239436151,12
italy,G,Anas crecca_Green-winged Teal,0.8156948942359131,0.8017498254776005,0.700635671615601,0.98731541633606,0.08042969726064239,202
italy,G,Anas platyrhynchos_Mallard,0.7739034593105317,0.7652172744274139,0.710094392299652,0.928085029125214,0.06368957234355568,10
italy,G,Anser albifrons_Greater White-fronted Goose,0.794193297624588,0.794193297624588,0.714932680130005,0.873453915119171,0.11209144022290551,2
italy,G,Anthus pratensis_Meadow Pipit,0.543945610523224,0.543945610523224,0.543945610523224,0.543945610523224,NA,1
italy,G,Anthus spinoletta_Water Pipit,0.8134061098098755,0.8005834221839905,0.722155153751373,0.930302441120148,0.08751350893528127,4
italy,G,Anthus trivialis_Tree Pipit,0.8849959844955944,0.901171505451202,0.700148820877075,0.99982750415802,0.08646347281063411,5053
italy,G,Apus apus_Common Swift,0.9307101435131496,0.925697803497314,0.908791363239288,0.977819621562958,0.02167862179400281,9
italy,G,Apus melba_Alpine Swift,0.7010418176651,0.7010418176651,0.7010418176651,0.7010418176651,NA,1
italy,G,Asio otus_Long-eared Owl,0.9049399793148041,0.9049399793148041,0.860053718090057,0.949826240539551,0.06347875938825875,2
italy,G,Athene noctua_Little Owl,0.777800917625427,0.777800917625427,0.777800917625427,0.777800917625427,NA,1
italy,G,Bombycilla garrulus_Bohemian Waxwing,0.7641006410121918,0.767389953136444,0.705896437168121,0.815726220607758,0.04791327881654993,4
italy,G,Botaurus stellaris_Great Bittern,0.8548431023955345,0.8851414918899535,0.707373261451721,0.980503559112549,0.09566752610423071,16
italy,G,Branta leucopsis_Barnacle Goose,0.8380773544311524,0.849176108837128,0.761192381381989,0.918123126029968,0.058132836080943356,5
italy,G,Burhinus oedicnemus_Eurasian Thick-knee,0.8075963507095972,0.804661601781845,0.703943848609924,0.94009131193161,0.07193153141766397,24
italy,G,Buteo buteo_Common Buzzard,0.8262560676064408,0.819736957550049,0.705236315727234,0.981670022010803,0.07337830396870257,114
italy,G,Calidris alpina_Dunlin,0.8370713988939923,0.801855266094208,0.72918301820755,0.980175912380219,0.1291491008033822,3
italy,G,Caprimulgus europaeus_Eurasian Nightjar,0.9244257069655372,0.954633712768555,0.700731635093689,0.999746978282928,0.07651906777224626,747
italy,G,Carduelis carduelis_European Goldfinch,0.8636945413506549,0.865834653377533,0.713333547115326,0.999921560287476,0.08278447612252854,230
italy,G,Carduelis citrinella_Citril Finch,0.766649901866913,0.766649901866913,0.766649901866913,0.766649901866913,NA,1
italy,G,Carpodacus erythrinus_Common Rosefinch,0.794409453868866,0.7504096925258634,0.704899370670319,0.971919059753418,0.12035184233461663,4
italy,G,Certhia brachydactyla_Short-toed Treecreeper,0.699943959712982,0.699943959712982,0.699943959712982,0.699943959712982,NA,1
italy,G,Certhia familiaris_Eurasian Treecreeper,0.7305920261403789,0.720134735107422,0.500330686569214,0.993368804454803,0.1311840266098407,230
italy,G,Cettia cetti_Cetti's Warbler,0.723822772502899,0.723822772502899,0.723822772502899,0.723822772502899,NA,1
italy,G,Charadrius hiaticula_Common Ringed Plover,0.8516635894775391,0.851134240627289,0.835617125034332,0.868239402770996,0.016317579748110794,3
italy,G,Chloris chloris_European Greenfinch,0.7987592816352844,0.7987592816352844,0.772296965122223,0.825221598148346,0.037423366904581035,2
italy,G,Chroicocephalus ridibundus_Black-headed Gull,0.7481917023658752,0.739052772521973,0.702289223670959,0.785992383956909,0.033774079929644346,5
italy,G,Coccothraustes coccothraustes_Hawfinch,0.8307633237405256,0.848882555961609,0.714598119258881,0.992810547351837,0.08245433903972126,11
italy,G,Columba palumbus_Common Wood-Pigeon,0.821628110330613,0.800525069236755,0.701549708843231,0.993633508682251,0.08334475327287513,61
italy,G,Corvus corax_Common Raven,0.7338225140291103,0.7263917326927185,0.502438545227051,0.991617858409882,0.14251638902888106,68
italy,G,Corvus monedula_Eurasian Jackdaw,0.6141268968582152,0.58392208814621,0.511782050132751,0.848882973194122,0.13532264515008569,5
italy,G,Coturnix coturnix_Common Quail,0.8010444939136505,0.7797621190547945,0.765654385089874,0.878999352455139,0.05239690311954639,4
italy,G,Cuculus canorus_Common Cuckoo,0.7089441620340251,0.695700079202652,0.500002205371857,0.999065339565277,0.1362051403509606,594
italy,G,Curruca curruca_Lesser Whitethroat,0.8199261518625113,0.781716704368591,0.708560168743134,0.958392143249512,0.09174184487263787,13
italy,G,Curruca melanocephala_Sardinian Warbler,0.7964039986783807,0.794798910617828,0.728255033493042,0.936046481132507,0.06874843174579742,11
italy,G,Cyanistes caeruleus_Eurasian Blue Tit,0.6399598752751069,0.653934955596924,0.504229366779327,0.786819517612457,0.09529958699361607,17
italy,G,Cygnus columbianus_Tundra Swan,0.7886910209288964,0.757230162620544,0.702155470848083,0.908211469650269,0.0734948309386991,13
italy,G,Cygnus cygnus_Whooper Swan,0.7978802437752762,0.78250128030777,0.700624823570251,0.988072156906128,0.06781598571195904,323
italy,G,Delichon urbicum_Common House-Martin,0.8290842775584889,0.832350790500641,0.639246881008148,0.998468458652496,0.10369632128542224,294
italy,G,Dendrocopos major_Great Spotted Woodpecker,0.7578794538869639,0.765320837497711,0.500795483589172,0.995833873748779,0.14331030302646777,567
italy,G,Dendrocoptes medius_Middle Spotted Woodpecker,0.858807444572449,0.858807444572449,0.858807444572449,0.858807444572449,NA,1
italy,G,Dryobates minor_Lesser Spotted Woodpecker,0.8048276603221896,0.8048276603221896,0.784595608711243,0.825059711933136,0.02861244178283295,2
italy,G,Dryocopus martius_Black Woodpecker,0.8690085824173276,0.88787055015564,0.708823442459106,0.999814093112946,0.09093405765151936,101
italy,G,Emberiza cia_Rock Bunting,0.8903651059072551,0.9080011546611786,0.700116813182831,0.999350368976593,0.08296224219887138,598
italy,G,Emberiza cirlus_Cirl Bunting,0.7551244412149702,0.760246217250824,0.70149177312851,0.840312838554382,0.05159669245296826,7
italy,G,Emberiza citrinella_Yellowhammer,0.8135296973315153,0.8218277394771576,0.708678722381592,0.944219052791595,0.07318801306262443,22
italy,G,Emberiza hortulana_Ortolan Bunting,0.784889539082845,0.788131892681122,0.740588009357452,0.825948715209961,0.04277262171707318,3
italy,G,Emberiza schoeniclus_Reed Bunting,0.862378537654877,0.862378537654877,0.862378537654877,0.862378537654877,NA,1
italy,G,Erithacus rubecula_European Robin,0.828070420894808,0.831180512905121,0.634711563587189,0.997820258140564,0.10836024396710245,515
italy,G,Falco peregrinus_Peregrine Falcon,0.7864423021674156,0.7787885963916781,0.705613851547241,0.929896891117096,0.08049386481421265,8
italy,G,Falco subbuteo_Eurasian Hobby,0.7317877650260927,0.711443841457367,0.708735764026642,0.796111166477203,0.03711610811032097,5
italy,G,Falco tinnunculus_Eurasian Kestrel,0.8817777782678605,0.8657070398330691,0.814658999443054,0.98103803396225,0.08028182492284772,4
italy,G,Ficedula albicollis_Collared Flycatcher,0.7972059505326408,0.758252382278442,0.706709921360016,0.920677542686462,0.08893701951149113,7
italy,G,Ficedula hypoleuca_European Pied Flycatcher,0.8150288164615632,0.8162959814071655,0.723479211330414,0.931865453720093,0.08170813390043202,6
italy,G,Fringilla coelebs_Common Chaffinch,0.7519281427398639,0.7448982000350954,0.500110566616058,0.999765694141388,0.15705707000995814,3698
italy,G,Fringilla montifringilla_Brambling,0.923942804336548,0.923942804336548,0.923942804336548,0.923942804336548,NA,1
italy,G,Fulica atra_Eurasian Coot,0.8083244694603815,0.79049214720726,0.703971207141876,0.952178001403809,0.07827738091408748,36
italy,G,Gallinago gallinago_Common Snipe,0.655637264251709,0.655637264251709,0.655637264251709,0.655637264251709,NA,1
italy,G,Gallinula chloropus_Eurasian Moorhen,0.8049674733611177,0.794979751110077,0.700495541095734,0.986264526844025,0.07451882826420796,121
italy,G,Garrulus glandarius_Eurasian Jay,0.8143564200401305,0.83752578496933,0.538115680217743,0.997378826141357,0.14108216120709044,125
italy,G,Glaucidium passerinum_Eurasian Pygmy-Owl,0.7868189414342244,0.75027197599411,0.706142723560333,0.90404212474823,0.10388841975789569,3
italy,G,Grus grus_Common Crane,0.8067635212625776,0.803599119186401,0.728771924972534,0.897382318973541,0.05587817492866037,7
italy,G,Haematopus ostralegus_Eurasian Oystercatcher,0.751108944416046,0.751108944416046,0.751108944416046,0.751108944416046,NA,1
italy,G,Haliaeetus albicilla_White-tailed Eagle,0.743296027183533,0.743296027183533,0.743296027183533,0.743296027183533,NA,1
italy,G,Hydroprogne caspia_Caspian Tern,0.888276219367981,0.888276219367981,0.888276219367981,0.888276219367981,NA,1
italy,G,Ixobrychus minutus_Little Bittern,0.8421369552612306,0.8219768404960635,0.738185286521912,0.977855503559113,0.08500494274348275,10
italy,G,Jynx torquilla_Eurasian Wryneck,0.8986462477509303,0.9214824438095095,0.700125277042389,0.998754739761353,0.07938143406893193,262
italy,G,Lanius collurio_Red-backed Shrike,0.8809359206093682,0.880666315555573,0.71216869354248,0.994622707366943,0.08168480139021111,63
italy,G,Linaria cannabina_Eurasian Linnet,0.7429142219530964,0.740555882453918,0.501469492912292,0.994732737541199,0.1403598397286266,229
italy,G,Locustella fluviatilis_River Warbler,0.797015517950058,0.797015517950058,0.720510721206665,0.873520314693451,0.10819412114110338,2
italy,G,Locustella naevia_Common Grasshopper-Warbler,0.7495970726013185,0.7495970726013185,0.723491668701172,0.775702476501465,0.036918616246814646,2
italy,G,Lophophanes cristatus_Crested Tit,0.9082453160081059,0.938079416751862,0.700404942035675,0.99984347820282,0.0855642279983013,512
italy,G,Loxia curvirostra_Red Crossbill,0.7556375041604041,0.715650409460068,0.700974583625793,0.852043688297272,0.06509708969427969,8
italy,G,Lullula arborea_Wood Lark,0.8130503967404366,0.7995157539844515,0.708902180194855,0.964286386966705,0.07497960907185605,32
italy,G,Luscinia svecica_Bluethroat,0.7869680325190227,0.767537832260132,0.740828037261963,0.852538228034973,0.05833473401165914,3
italy,G,Lymnocryptes minimus_Jack Snipe,0.8453288376331329,0.8453288376331329,0.816453874111176,0.87420380115509,0.040835365025779995,2
italy,G,Mareca penelope_Eurasian Wigeon,0.705673813819885,0.705673813819885,0.705673813819885,0.705673813819885,NA,1
italy,G,Mareca strepera_Gadwall,0.8062849342823026,0.7930909693241115,0.739322483539581,0.892974317073822,0.06368592080684118,6
italy,G,Melanitta nigra_Common Scoter,0.8146654026848933,0.809371411800385,0.719070672988892,0.909415423870087,0.0644938037829824,7
italy,G,Motacilla alba_White Wagtail,0.8564933211338229,0.8582876622676849,0.692691326141357,0.993864953517914,0.08680624245667051,82
italy,G,Motacilla cinerea_Gray Wagtail,0.7735433379809064,0.750098824501038,0.704787850379944,0.865743339061737,0.08299940507876843,3
italy,G,Motacilla flava_Western Yellow Wagtail,0.77964186668396,0.77964186668396,0.77964186668396,0.77964186668396,NA,1
italy,G,Muscicapa striata_Spotted Flycatcher,0.7996124972899755,0.7831428050994871,0.732793509960175,0.978089928627014,0.07096115521424919,12
italy,G,Nucifraga caryocatactes_Eurasian Nutcracker,0.8883655827779037,0.9038499295711515,0.703302204608917,0.999913930892944,0.09015162931772784,234
italy,G,Numenius arquata_Eurasian Curlew,0.7534732421239216,0.72858864068985,0.706320226192474,0.825510859489441,0.06337218875683928,3
italy,G,Numenius phaeopus_Whimbrel,0.8055334849791093,0.793941140174866,0.713910102844238,0.944585621356964,0.07178800552436976,11
italy,G,Nycticorax nycticorax_Black-crowned Night-Heron,0.921520799398422,0.921520799398422,0.870474517345428,0.972567081451416,0.07219034438806643,2
italy,G,Oriolus oriolus_Eurasian Golden Oriole,0.7630853056907653,0.742304623126984,0.736450970172882,0.81050032377243,0.04116678598081477,3
italy,G,Otus scops_Eurasian Scops-Owl,0.908252718982163,0.9467186331748965,0.70220410823822,0.99996292591095,0.09064393999101544,858
italy,G,Parus major_Great Tit,0.6551750034598981,0.627285063266754,0.500862836837769,0.98746383190155,0.12822740290265364,118
italy,G,Periparus ater_Coal Tit,0.8341110666284447,0.8271634876728056,0.700057208538055,0.999732673168182,0.08300521282055781,2834
italy,G,Phalacrocorax carbo_Great Cormorant,0.7803059617678323,0.74521392583847,0.71588534116745,0.879818618297577,0.08741920885541404,3
italy,G,Phasianus colchicus_Ring-necked Pheasant,0.6476516920854063,0.632713049650192,0.519363939762115,0.948187828063965,0.10287755749261943,136
italy,G,Phoenicurus ochruros_Black Redstart,0.8194003321907737,0.829948544502258,0.709038913249969,0.920446813106537,0.06683715254937049,11
italy,G,Phoenicurus phoenicurus_Common Redstart,0.7855558236440022,0.780000269412994,0.7096888422966,0.940762519836426,0.06308745097140245,15
italy,G,Phylloscopus bonelli_Western Bonelli's Warbler,0.9112049012887883,0.941638171672821,0.700241684913635,0.999999046325684,0.08380674195258216,9337
italy,G,Phylloscopus collybita_Common Chiffchaff,0.769759015320874,0.7788479030132295,0.500446796417236,0.999690175056458,0.15182018031455655,2780
italy,G,Phylloscopus sibilatrix_Wood Warbler,0.867684483528137,0.867684483528137,0.867684483528137,0.867684483528137,NA,1
italy,G,Pica pica_Eurasian Magpie,0.8516207990729029,0.863666415214539,0.640602111816406,0.999659299850464,0.10428028713224849,1269
italy,G,Picus canus_Gray-headed Woodpecker,0.8786134514652314,0.874978303909302,0.70045131444931,0.996002972126007,0.0919858597713371,61
italy,G,Picus viridis_Eurasian Green Woodpecker,0.892268854335062,0.912716180086136,0.700040400028229,0.99981290102005,0.08538735648581024,802
italy,G,Plectrophenax nivalis_Snow Bunting,0.8736453354358675,0.8736453354358675,0.845889389514923,0.901401281356812,0.039252835157893885,2
italy,G,Pluvialis apricaria_European Golden-Plover,0.8186915104205792,0.798455893993378,0.700185537338257,0.973092019557953,0.08061126077906154,13
italy,G,Pluvialis squatarola_Black-bellied Plover,0.8033143579959869,0.7744905054569244,0.701658964157104,0.953130483627319,0.08587224361659195,16
italy,G,Poecile montanus_Willow Tit,0.8631121087819338,0.8686651289463045,0.701258540153503,0.993077874183655,0.08001977108165967,32
italy,G,Poecile palustris_Marsh Tit,0.9140846530596417,0.937731742858887,0.848875999450684,0.955646216869354,0.057178304223609984,3
italy,G,Porzana porzana_Spotted Crake,0.765972077846527,0.765972077846527,0.716934084892273,0.815010070800781,0.06935019470746234,2
italy,G,Prunella modularis_Dunnock,0.6792453628665996,0.632312476634979,0.501505076885223,0.934185743331909,0.13608761288713808,53
italy,G,Pyrrhocorax pyrrhocorax_Red-billed Chough,0.985883176326752,0.985883176326752,0.985883176326752,0.985883176326752,NA,1
italy,G,Pyrrhula pyrrhula_Eurasian Bullfinch,0.8072612095570217,0.784171640872955,0.701752185821533,0.963146924972534,0.08281161428705895,69
italy,G,Recurvirostra avosetta_Pied Avocet,0.7095947265625,0.7095947265625,0.7095947265625,0.7095947265625,NA,1
italy,G,Regulus ignicapilla_Common Firecrest,0.78587207198143,0.7549752593040465,0.723605096340179,0.921353876590729,0.07316484783586026,6
italy,G,Regulus regulus_Goldcrest,0.8350477416916648,0.835311681032181,0.660228908061981,0.99733030796051,0.09890402598955413,1010
italy,G,Remiz pendulinus_Eurasian Penduline-Tit,0.7792275767577324,0.761884927749634,0.705330193042755,0.945564091205597,0.06250031756063774,19
italy,G,Riparia riparia_Bank Swallow,0.890608727931976,0.890608727931976,0.890608727931976,0.890608727931976,NA,1
italy,G,Saxicola rubicola_European Stonechat,0.817143082618713,0.817143082618713,0.817143082618713,0.817143082618713,NA,1
italy,G,Scolopax rusticola_Eurasian Woodcock,0.781363546848297,0.792105495929718,0.701682925224304,0.852958142757416,0.06524668519745476,5
italy,G,Serinus serinus_European Serin,0.8501752382617885,0.840583324432373,0.701546549797058,0.996343553066254,0.09496100474947136,59
italy,G,Sitta europaea_Eurasian Nuthatch,0.764248651473497,0.779432058334351,0.500267505645752,0.998450517654419,0.148354361623162,661
italy,G,Sternula albifrons_Little Tern,0.861435949802399,0.861435949802399,0.861435949802399,0.861435949802399,NA,1
italy,G,Strix aluco_Tawny Owl,0.8221883082389833,0.822049856185913,0.714911699295044,0.948132812976837,0.07721671947814399,25
italy,G,Sylvia atricapilla_Eurasian Blackcap,0.7382554069161416,0.7194749414920805,0.609921276569366,0.977317214012146,0.09667176158202546,120
italy,G,Tetrao urogallus_Western Capercaillie,0.900106489658356,0.900106489658356,0.900106489658356,0.900106489658356,NA,1
italy,G,Thalasseus sandvicensis_Sandwich Tern,0.769755780696869,0.769755780696869,0.745996475219727,0.793515086174011,0.033600732038339576,2
italy,G,Tringa ochropus_Green Sandpiper,0.9057154059410094,0.915682017803192,0.822391331195831,0.97632896900177,0.055526251450269994,5
italy,G,Troglodytes troglodytes_Eurasian Wren,0.6535024631481904,0.6456844508647921,0.501776933670044,0.92948979139328,0.11137479135453807,52
italy,G,Turdus iliacus_Redwing,0.8340284863243932,0.828697144985199,0.70028692483902,0.988084018230438,0.09654501278886128,46
italy,G,Turdus merula_Eurasian Blackbird,0.6707602111980169,0.642044126987457,0.500309944152832,0.994574010372162,0.13008525217137476,495
italy,G,Turdus philomelos_Song Thrush,0.9465617012621752,0.946102857589722,0.900156140327454,0.995479702949524,0.02602642817207283,67
italy,G,Turdus pilaris_Fieldfare,0.854597550104646,0.8423563838005065,0.701509177684784,0.998649179935455,0.09495226199605308,68
italy,G,Turdus torquatus_Ring Ouzel,0.8441911538441976,0.830996096134186,0.813088595867157,0.88848876953125,0.03939389176156311,3
italy,G,Turdus viscivorus_Mistle Thrush,0.9016663036473455,0.91456264257431,0.747189581394196,0.999909520149231,0.07527011706351536,1389
italy,G,Tyto alba_Barn Owl,0.8052538787164997,0.80307948589325,0.702470660209656,0.932210624217987,0.06969852708875303,31
italy,G,Upupa epops_Eurasian Hoopoe,0.841124905480279,0.8421495258808135,0.7219358086586,0.988514006137848,0.09132140560353147,18
italy,W,Acanthis flammea_Common Redpoll,0.804538309574127,0.804538309574127,0.804538309574127,0.804538309574127,NA,1
italy,W,Accipiter gentilis_Northern Goshawk,0.790331423282623,0.790331423282623,0.790331423282623,0.790331423282623,NA,1
italy,W,Accipiter nisus_Eurasian Sparrowhawk,0.741820454597473,0.741820454597473,0.726475596427917,0.757165312767029,0.021700906536077678,2
italy,W,Acrocephalus arundinaceus_Great Reed Warbler,0.852819623691695,0.8834657371044154,0.705565929412842,0.974726140499115,0.08018788183906916,28
italy,W,Acrocephalus melanopogon_Moustached Warbler,0.7544460594654085,0.7544460594654085,0.729962527751923,0.778929591178894,0.03462494260400297,2
italy,W,Acrocephalus palustris_Marsh Warbler,0.722154140472412,0.722154140472412,0.722154140472412,0.722154140472412,NA,1
italy,W,Acrocephalus scirpaceus_Eurasian Reed Warbler,0.7767991010959332,0.770757913589478,0.714706242084503,0.908185303211212,0.04348179350249662,39
italy,W,Actitis hypoleucos_Common Sandpiper,0.8218053221702577,0.7670146524906161,0.702415704727173,0.978895425796509,0.11650229402641588,10
italy,W,Aegithalos caudatus_Long-tailed Tit,0.9304164447561866,0.950624585151672,0.789251208305359,0.999892473220825,0.06177580136683579,1864
italy,W,Aegolius funereus_Boreal Owl,0.8516150116920476,0.8516150116920476,0.801277875900269,0.901952147483826,0.0711874601277493,2
italy,W,Aix galericulata_Mandarin Duck,0.752413213253021,0.752413213253021,0.752413213253021,0.752413213253021,NA,1
italy,W,Alcedo atthis_Common Kingfisher,0.9448030988375347,0.950463265180588,0.86212295293808,0.994605720043182,0.04926561445031127,6
italy,W,Anas crecca_Green-winged Teal,0.8046671797831851,0.7977185845375061,0.716385424137115,0.953004658222198,0.07684435678020198,12
italy,W,Anas platyrhynchos_Mallard,0.7831088242859676,0.776385426521301,0.7041175365448,0.96290647983551,0.07262227302793084,29
italy,W,Anser albifrons_Greater White-fronted Goose,0.722145259380341,0.722145259380341,0.722145259380341,0.722145259380341,NA,1
italy,W,Anser anser_Graylag Goose,0.9065091013908386,0.906226336956024,0.835447311401367,0.987307190895081,0.04553037722045257,72
italy,W,Anthus trivialis_Tree Pipit,0.8136952966451645,0.8189182579517365,0.706352651119232,0.989108443260193,0.09210747286314579,8
italy,W,Apus apus_Common Swift,0.9429749940881634,0.951913237571716,0.856460571289062,0.99715518951416,0.0386762751821312,101
italy,W,Ardea alba_Great Egret,0.7454720735549927,0.753168225288391,0.720345795154572,0.762902200222015,0.022297644868767893,3
italy,W,Ardea cinerea_Gray Heron,0.8605996635225084,0.87459409236908,0.704419791698456,0.993150293827057,0.08251563565837526,99
italy,W,Ardea purpurea_Purple Heron,0.727341175079346,0.727341175079346,0.727341175079346,0.727341175079346,NA,1
italy,W,Asio flammeus_Short-eared Owl,0.746771931648254,0.746771931648254,0.746771931648254,0.746771931648254,NA,1
italy,W,Asio otus_Long-eared Owl,0.798683643341064,0.798683643341064,0.798683643341064,0.798683643341064,NA,1
italy,W,Athene noctua_Little Owl,0.7988702339284559,0.797231614589691,0.711678624153137,0.937350690364838,0.06839236632719582,17
italy,W,Bombycilla garrulus_Bohemian Waxwing,0.8482980132102971,0.8482980132102971,0.808607637882233,0.887988388538361,0.05613066708462662,2
italy,W,Botaurus stellaris_Great Bittern,0.8233316667536472,0.821927666664124,0.700370788574219,0.973641276359558,0.07640498005834216,47
italy,W,Bubo bubo_Eurasian Eagle-Owl,0.7599231958389282,0.741459667682648,0.721957743167877,0.843739807605743,0.04828287334999356,5
italy,W,Bucephala clangula_Common Goldeneye,0.736040532588959,0.736040532588959,0.736040532588959,0.736040532588959,NA,1
italy,W,Burhinus oedicnemus_Eurasian Thick-knee,0.76183745265007,0.76183745265007,0.738489508628845,0.785185396671295,0.03301897908834426,2
italy,W,Buteo buteo_Common Buzzard,0.8425594653402056,0.8359250128269196,0.701701581478119,0.978389739990234,0.08615215428549898,42
italy,W,Caprimulgus europaeus_Eurasian Nightjar,0.7959143356843429,0.80368459224700906,0.700860142707825,0.984803438186646,0.08496875878474335,11
italy,W,Carduelis carduelis_European Goldfinch,0.842419954140981,0.810982465744019,0.733812570571899,0.976901352405548,0.08172838536083421,15
italy,W,Carpodacus erythrinus_Common Rosefinch,0.9736578464508059,0.997629225254059,0.908562541007996,0.999245643615723,0.03513977347822576,7
italy,W,Certhia brachydactyla_Short-toed Treecreeper,0.8752224443503368,0.8923338353633881,0.68642795085907,0.99874746799469,0.09306514484070734,648
italy,W,Certhia familiaris_Eurasian Treecreeper,0.6180520279066902,0.572139978408813,0.50639396905899,0.903492212295532,0.10544635978411049,35
italy,W,Cettia cetti_Cetti's Warbler,0.8625487583098487,0.886750936508179,0.636868357658386,0.999018311500549,0.10334189690999489,1833
italy,W,Charadrius dubius_Little Ringed Plover,0.784220814704895,0.784220814704895,0.784220814704895,0.784220814704895,NA,1
italy,W,Chloris chloris_European Greenfinch,0.7713185697793961,0.7538183033466335,0.72256076335907,0.855076909065247,0.062041714849776976,4
italy,W,Chroicocephalus ridibundus_Black-headed Gull,0.7886524498462675,0.7886524498462675,0.719992935657501,0.857311964035034,0.09709921615170151,2
italy,W,Circus aeruginosus_Eurasian Marsh-Harrier,0.8668082685492157,0.87720650434494,0.703641414642334,0.999656677246094,0.09010291407117162,221
italy,W,Cisticola juncidis_Zitting Cisticola,0.8852784493116412,0.900774359703064,0.700518906116486,0.999807059764862,0.08577606309619519,6914
italy,W,Coccothraustes coccothraustes_Hawfinch,0.852531877911322,0.855296850204468,0.700199604034424,0.999422907829285,0.08891957997694754,361
italy,W,Columba livia_Rock Pigeon,0.8812425931294757,0.955529510974884,0.702246010303497,0.985952258110046,0.15576013091720742,3
italy,W,Columba oenas_Stock Dove,0.7719719178146787,0.7450903058052065,0.700373291969299,0.983007192611694,0.07325709488332856,18
italy,W,Columba palumbus_Common Wood-Pigeon,0.8645491297428425,0.874381870031357,0.702859461307526,0.99812775850296,0.1009914453924442,130
italy,W,Corvus corax_Common Raven,0.7846911886317581,0.812330722808838,0.500288426876068,0.997871279716492,0.15354734541615714,177
italy,W,Corvus corone_Carrion Crow,0.7685722708702086,0.772731602191925,0.736046254634857,0.796938955783844,0.030658690302878565,3
italy,W,Corvus frugilegus_Rook,0.801257107939039,0.7977173030376434,0.700114965438843,0.964189529418945,0.07327210793794063,70
italy,W,Corvus monedula_Eurasian Jackdaw,0.6895884722471237,0.6685790121555331,0.540914833545685,0.880281031131744,0.1421498773204789,4
italy,W,Coturnix coturnix_Common Quail,0.9184505542119343,0.979771554470062,0.753592193126678,0.999270021915436,0.10790539459496679,9
italy,W,Crex crex_Corn Crake,0.811287581920624,0.811287581920624,0.811287581920624,0.811287581920624,NA,1
italy,W,Cuculus canorus_Common Cuckoo,0.6892914683432193,0.6842034459114075,0.500256657600403,0.955773413181305,0.12588503561569542,74
italy,W,Curruca communis_Greater Whitethroat,0.736418843269348,0.736418843269348,0.736418843269348,0.736418843269348,NA,1
italy,W,Curruca curruca_Lesser Whitethroat,0.8142956674677655,0.8096963763237,0.70075386762619,0.975621461868286,0.0693792585582257,515
italy,W,Cyanistes caeruleus_Eurasian Blue Tit,0.7224019853576442,0.711938679218292,0.50026798248291,0.999386429786682,0.14133615419068035,1787
italy,W,Cygnus columbianus_Tundra Swan,0.7869716542107719,0.789547920227051,0.707470297813416,0.878431022167206,0.05846685504287916,14
italy,W,Cygnus cygnus_Whooper Swan,0.7919499278068542,0.7785654067993165,0.73430985212326,0.876359045505524,0.060537390376918174,4
italy,W,Delichon urbicum_Common House-Martin,0.8168599936697217,0.8010799288749695,0.641827046871185,0.94872772693634,0.10130753249957929,18
italy,W,Dendrocopos major_Great Spotted Woodpecker,0.7388023160295226,0.741191864013672,0.500011324882507,0.997168004512787,0.1367237866952735,3697
italy,W,Dendrocopos syriacus_Syrian Woodpecker,0.73715353012085,0.73715353012085,0.73715353012085,0.73715353012085,NA,1
italy,W,Dryobates minor_Lesser Spotted Woodpecker,0.835749047643998,0.851036429405212,0.730961978435516,0.945584058761597,0.06571584040085565,17
italy,W,Dryocopus martius_Black Woodpecker,0.9103845253325346,0.940419733524323,0.720956385135651,0.999240756034851,0.08432233468653273,57
italy,W,Emberiza hortulana_Ortolan Bunting,0.70601099729538,0.70601099729538,0.70601099729538,0.70601099729538,NA,1
italy,W,Erithacus rubecula_European Robin,0.8033905912722861,0.8250486850738525,0.639031767845154,0.987053096294403,0.10703640347268724,56
italy,W,Falco columbarius_Merlin,0.800685882568359,0.800685882568359,0.800685882568359,0.800685882568359,NA,1
italy,W,Falco subbuteo_Eurasian Hobby,0.8494240976870061,0.859096109867096,0.708015084266663,0.969647884368896,0.07128919689449158,16
italy,W,Falco tinnunculus_Eurasian Kestrel,0.8314557522535325,0.832777589559555,0.806528151035309,0.853739678859711,0.0212858320762912,4
italy,W,Ficedula albicollis_Collared Flycatcher,0.7858991441519365,0.750261664390564,0.702254831790924,0.937868595123291,0.07147483901861698,23
italy,W,Ficedula hypoleuca_European Pied Flycatcher,0.8058251250873913,0.790202438831329,0.70786464214325,0.907068431377411,0.07477511846369614,11
italy,W,Ficedula parva_Red-breasted Flycatcher,0.8087005549006993,0.78240042924881,0.705490589141846,0.979859411716461,0.08579736105140069,27
italy,W,Fringilla coelebs_Common Chaffinch,0.702667580710517,0.697037041187286,0.500929296016693,0.984573304653168,0.1463529850101128,117
italy,W,Fulica atra_Eurasian Coot,0.8676396151111551,0.87993198633194,0.700724005699158,0.997796297073364,0.08820046227785872,73
italy,W,Gallinula chloropus_Eurasian Moorhen,0.8616188645362853,0.882990002632141,0.70135635137558,0.993410050868988,0.09690101676257509,25
italy,W,Garrulus glandarius_Eurasian Jay,0.8069588426281424,0.8282867670059205,0.533197641372681,0.998593389987946,0.13465754994189746,340
italy,W,Grus grus_Common Crane,0.7768958111604054,0.7698513865470885,0.721169173717499,0.837547123432159,0.04516004974464497,6
italy,W,Hippolais icterina_Icterine Warbler,0.799511104822159,0.801091134548187,0.701007962226868,0.900886178016663,0.060689272831718065,12
italy,W,Hirundo rustica_Barn Swallow,0.8625367500565269,0.865582525730133,0.72331440448761,0.996148705482483,0.0813079647593159,55
italy,W,Hydroprogne caspia_Caspian Tern,0.8194150726000466,0.812309145927429,0.739950656890869,0.905985414981842,0.08324515522833414,3
italy,W,Ixobrychus minutus_Little Bittern,0.840332187357403,0.830663502216339,0.721089839935303,0.963196218013763,0.07951156313425342,21
italy,W,Jynx torquilla_Eurasian Wryneck,0.8269381721814473,0.809781074523926,0.741371691226959,0.917419612407684,0.05966665599335319,9
italy,W,Lanius collurio_Red-backed Shrike,0.8005514939626057,0.774269223213196,0.735321223735809,0.970373451709747,0.0881913836471005,6
italy,W,Larus michahellis_Yellow-legged Gull,0.8076920772111544,0.8081388473510744,0.70133912563324,0.983032643795013,0.0730255598619277,186
italy,W,Linaria cannabina_Eurasian Linnet,0.7765806913375856,0.801952183246613,0.517902195453644,0.963762402534485,0.15173423859686969,12
italy,W,Locustella luscinioides_Savi's Warbler,0.705566823482513,0.705566823482513,0.705566823482513,0.705566823482513,NA,1
italy,W,Locustella naevia_Common Grasshopper-Warbler,0.7992586687268544,0.783440887928009,0.701196908950806,0.989627957344055,0.07459845891280151,243
italy,W,Lophophanes cristatus_Crested Tit,0.7649267911911015,0.7649267911911015,0.741564273834229,0.788289308547974,0.03303958889726593,2
italy,W,Lullula arborea_Wood Lark,0.834100276231766,0.834100276231766,0.74626100063324,0.921939551830292,0.12422349486046354,2
italy,W,Luscinia megarhynchos_Common Nightingale,0.8922094328928802,0.920401573181152,0.702469348907471,0.999280869960785,0.09012389780141432,177
italy,W,Melanitta nigra_Common Scoter,0.787163078784943,0.787163078784943,0.787163078784943,0.787163078784943,NA,1
italy,W,Merops apiaster_European Bee-eater,0.8167660170131258,0.811734914779663,0.671779096126556,0.98210608959198,0.0915379763747142,9
italy,W,Milvus migrans_Black Kite,0.8942843710674959,0.926185071468353,0.777197360992432,0.997321665287018,0.07181902991293904,17
italy,W,Milvus milvus_Red Kite,0.760337293148041,0.760337293148041,0.760337293148041,0.760337293148041,NA,1
italy,W,Motacilla alba_White Wagtail,0.8390348553657532,0.909213185310364,0.69072824716568,0.962762892246246,0.11921407274978053,9
italy,W,Motacilla cinerea_Gray Wagtail,0.8188331226507822,0.8215641975402834,0.710615813732147,0.941625356674194,0.07714980133864001,12
italy,W,Muscicapa striata_Spotted Flycatcher,0.820393730138169,0.8062486350536344,0.701714396476746,0.998230040073395,0.08174637079537175,244
italy,W,Numenius arquata_Eurasian Curlew,0.7374736070632937,0.725788474082947,0.708046138286591,0.778586208820343,0.03669308023732767,3
italy,W,Numenius phaeopus_Whimbrel,0.7940084685881932,0.7743618190288545,0.717637836933136,0.932517886161804,0.06603630575076563,12
italy,W,Nycticorax nycticorax_Black-crowned Night-Heron,0.8494206055418237,0.849104255437851,0.702255308628082,0.998559415340424,0.08944648497729327,154
italy,W,Oriolus oriolus_Eurasian Golden Oriole,0.8392086558871797,0.829332947731018,0.72527140378952,0.930266678333282,0.07983756893528197,9
italy,W,Otus scops_Eurasian Scops-Owl,0.782237991690636,0.7935402989387514,0.74013310670852706,0.801738262176514,0.02877223073737087,4
italy,W,Parus major_Great Tit,0.7464183846040335,0.740525245666504,0.500035405158997,0.999598205089569,0.15158097219170377,669
italy,W,Passer domesticus_House Sparrow,0.840881586074829,0.840881586074829,0.840881586074829,0.840881586074829,NA,1
italy,W,Phalacrocorax carbo_Great Cormorant,0.750449299812317,0.750449299812317,0.750449299812317,0.750449299812317,NA,1
italy,W,Phoenicurus ochruros_Black Redstart,0.7712171673774719,0.7712171673774719,0.710286319255829,0.832148015499115,0.08616923178052277,2
italy,W,Phoenicurus phoenicurus_Common Redstart,0.7409405857324602,0.735827684402466,0.726257681846619,0.76584929227829,0.017285899218650768,4
italy,W,Phylloscopus bonelli_Western Bonelli's Warbler,0.8807334363460539,0.8872328698635099,0.702327013015747,0.995637595653534,0.0839795814891654,20
italy,W,Phylloscopus collybita_Common Chiffchaff,0.7620378530296973,0.763770282268524,0.500113964080811,0.999933838844299,0.1519614487266507,4347
italy,W,Phylloscopus sibilatrix_Wood Warbler,0.830266384851365,0.809167563915253,0.705829858779907,0.968265295028687,0.08059421428706673,21
italy,W,Phylloscopus trochilus_Willow Warbler,0.732832133769989,0.732832133769989,0.732832133769989,0.732832133769989,NA,1
italy,W,Pica pica_Eurasian Magpie,0.7963800132274627,0.7998116314411166,0.644959211349487,0.964515924453735,0.09321587630623761,16
italy,W,Picus canus_Gray-headed Woodpecker,0.807204590903388,0.803959548473358,0.713375449180603,0.890771389007568,0.055951648116190994,9
italy,W,Picus viridis_Eurasian Green Woodpecker,0.893794087062126,0.914642572402954,0.700153648853302,0.999321579933167,0.0850577339361928,1231
italy,W,Pluvialis apricaria_European Golden-Plover,0.709745228290558,0.709745228290558,0.709745228290558,0.709745228290558,NA,1
italy,W,Pluvialis squatarola_Black-bellied Plover,0.8869752883911131,0.8869752883911131,0.875050067901611,0.898900508880615,0.01686480855054326,2
italy,W,Podiceps cristatus_Great Crested Grebe,0.8683385625481607,0.8795143663883209,0.721655488014221,0.999676823616028,0.11206885319594838,8
italy,W,Poecile palustris_Marsh Tit,0.8897938966751098,0.867743194103241,0.849075078964233,0.966082155704498,0.0489825845880708,5
italy,W,Porzana porzana_Spotted Crake,0.7979484274983406,0.794688880443573,0.702135622501373,0.936585664749146,0.06441552319699667,16
italy,W,Prunella modularis_Dunnock,0.6336594700813294,0.578143119812012,0.50049614906311,0.823493838310242,0.14104204733562414,5
italy,W,Psittacula krameri_Rose-ringed Parakeet,0.8013157546520235,0.8013157546520235,0.779975533485413,0.822655975818634,0.030179630197861955,2
italy,W,Rallus aquaticus_Water Rail,0.8549628383234928,0.85494738817215,0.703709065914154,0.998462677001953,0.09412031329304736,57
italy,W,Regulus ignicapilla_Common Firecrest,0.7861605031149729,0.7606389820575714,0.700304090976715,0.962778925895691,0.0691689863379051,42
italy,W,Remiz pendulinus_Eurasian Penduline-Tit,0.7672187685966492,0.7833728194236755,0.704405128955841,0.818308711051941,0.04852364886832579,6
italy,W,Scolopax rusticola_Eurasian Woodcock,0.7988054156303407,0.823257923126221,0.701087713241577,0.886911988258362,0.072414144363162,11
italy,W,Serinus serinus_European Serin,0.95462554693222,0.95462554693222,0.95462554693222,0.95462554693222,NA,1
italy,W,Sitta europaea_Eurasian Nuthatch,0.7915907391109822,0.8089699447155001,0.504810214042664,0.999048411846161,0.14718617018759955,322
italy,W,Sternula albifrons_Little Tern,0.760316669940948,0.760316669940948,0.760316669940948,0.760316669940948,NA,1
italy,W,Streptopelia decaocto_Eurasian Collared-Dove,0.7874407172203065,0.7874407172203065,0.734816670417786,0.840064764022827,0.07442164069508105,2
italy,W,Streptopelia turtur_European Turtle-Dove,0.9027050342045578,0.9225130081176756,0.702438056468964,0.995709538459778,0.07502249791688304,102
italy,W,Strix aluco_Tawny Owl,0.8674377194658268,0.8770793080329895,0.70003342628479,0.999890327453613,0.08426989881648511,4222
italy,W,Sylvia atricapilla_Eurasian Blackcap,0.775533052071258,0.765098333358765,0.608013868331909,0.998856663703918,0.10946468546887625,5397
italy,W,Sylvia borin_Garden Warbler,0.830690085887909,0.830690085887909,0.828226566314697,0.833153605461121,0.0034839427916079934,2
italy,W,Tachybaptus ruficollis_Little Grebe,0.866484344005585,0.866484344005585,0.866484344005585,0.866484344005585,NA,1
italy,W,Tetrastes bonasia_Hazel Grouse,0.9277263879776,0.9277263879776,0.9277263879776,0.9277263879776,NA,1
italy,W,Tringa erythropus_Spotted Redshank,0.783043503761292,0.783043503761292,0.783043503761292,0.783043503761292,NA,1
italy,W,Tringa glareola_Wood Sandpiper,0.859122415383657,0.882658839225769,0.741546213626862,0.947801172733307,0.07553715722738091,9
italy,W,Tringa nebularia_Common Greenshank,0.936790943145752,0.936790943145752,0.936790943145752,0.936790943145752,NA,1
italy,W,Tringa ochropus_Green Sandpiper,0.9234721187887521,0.950094997882843,0.705694794654846,0.998516619205475,0.08334002484731426,29
italy,W,Tringa totanus_Common Redshank,0.855234444141388,0.855234444141388,0.855234444141388,0.855234444141388,NA,1
italy,W,Turdus iliacus_Redwing,0.823403819747593,0.809335291385651,0.721021950244904,0.959833741188049,0.06335138994695558,23
italy,W,Turdus merula_Eurasian Blackbird,0.7117386260004931,0.6813482642173765,0.500104188919067,0.998474299907684,0.1545422175059064,860
italy,W,Turdus philomelos_Song Thrush,0.9417235689742542,0.940147817134857,0.90089225769043,0.99562007188797,0.025249771439081876,107
italy,W,Turdus pilaris_Fieldfare,0.8630705614422642,0.888290405273438,0.70289146900177,0.994652509689331,0.09311780212838895,43
italy,W,Turdus torquatus_Ring Ouzel,0.798102021217346,0.798102021217346,0.798102021217346,0.798102021217346,NA,1
italy,W,Turdus viscivorus_Mistle Thrush,0.822045385837555,0.822045385837555,0.822045385837555,0.822045385837555,NA,1
italy,W,Tyto alba_Barn Owl,0.8288078136363272,0.805153250694275,0.712476909160614,0.985540926456451,0.07805438720741419,59
italy,W,Vanellus vanellus_Northern Lapwing,0.720115005970001,0.720115005970001,0.720115005970001,0.720115005970001,NA,1
italy,W,Zapornia parva_Little Crake,0.970522105693817,0.970522105693817,0.970522105693817,0.970522105693817,NA,1
slovakia,F,Accipiter gentilis_Northern Goshawk,0.8006312577229626,0.769194066524506,0.701975882053375,0.997079491615295,0.08472228096120601,53
slovakia,F,Accipiter nisus_Eurasian Sparrowhawk,0.8264719545841215,0.8264719545841215,0.797700464725494,0.855243444442749,0.04068903116775095,2
slovakia,F,Actitis hypoleucos_Common Sandpiper,0.874133574962616,0.932643949985504,0.706314027309418,0.97904098033905,0.12452591221120095,5
slovakia,F,Aegithalos caudatus_Long-tailed Tit,0.9260777829819031,0.9431547820568085,0.789094507694244,0.999986529350281,0.06411053553484772,2368
slovakia,F,Alcedo atthis_Common Kingfisher,0.8551804369146173,0.853636205196381,0.748532116413116,0.948601603507996,0.06726790482328882,11
slovakia,F,Anas crecca_Green-winged Teal,0.873042672872543,0.873042672872543,0.807264447212219,0.938820898532867,0.09302445883766812,2
slovakia,F,Anas platyrhynchos_Mallard,0.7699593534836402,0.768620073795319,0.702749907970428,0.891554892063141,0.05515177600196524,13
slovakia,F,Anser anser_Graylag Goose,0.909011036157608,0.9128845036029816,0.843944609165192,0.987154245376587,0.044626727296150887,32
slovakia,F,Anthus trivialis_Tree Pipit,0.7732386986414591,0.7808186411857605,0.710014820098877,0.849331855773926,0.045678135385258195,12
slovakia,F,Apus melba_Alpine Swift,0.8000407715638478,0.7865563631057739,0.728777229785919,0.896457552909851,0.06336583729138043,6
slovakia,F,Aquila chrysaetos_Golden Eagle,0.956626832485199,0.956626832485199,0.956626832485199,0.956626832485199,NA,1
slovakia,F,Ardea cinerea_Gray Heron,0.8814126953367709,0.8991952240467069,0.701370418071747,0.998903274536133,0.08376153238631852,778
slovakia,F,Asio otus_Long-eared Owl,0.725098371505737,0.725098371505737,0.725098371505737,0.725098371505737,NA,1
slovakia,F,Athene noctua_Little Owl,0.806887823343277,0.8069000244140625,0.704670906066895,0.937478601932526,0.08593268133982564,10
slovakia,F,Bombycilla garrulus_Bohemian Waxwing,0.768237054347992,0.768237054347992,0.768237054347992,0.768237054347992,NA,1
slovakia,F,Botaurus stellaris_Great Bittern,0.8097656816244126,0.828274428844452,0.710195302963257,0.902976095676422,0.05871022249584907,12
slovakia,F,Branta leucopsis_Barnacle Goose,0.774516224861145,0.774516224861145,0.774516224861145,0.774516224861145,NA,1
slovakia,F,Bubo bubo_Eurasian Eagle-Owl,0.7892300332530161,0.781659841537476,0.700325846672058,0.952817678451538,0.06607232333387904,89
slovakia,F,Burhinus oedicnemus_Eurasian Thick-knee,0.8005731304486593,0.801923155784607,0.787481725215912,0.812314510345459,0.012471316314982083,3
slovakia,F,Buteo buteo_Common Buzzard,0.870029477620947,0.882438808679581,0.700865805149078,0.999164700508118,0.08472233184144028,580
slovakia,F,Calidris alpina_Dunlin,0.751489102840424,0.751489102840424,0.751489102840424,0.751489102840424,NA,1
slovakia,F,Caprimulgus europaeus_Eurasian Nightjar,0.7867515947847139,0.7791405618190765,0.700079739093781,0.978180408477783,0.061693816283078,840
slovakia,F,Carduelis carduelis_European Goldfinch,0.8460690829812026,0.85115784406662,0.728007674217224,0.993990838527679,0.07899897303155042,41
slovakia,F,Carpodacus erythrinus_Common Rosefinch,0.786114990711212,0.786114990711212,0.786114990711212,0.786114990711212,NA,1
slovakia,F,Certhia brachydactyla_Short-toed Treecreeper,0.8267313337326049,0.818549692630768,0.687596678733826,0.991508364677429,0.09331535996183954,25
slovakia,F,Certhia familiaris_Eurasian Treecreeper,0.7556164343197217,0.756933718919754,0.500099420547485,0.999550640583038,0.14954829169733383,3788
slovakia,F,Cettia cetti_Cetti's Warbler,0.7306673685709636,0.697976112365723,0.65852814912796,0.969191670417786,0.08983827078246387,15
slovakia,F,Chloris chloris_European Greenfinch,0.780208706855774,0.749271154403687,0.72923743724823,0.862117528915405,0.0716388777422109,3
slovakia,F,Cinclus cinclus_White-throated Dipper,0.850502490997314,0.850502490997314,0.850502490997314,0.850502490997314,NA,1
slovakia,F,Circus aeruginosus_Eurasian Marsh-Harrier,0.7370428144931791,0.7370428144931791,0.734928965568542,0.739156663417816,0.002989433818029438,2
slovakia,F,Coccothraustes coccothraustes_Hawfinch,0.8296264093634077,0.824533462524414,0.701311945915222,0.996353387832642,0.08005068952116154,211
slovakia,F,Columba livia_Rock Pigeon,0.804837644100189,0.800411522388458,0.731445491313934,0.887082040309906,0.06374358974083967,4
slovakia,F,Columba oenas_Stock Dove,0.7812278574588252,0.767142951488495,0.701371848583221,0.924383580684662,0.06501959130808072,51
slovakia,F,Columba palumbus_Common Wood-Pigeon,0.8375548653467728,0.836354702711105,0.701067745685577,0.997217535972595,0.07959103621612358,1096
slovakia,F,Corvus corax_Common Raven,0.759213276544408,0.764354825019836,0.50181120634079,0.991154134273529,0.14189920606862597,199
slovakia,F,Corvus cornix_Hooded Crow,0.7728199958801268,0.749578475952148,0.719379425048828,0.873826920986176,0.05347241018798883,7
slovakia,F,Corvus corone_Carrion Crow,0.7697687908714893,0.752399563789368,0.700453281402588,0.930547893047333,0.061661492867125633,51
slovakia,F,Corvus frugilegus_Rook,0.7839942574501035,0.760238945484161,0.740396022796631,0.873561203479767,0.053248674702655936,7
slovakia,F,Corvus monedula_Eurasian Jackdaw,0.6339701414108276,0.621377229690552,0.597643256187439,0.682889938354492,0.04399642342644036,3
slovakia,F,Coturnix coturnix_Common Quail,0.9002533800461713,0.9237477481365205,0.700590431690216,0.998721897602081,0.09178035390747698,34
slovakia,F,Cuculus canorus_Common Cuckoo,0.6641385874801421,0.6393884718418126,0.500004351139069,0.994463503360748,0.12231575997969275,1524
slovakia,F,Cyanistes caeruleus_Eurasian Blue Tit,0.7125061486693595,0.6904990971088409,0.500056445598602,0.997142612934113,0.14309621767159436,834
slovakia,F,Cygnus cygnus_Whooper Swan,0.786549170811971,0.750328302383423,0.741270542144775,0.868048667907715,0.07072578578764323,3
slovakia,F,Cygnus olor_Mute Swan,0.748080909252167,0.748080909252167,0.748080909252167,0.748080909252167,NA,1
slovakia,F,Delichon urbicum_Common House-Martin,0.8034762144088743,0.759755194187164,0.656030833721161,0.994642615318298,0.17348812744973993,3
slovakia,F,Dendrocopos leucotos_White-backed Woodpecker,0.7625266739300319,0.751390814781189,0.724340617656708,0.84278279542923,0.0441611657743364,7
slovakia,F,Dendrocopos major_Great Spotted Woodpecker,0.7500258581610222,0.757322490215302,0.50015127658844,0.998016476631165,0.14045481608051516,5173
slovakia,F,Dendrocoptes medius_Middle Spotted Woodpecker,0.9104619669877827,0.9385937750339505,0.700895845890045,0.99998664855957,0.08478032813722063,1964
slovakia,F,Dryobates minor_Lesser Spotted Woodpecker,0.8368548095226288,0.830067276954651,0.700453877449036,0.993745446205139,0.09106974665598845,50
slovakia,F,Dryocopus martius_Black Woodpecker,0.9240996614802968,0.958933472633362,0.703088879585266,0.999814808368683,0.07966694983293308,1375
slovakia,F,Emberiza cirlus_Cirl Bunting,0.730837821960449,0.730837821960449,0.730837821960449,0.730837821960449,NA,1
slovakia,F,Emberiza citrinella_Yellowhammer,0.8038812171329153,0.824677109718323,0.703127145767212,0.899168968200684,0.06881853390592496,11
slovakia,F,Erithacus rubecula_European Robin,0.8053952938659601,0.802801251411438,0.633047044277191,0.999297380447388,0.10467326203933999,2724
slovakia,F,Falco peregrinus_Peregrine Falcon,0.7506663799285885,0.7506663799285885,0.720948994159698,0.780383765697479,0.042026729992638144,2
slovakia,F,Falco subbuteo_Eurasian Hobby,0.789353787899017,0.789353787899017,0.789353787899017,0.789353787899017,NA,1
slovakia,F,Ficedula albicollis_Collared Flycatcher,0.8757977960098656,0.8938569724559785,0.700488090515137,0.999966859817505,0.096839389282119,1294
slovakia,F,Ficedula hypoleuca_European Pied Flycatcher,0.9055315683973898,0.9358523488044741,0.702300071716309,0.998882710933685,0.08778857259771994,404
slovakia,F,Ficedula parva_Red-breasted Flycatcher,0.8039229973302193,0.7892234623432159,0.70005738735199,0.997150003910065,0.07485731674080681,2248
slovakia,F,Fringilla coelebs_Common Chaffinch,0.7478275213456839,0.745228558778763,0.500077784061432,0.999370992183685,0.15031003784328673,4386
slovakia,F,Fringilla montifringilla_Brambling,0.705013692378998,0.705013692378998,0.705013692378998,0.705013692378998,NA,1
slovakia,F,Fulica atra_Eurasian Coot,0.8532634526491165,0.8596735596656799,0.711128175258636,0.98257851600647,0.11156176593518168,4
slovakia,F,Gallinula chloropus_Eurasian Moorhen,0.8574461549520493,0.861475855112076,0.719323217868805,0.990862369537354,0.09413361046833807,20
slovakia,F,Garrulus glandarius_Eurasian Jay,0.801899584504061,0.823028802871704,0.530982136726379,0.997613191604614,0.13763061326987278,860
slovakia,F,Glaucidium passerinum_Eurasian Pygmy-Owl,0.822759509086609,0.822759509086609,0.815243601799011,0.830275416374207,0.010629098019659859,2
slovakia,F,Grus grus_Common Crane,0.7521080573399863,0.74003940820694,0.720119118690491,0.796165645122528,0.03943358675693932,3
slovakia,F,Gyps fulvus_Eurasian Griffon,0.7997456987698872,0.8307956755161285,0.701044797897339,0.877738118171692,0.07394698460250416,6
slovakia,F,Haematopus ostralegus_Eurasian Oystercatcher,0.727038621902466,0.727038621902466,0.727038621902466,0.727038621902466,NA,1
slovakia,F,Haliaeetus albicilla_White-tailed Eagle,0.946933805942535,0.946933805942535,0.946933805942535,0.946933805942535,NA,1
slovakia,F,Hippolais icterina_Icterine Warbler,0.8633653236093459,0.8673095703125,0.700115263462067,0.999424457550049,0.09005206730207267,616
slovakia,F,Hirundo rustica_Barn Swallow,0.835898034274578,0.810265004634857,0.72313529253006,0.976499795913696,0.08922178366495072,8
slovakia,F,Ixobrychus minutus_Little Bittern,0.7989640723575245,0.795931994915009,0.730854749679565,0.900901556015015,0.044816420540964276,11
slovakia,F,Jynx torquilla_Eurasian Wryneck,0.8784748517549955,0.898521065711975,0.700340628623962,0.99884450435638406,0.08070343258669355,65
slovakia,F,Limosa lapponica_Bar-tailed Godwit,0.826306879520416,0.826306879520416,0.826306879520416,0.826306879520416,NA,1
slovakia,F,Locustella fluviatilis_River Warbler,0.9680319389811268,0.9983896017074585,0.702008187770844,0.999995231628418,0.07389310398023101,108
slovakia,F,Locustella luscinioides_Savi's Warbler,0.747624576091766,0.747624576091766,0.733311533927917,0.761937618255615,0.02024169834693319,2
slovakia,F,Lophophanes cristatus_Crested Tit,0.7797703246275587,0.804967522621155,0.705012857913971,0.839125454425812,0.05560820719784684,6
slovakia,F,Luscinia luscinia_Thrush Nightingale,0.8259026209513347,0.8356887698173525,0.700347304344177,0.976574182510376,0.10080370534056224,12
slovakia,F,Luscinia megarhynchos_Common Nightingale,0.8601262072722117,0.8782844245433805,0.74669474363327,0.967691957950592,0.07837332535117832,12
slovakia,F,Mareca strepera_Gadwall,0.722662329673767,0.722662329673767,0.722662329673767,0.722662329673767,NA,1
slovakia,F,Melanitta nigra_Common Scoter,0.8027485396180835,0.792547166347504,0.704927921295166,0.920663475990295,0.07655902907595225,14
slovakia,F,Merops apiaster_European Bee-eater,0.7473122341466315,0.752959430217743,0.500401735305786,0.98448783159256,0.14694023106288503,587
slovakia,F,Motacilla alba_White Wagtail,0.8359766602516174,0.8359766602516174,0.747411966323853,0.924541354179382,0.12524939130006665,2
slovakia,F,Motacilla cinerea_Gray Wagtail,0.8418014550750905,0.8272281885147095,0.700529754161835,0.999168395996094,0.10088439053556306,44
slovakia,F,Muscicapa striata_Spotted Flycatcher,0.8506266921832384,0.85165399312973,0.700009286403656,0.999897122383118,0.08643063417344242,6063
slovakia,F,Numenius phaeopus_Whimbrel,0.8149625658988955,0.8149625658988955,0.791298806667328,0.838626325130463,0.03346560924201428,2
slovakia,F,Nycticorax nycticorax_Black-crowned Night-Heron,0.8564853644506498,0.8603119254112245,0.700657904148102,0.997736811637878,0.09003656236531016,176
slovakia,F,Oriolus oriolus_Eurasian Golden Oriole,0.8706551559952641,0.883169949054718,0.700034141540527,0.998806715011597,0.08306032448419289,6903
slovakia,F,Otus scops_Eurasian Scops-Owl,0.8454592386070562,0.840682625770569,0.702677190303802,0.997114062309265,0.08678664611934273,49
slovakia,F,Parus major_Great Tit,0.6869306273669361,0.661588251590729,0.500036299228668,0.993184268474579,0.13053547467984405,1255
slovakia,F,Passer montanus_Eurasian Tree Sparrow,0.807640552520752,0.807640552520752,0.807640552520752,0.807640552520752,NA,1
slovakia,F,Periparus ater_Coal Tit,0.800304710865021,0.800304710865021,0.800304710865021,0.800304710865021,NA,1
slovakia,F,Phasianus colchicus_Ring-necked Pheasant,0.635160115632144,0.589944243431091,0.529715657234192,0.867464125156403,0.11387716872438558,11
slovakia,F,Phoenicurus phoenicurus_Common Redstart,0.7997026100303187,0.780208438634872,0.707829236984253,0.957323431968689,0.07648686898868837,66
slovakia,F,Phylloscopus bonelli_Western Bonelli's Warbler,0.762139642238617,0.757773518562317,0.729333162307739,0.825076401233673,0.037914637341837885,5
slovakia,F,Phylloscopus collybita_Common Chiffchaff,0.7616265800950314,0.7644301652908325,0.500013828277588,0.999797761440277,0.15599100540579405,19458
slovakia,F,Phylloscopus orientalis_Eastern Bonelli's Warbler,0.71507865190506,0.71507865190506,0.71507865190506,0.71507865190506,NA,1
slovakia,F,Phylloscopus sibilatrix_Wood Warbler,0.8344758248329163,0.827354967594147,0.702735006809235,0.996221899986267,0.08258710917312305,125
slovakia,F,Pica pica_Eurasian Magpie,0.7786959412351119,0.765636682510376,0.640294075012207,0.988003969192505,0.0909776337621531,452
slovakia,F,Picoides tridactylus_Eurasian Three-toed Woodpecker,0.8083641529083255,0.8102900385856631,0.747605681419373,0.865270853042603,0.049055985297497044,4
slovakia,F,Picus canus_Gray-headed Woodpecker,0.8331496170588902,0.8242015540599825,0.700581431388855,0.964282214641571,0.07963304580336016,70
slovakia,F,Picus viridis_Eurasian Green Woodpecker,0.8847733795062288,0.9033772051334386,0.700424194335938,0.999377846717834,0.08850576066120813,616
slovakia,F,Poecile palustris_Marsh Tit,0.9280883363726636,0.931472539901733,0.846020102500916,0.99916410446167,0.04376705050837315,993
slovakia,F,Prunella modularis_Dunnock,0.7809299090329339,0.793571054935455,0.54925537109375,0.985625922679901,0.13864149990469765,17
slovakia,F,Ptyonoprogne rupestris_Eurasian Crag-Martin,0.848073065280914,0.848073065280914,0.848073065280914,0.848073065280914,NA,1
slovakia,F,Pyrrhula pyrrhula_Eurasian Bullfinch,0.7742351492245994,0.773729681968689,0.720830321311951,0.828145444393158,0.05365934711999157,3
slovakia,F,Rallus aquaticus_Water Rail,0.811420679092407,0.811420679092407,0.811420679092407,0.811420679092407,NA,1
slovakia,F,Regulus ignicapilla_Common Firecrest,0.8364865917425889,0.829662948846817,0.705680906772614,0.989560484886169,0.09881498775678875,26
slovakia,F,Regulus regulus_Goldcrest,0.7798075552644401,0.731790244579315,0.661268651485443,0.993234097957611,0.10403239263812404,29
slovakia,F,Remiz pendulinus_Eurasian Penduline-Tit,0.7753957509994507,0.807726800441742,0.70221072435379,0.81624972820282,0.0635231939392982,3
slovakia,F,Saxicola rubicola_European Stonechat,0.856509685516357,0.856509685516357,0.856509685516357,0.856509685516357,NA,1
slovakia,F,Scolopax rusticola_Eurasian Woodcock,0.8238653298467398,0.830977499485016,0.706152379512787,0.97386234998703,0.08404660479754161,32
slovakia,F,Sitta europaea_Eurasian Nuthatch,0.7919157149179107,0.816037237644196,0.500032603740692,0.999830603599548,0.14893810117707323,6729
slovakia,F,Streptopelia decaocto_Eurasian Collared-Dove,0.785154342651367,0.785154342651367,0.767092525959015,0.803216159343719,0.02554326612742098,2
slovakia,F,Streptopelia turtur_European Turtle-Dove,0.8562857750299815,0.883790969848633,0.700902223587036,0.98099672794342,0.08058026391077452,37
slovakia,F,Strix aluco_Tawny Owl,0.8936965488646686,0.9191575050354,0.700034320354462,0.999967336654663,0.0916929733272638,2993
slovakia,F,Strix uralensis_Ural Owl,0.7527069015936417,0.733368515968323,0.70183128118515,0.844428896903992,0.04550047443707679,11
slovakia,F,Sturnus vulgaris_European Starling,0.869972268740336,0.896998226642609,0.764174103736877,0.948744475841522,0.09520691868301039,3
slovakia,F,Sylvia atricapilla_Eurasian Blackcap,0.8030488584741974,0.803965508937836,0.608010053634644,0.999622344970703,0.1143569881979574,19087
slovakia,F,Sylvia borin_Garden Warbler,0.8024977675655433,0.793263256549835,0.701068460941315,0.950385391712189,0.0685184328185787,57
slovakia,F,Tetrastes bonasia_Hazel Grouse,0.848029017448425,0.848029017448425,0.848029017448425,0.848029017448425,NA,1
slovakia,F,Tringa erythropus_Spotted Redshank,0.805774092674255,0.805774092674255,0.805774092674255,0.805774092674255,NA,1
slovakia,F,Tringa glareola_Wood Sandpiper,0.860651791095734,0.860651791095734,0.860651791095734,0.860651791095734,NA,1
slovakia,F,Tringa nebularia_Common Greenshank,0.9621030807495118,0.967411756515503,0.922942340373993,0.985219240188599,0.024927561234960358,5
slovakia,F,Tringa ochropus_Green Sandpiper,0.9352430899937948,0.954451233148575,0.836093008518219,0.996731758117676,0.060057551374722046,6
slovakia,F,Troglodytes troglodytes_Eurasian Wren,0.6919475724822597,0.672390401363373,0.503626823425293,0.939612865447998,0.13365157870447478,95
slovakia,F,Turdus iliacus_Redwing,0.8101850152015686,0.817116379737854,0.704666376113892,0.94547426700592,0.07525885405394384,17
slovakia,F,Turdus merula_Eurasian Blackbird,0.7184072685466237,0.6911950409412385,0.500939130783081,0.998633444309235,0.15148197170701166,1168
slovakia,F,Turdus philomelos_Song Thrush,0.9407056521984839,0.9393677711486815,0.901106894016266,0.995167374610901,0.024735624569999046,186
slovakia,F,Turdus pilaris_Fieldfare,0.7316974401474,0.7316974401474,0.7316974401474,0.7316974401474,NA,1
slovakia,F,Turdus viscivorus_Mistle Thrush,0.898041784763336,0.887729585170746,0.876359641551971,0.930036127567291,0.028285108857246295,3
slovakia,F,Tyto alba_Barn Owl,0.8222452998161315,0.842867314815521,0.710153222084045,0.938149869441986,0.08705548591987103,7
slovakia,F,Upupa epops_Eurasian Hoopoe,0.716017007827759,0.716017007827759,0.716017007827759,0.716017007827759,NA,1
slovakia,F,Vanellus vanellus_Northern Lapwing,0.7750308364629745,0.7673878967761996,0.712245464324951,0.903924643993378,0.056640554448662415,12
slovakia,F,Zapornia pusilla_Baillon's Crake,0.7554783051212629,0.74676439166069,0.713390111923218,0.861457943916321,0.03924137378097066,24
slovakia,G,Acanthis flammea_Common Redpoll,0.8087035162108287,0.770321846008301,0.701921403408051,0.945808589458466,0.105927317395439,7
slovakia,G,Accipiter gentilis_Northern Goshawk,0.7756706714630126,0.753301054239273,0.701153814792633,0.90469217300415,0.07389801007538367,10
slovakia,G,Acrocephalus arundinaceus_Great Reed Warbler,0.889884531497955,0.889884531497955,0.889884531497955,0.889884531497955,NA,1
slovakia,G,Actitis hypoleucos_Common Sandpiper,0.8389002084732056,0.8027721345424654,0.741661787033081,0.980709195137024,0.09582776802470236,8
slovakia,G,Aegithalos caudatus_Long-tailed Tit,0.9237683991874439,0.937754809856415,0.789059162139893,0.999966740608215,0.0628577045520288,1613
slovakia,G,Aegolius funereus_Boreal Owl,0.7981051206588743,0.8151879012584684,0.718720436096191,0.843324244022369,0.05853437923015446,4
slovakia,G,Aix galericulata_Mandarin Duck,0.8150931060314179,0.8245762288570405,0.701431453227997,0.973733186721802,0.09527117911083668,10
slovakia,G,Alcedo atthis_Common Kingfisher,0.857309341430664,0.846497654914856,0.70385605096817,0.98605340719223,0.09568720013003396,9
slovakia,G,Anas acuta_Northern Pintail,0.713742077350616,0.713742077350616,0.713742077350616,0.713742077350616,NA,1
slovakia,G,Anas crecca_Green-winged Teal,0.8171102965579314,0.836235284805298,0.709435224533081,0.955476820468903,0.07995082532136917,17
slovakia,G,Anas platyrhynchos_Mallard,0.8145076924440813,0.804214060306549,0.702710509300232,0.968896389007568,0.06644031244110969,49
slovakia,G,Anser anser_Graylag Goose,0.8742852807044981,0.863522708415985,0.84662914276123,0.923466563224792,0.03413626082230109,4
slovakia,G,Anthus pratensis_Meadow Pipit,0.645950198173523,0.645950198173523,0.645950198173523,0.645950198173523,NA,1
slovakia,G,Anthus trivialis_Tree Pipit,0.8936393460813594,0.920717239379883,0.701346337795258,0.999513983726501,0.09528337110208446,507
slovakia,G,Apus apus_Common Swift,0.9318616740843828,0.925247848033905,0.861354291439056,0.990710079669952,0.04159298919600006,17
slovakia,G,Apus melba_Alpine Swift,0.80101238489151,0.7989291846752165,0.700141489505768,0.913139224052429,0.07958474940020875,10
slovakia,G,Ardea cinerea_Gray Heron,0.8746964598251694,0.88983690738678,0.702224493026733,0.99915075302124,0.08762824678333182,347
slovakia,G,Ardea purpurea_Purple Heron,0.856862604618073,0.856862604618073,0.856862604618073,0.856862604618073,NA,1
slovakia,G,Asio flammeus_Short-eared Owl,0.77172327041626,0.77172327041626,0.77172327041626,0.77172327041626,NA,1
slovakia,G,Asio otus_Long-eared Owl,0.866772949695587,0.871864259243011,0.801410794258118,0.927043795585632,0.0629710554963195,3
slovakia,G,Athene noctua_Little Owl,0.7936773627576694,0.777222573757172,0.700356066226959,0.984994113445282,0.0742637406801671,71
slovakia,G,Bombycilla garrulus_Bohemian Waxwing,0.959372580051422,0.959372580051422,0.959372580051422,0.959372580051422,NA,1
slovakia,G,Botaurus stellaris_Great Bittern,0.8020408352216085,0.793028950691223,0.700998485088348,0.969683170318604,0.07760884666096889,84
slovakia,G,Bubo bubo_Eurasian Eagle-Owl,0.8263039092222848,0.8246145844459536,0.731648206710815,0.913330793380737,0.06092993024308701,6
slovakia,G,Bucephala clangula_Common Goldeneye,0.8308430790901183,0.828733503818512,0.729518413543701,0.983606457710266,0.07784327641206774,15
slovakia,G,Burhinus oedicnemus_Eurasian Thick-knee,0.8117666190320795,0.814593434333801,0.705676138401031,0.968800604343414,0.07670652146194659,33
slovakia,G,Buteo buteo_Common Buzzard,0.8804674520660757,0.898577868938446,0.701116681098938,0.999353229999542,0.0816080484300902,1219
slovakia,G,Calidris alpina_Dunlin,0.8160649469265571,0.8395583927631375,0.704554855823517,0.917539417743683,0.06964403260566915,26
slovakia,G,Caprimulgus europaeus_Eurasian Nightjar,0.8269477942410637,0.824542462825775,0.709629952907562,0.97499543428421,0.07697945936736152,17
slovakia,G,Carduelis carduelis_European Goldfinch,0.846315984781354,0.846303105354309,0.709002017974854,0.997307538986206,0.078437473165956,4992
slovakia,G,Carpodacus erythrinus_Common Rosefinch,0.720454663038254,0.720454663038254,0.707941591739655,0.732967734336853,0.017696155137420254,2
slovakia,G,Cecropis daurica_Red-rumped Swallow,0.888102531433105,0.888102531433105,0.888102531433105,0.888102531433105,NA,1
slovakia,G,Certhia brachydactyla_Short-toed Treecreeper,0.8621201439612153,0.870559811592102,0.6863893866539,0.999080300331116,0.0907723737574042,276
slovakia,G,Certhia familiaris_Eurasian Treecreeper,0.7356083641152182,0.729760140180588,0.500923871994019,0.996284186840057,0.15036160959216147,334
slovakia,G,Cettia cetti_Cetti's Warbler,0.711389482021332,0.711389482021332,0.711389482021332,0.711389482021332,NA,1
slovakia,G,Charadrius dubius_Little Ringed Plover,0.8663175404071806,0.8663175404071806,0.834407567977905,0.898227512836456,0.045127515784432894,2
slovakia,G,Charadrius hiaticula_Common Ringed Plover,0.802644431591034,0.802644431591034,0.802644431591034,0.802644431591034,NA,1
slovakia,G,Charadrius morinellus_Eurasian Dotterel,0.9085614482561747,0.878082990646362,0.85826450586319,0.989336848258972,0.07065190739806063,3
slovakia,G,Chloris chloris_European Greenfinch,0.8391356184369042,0.8262892067432405,0.70207005739212,0.998659133911133,0.08542763432231223,252
slovakia,G,Cinclus cinclus_White-throated Dipper,0.725017786026001,0.725017786026001,0.725017786026001,0.725017786026001,NA,1
slovakia,G,Circus aeruginosus_Eurasian Marsh-Harrier,0.816154718399048,0.816154718399048,0.779847264289856,0.85246217250824,0.05134649401645809,2
slovakia,G,Coccothraustes coccothraustes_Hawfinch,0.874413157088889,0.8981745541095729,0.701261460781097,0.999532341957092,0.09831356818723479,144
slovakia,G,Columba livia_Rock Pigeon,0.71187824010849,0.71187824010849,0.71187824010849,0.71187824010849,NA,1
slovakia,G,Columba oenas_Stock Dove,0.7953336437543237,0.771171569824219,0.755939066410065,0.858890295028687,0.05556611585286327,3
slovakia,G,Columba palumbus_Common Wood-Pigeon,0.8135915423227735,0.809361219406128,0.701171636581421,0.984833180904388,0.07377204986559688,242
slovakia,G,Corvus corax_Common Raven,0.7473527592028316,0.746225953102112,0.500863969326019,0.994334697723389,0.14515446498428392,623
slovakia,G,Corvus cornix_Hooded Crow,0.7712204257647197,0.745186150074005,0.70162707567215,0.892025053501129,0.06378940073768696,15
slovakia,G,Corvus corone_Carrion Crow,0.7631608957336062,0.757355332374573,0.703423082828522,0.84322464466095,0.04488730178574187,21
slovakia,G,Corvus frugilegus_Rook,0.880892256895701,0.888949930667877,0.825866103172302,0.927860736846924,0.05147252572556737,3
slovakia,G,Corvus monedula_Eurasian Jackdaw,0.653049051761627,0.653049051761627,0.653049051761627,0.653049051761627,NA,1
slovakia,G,Coturnix coturnix_Common Quail,0.9201284684682551,0.949869930744171,0.706860303878784,0.999731600284576,0.08389793127226175,253
slovakia,G,Cuculus canorus_Common Cuckoo,0.6982005669968844,0.6840088963508605,0.50027060508728,0.994782149791718,0.12863720635554232,1452
slovakia,G,Curruca curruca_Lesser Whitethroat,0.840312123298645,0.843088686466217,0.781169056892395,0.87434196472168,0.032474369558261565,6
slovakia,G,Cyanistes caeruleus_Eurasian Blue Tit,0.7244048157777754,0.7108983993530276,0.501028299331665,0.996145844459534,0.1466027997939632,578
slovakia,G,Cygnus columbianus_Tundra Swan,0.7587264569906088,0.7494125366210935,0.702329874038696,0.903536856174469,0.0503406493943843,26
slovakia,G,Cygnus cygnus_Whooper Swan,0.7872453729311627,0.753762125968933,0.742421627044678,0.865552365779877,0.0680524839790526,3
slovakia,G,Delichon urbicum_Common House-Martin,0.7883508402167014,0.781746685504913,0.639622867107391,0.985924303531647,0.09937054238537336,103
slovakia,G,Dendrocopos major_Great Spotted Woodpecker,0.7752768476612769,0.7912877202034,0.500385642051697,0.995931088924408,0.14064990615078576,3323
slovakia,G,Dendrocopos syriacus_Syrian Woodpecker,0.940329909324646,0.940329909324646,0.940329909324646,0.940329909324646,NA,1
slovakia,G,Dendrocoptes medius_Middle Spotted Woodpecker,0.8926567462822877,0.915727138519287,0.700482130050659,0.999629378318787,0.08531328227647114,757
slovakia,G,Dryobates minor_Lesser Spotted Woodpecker,0.8540646602978577,0.8591162264347074,0.703610122203827,0.996572732925415,0.08924071829800632,74
slovakia,G,Dryocopus martius_Black Woodpecker,0.9180799875880631,0.945520281791687,0.703567504882812,0.9998699426651,0.08025401361622748,568
slovakia,G,Emberiza cia_Rock Bunting,0.873665928840637,0.873665928840637,0.78397399187088,0.963357865810394,0.12684355369814312,2
slovakia,G,Emberiza cirlus_Cirl Bunting,0.743218799432119,0.732999980449677,0.716570258140564,0.780086159706116,0.03296794858598514,3
slovakia,G,Emberiza citrinella_Yellowhammer,0.8371690520759445,0.8296653628349304,0.700071513652802,0.999245405197144,0.08316946507165988,1448
slovakia,G,Emberiza hortulana_Ortolan Bunting,0.7801239026917354,0.763064801692963,0.701992034912109,0.963683307170868,0.08712747645015313,9
slovakia,G,Erithacus rubecula_European Robin,0.8406261109699638,0.8469641208648679,0.633238315582275,0.995816886425018,0.10842151083429993,590
slovakia,G,Falco naumanni_Lesser Kestrel,0.854644119739532,0.854644119739532,0.854644119739532,0.854644119739532,NA,1
slovakia,G,Falco peregrinus_Peregrine Falcon,0.868796646595001,0.872235059738159,0.785476803779602,0.948678076267242,0.08165494993632355,3
slovakia,G,Falco subbuteo_Eurasian Hobby,0.9863913059234617,0.990735828876495,0.969494342803955,0.998943746089935,0.015197795834993567,3
slovakia,G,Falco tinnunculus_Eurasian Kestrel,0.94688355922699,0.94688355922699,0.94688355922699,0.94688355922699,NA,1
slovakia,G,Ficedula albicollis_Collared Flycatcher,0.8968254272184224,0.923222362995148,0.700070261955261,0.999169945716858,0.08696967675678438,579
slovakia,G,Ficedula hypoleuca_European Pied Flycatcher,0.91408937593375,0.948093295097351,0.700306415557861,0.999928593635559,0.0859202139338841,1345
slovakia,G,Ficedula parva_Red-breasted Flycatcher,0.7962744534015656,0.7962744534015656,0.77506810426712,0.817480802536011,0.029990306554351726,2
slovakia,G,Fringilla coelebs_Common Chaffinch,0.6769519910047639,0.647014707326889,0.500027477741241,0.996150612831116,0.13561470562146527,2650
slovakia,G,Fringilla montifringilla_Brambling,0.8006039738655091,0.7718828916549685,0.73002153635025,0.961025834083557,0.06768681771263428,10
slovakia,G,Fulica atra_Eurasian Coot,0.8686432659626008,0.846340894699097,0.701413571834564,0.995456099510193,0.1074439465583404,10
slovakia,G,Galerida cristata_Crested Lark,0.818811535835266,0.818811535835266,0.818811535835266,0.818811535835266,NA,1
slovakia,G,Gallinula chloropus_Eurasian Moorhen,0.9223500814702776,0.9573270082473755,0.704039216041565,0.999927282333374,0.08395786780861786,90
slovakia,G,Garrulus glandarius_Eurasian Jay,0.78866751433967,0.803872913122177,0.53004401922226,0.99638307094574,0.13494893526147345,462
slovakia,G,Gavia arctica_Arctic Loon,0.7645559012889865,0.7645559012889865,0.701750993728638,0.827360808849335,0.0888195520554334,2
slovakia,G,Grus grus_Common Crane,0.7818882241845132,0.77451092004776,0.700369894504547,0.849327921867371,0.05600852615991426,8
slovakia,G,Haematopus ostralegus_Eurasian Oystercatcher,0.829164758324623,0.8245552182197571,0.72474467754364,0.942803919315338,0.0893366216799747,4
slovakia,G,Haliaeetus albicilla_White-tailed Eagle,0.8243891298770905,0.8075914680957795,0.717124938964844,0.965248644351959,0.11474434303738193,4
slovakia,G,Hippolais icterina_Icterine Warbler,0.8565871204648698,0.797142803668976,0.751888930797577,0.989773333072662,0.09731862634652297,7
slovakia,G,Hirundo rustica_Barn Swallow,0.8519362463607444,0.853863418102264,0.7246333360672,0.998173594474792,0.07206163058601665,333
slovakia,G,Ixobrychus minutus_Little Bittern,0.8380362968891858,0.8351762890815735,0.701696217060089,0.987428843975067,0.08736141140991488,64
slovakia,G,Jynx torquilla_Eurasian Wryneck,0.8701110652514867,0.862798690795898,0.765198230743408,0.964189171791077,0.06723955690814179,7
slovakia,G,Lanius collurio_Red-backed Shrike,0.8590371858241946,0.844180583953857,0.700599312782288,0.997369408607483,0.09870862623372109,43
slovakia,G,Limosa lapponica_Bar-tailed Godwit,0.855004906654358,0.855004906654358,0.855004906654358,0.855004906654358,NA,1
slovakia,G,Linaria cannabina_Eurasian Linnet,0.7528491020202637,0.76724374294281,0.684859395027161,0.80644416809082,0.062057380912363264,3
slovakia,G,Locustella fluviatilis_River Warbler,0.9223732012599684,0.9587010443210605,0.700455725193024,0.999945402145386,0.08340074202169159,2534
slovakia,G,Locustella luscinioides_Savi's Warbler,0.895403206348419,0.895403206348419,0.895403206348419,0.895403206348419,NA,1
slovakia,G,Locustella naevia_Common Grasshopper-Warbler,0.8005656599998473,0.781044065952301,0.769847214221954,0.850805699825287,0.04386785353096461,3
slovakia,G,Lophophanes cristatus_Crested Tit,0.7675880259937712,0.731007516384125,0.700301945209503,0.882529199123383,0.06784329622235863,9
slovakia,G,Lullula arborea_Wood Lark,0.7527870833873751,0.7527870833873751,0.708339750766754,0.797234416007996,0.06285802060339031,2
slovakia,G,Luscinia luscinia_Thrush Nightingale,0.8052197456359862,0.81498509645462,0.724940240383148,0.885217487812042,0.06364559495598487,5
slovakia,G,Luscinia megarhynchos_Common Nightingale,0.7663054032759231,0.745756387710571,0.702258765697479,0.98004949092865,0.0806955108367535,11
slovakia,G,Lymnocryptes minimus_Jack Snipe,0.7821372214116548,0.787034273147583,0.702205777168274,0.913706243038177,0.062223154150464685,19
slovakia,G,Mareca penelope_Eurasian Wigeon,0.8646981716156005,0.8646981716156005,0.806705296039581,0.92269104719162,0.0820143111606222,2
slovakia,G,Mareca strepera_Gadwall,0.790505935748418,0.7733198702335355,0.743580043315887,0.848999619483948,0.04571754724637665,6
slovakia,G,Melanitta nigra_Common Scoter,0.8122023642063143,0.801773250102997,0.768476486206055,0.876786470413208,0.046286204241549576,4
slovakia,G,Mergus merganser_Common Merganser,0.701187908649445,0.701187908649445,0.701187908649445,0.701187908649445,NA,1
slovakia,G,Merops apiaster_European Bee-eater,0.8486397630594265,0.899766445159912,0.500031411647797,0.999842166900635,0.14303983430380943,11217
slovakia,G,Milvus milvus_Red Kite,0.787131309509277,0.787131309509277,0.787131309509277,0.787131309509277,NA,1
slovakia,G,Motacilla alba_White Wagtail,0.8278860722373171,0.8210107982158661,0.689268827438354,0.997986793518066,0.08668773442302563,164
slovakia,G,Motacilla cinerea_Gray Wagtail,0.7694388857254616,0.737993836402893,0.702388167381287,0.875801384449005,0.06684344119751541,13
slovakia,G,Motacilla flava_Western Yellow Wagtail,0.8186384555366304,0.8117968738079071,0.707573115825653,0.959138810634613,0.07420426424420976,36
slovakia,G,Muscicapa striata_Spotted Flycatcher,0.8532519690692425,0.858678191900253,0.703356504440308,0.997628152370453,0.09024707520433847,400
slovakia,G,Numenius arquata_Eurasian Curlew,0.9237685402234396,0.934329748153687,0.814396798610687,0.969556510448456,0.04869901293090556,9
slovakia,G,Numenius phaeopus_Whimbrel,0.819756765519419,0.793743014335632,0.702206671237946,0.953481614589691,0.07643662024233401,31
slovakia,G,Nycticorax nycticorax_Black-crowned Night-Heron,0.8845907436744607,0.905487775802612,0.701003074645996,0.99976772069931,0.09077589768536692,643
slovakia,G,Oriolus oriolus_Eurasian Golden Oriole,0.8614423948503259,0.8704797625541685,0.700084686279297,0.999681949615479,0.07935885564805581,6702
slovakia,G,Otus scops_Eurasian Scops-Owl,0.834476298612097,0.820549100637436,0.701890885829926,0.999268114566803,0.10068194420168984,46
slovakia,G,Pandion haliaetus_Osprey,0.8528753221035005,0.8528753221035005,0.775227427482605,0.930523216724396,0.10981070566258731,2
slovakia,G,Panurus biarmicus_Bearded Reedling,0.898536428809166,0.9059581458568575,0.794134497642517,0.988094925880432,0.08590412961935294,4
slovakia,G,Parus major_Great Tit,0.6851568027265598,0.657423496246338,0.500146865844727,0.994623899459839,0.13036306386606902,1273
slovakia,G,Passer montanus_Eurasian Tree Sparrow,0.8570221132702299,0.879667699337006,0.737572550773621,0.97988486289978,0.09865198787516734,9
slovakia,G,Periparus ater_Coal Tit,0.7731000414261452,0.753578007221222,0.701663136482239,0.857357144355774,0.05180492193988548,13
slovakia,G,Phasianus colchicus_Ring-necked Pheasant,0.8379680020014445,0.891154825687408,0.522065341472626,0.999251425266266,0.14843633852589141,375
slovakia,G,Phoenicopterus roseus_Greater Flamingo,0.745570659637451,0.745570659637451,0.745570659637451,0.745570659637451,NA,1
slovakia,G,Phoenicurus phoenicurus_Common Redstart,0.7703977354935237,0.7371205389499664,0.700245022773743,0.916938304901123,0.07038554474547752,14
slovakia,G,Phylloscopus collybita_Common Chiffchaff,0.7949584793503136,0.8217000961303711,0.500037848949432,0.999817073345184,0.1592078678665642,2158
slovakia,G,Phylloscopus sibilatrix_Wood Warbler,0.86866095662117,0.8712789714336395,0.702146112918854,0.995156526565552,0.09794713035099238,36
slovakia,G,Phylloscopus trochilus_Willow Warbler,0.8564620998043281,0.8462879955768585,0.719152331352234,0.990115642547607,0.07818642324301847,104
slovakia,G,Pica pica_Eurasian Magpie,0.7483697533607481,0.743773579597473,0.675009727478027,0.826325953006744,0.07576274570665356,3
slovakia,G,Picus canus_Gray-headed Woodpecker,0.8759438991546631,0.897813200950623,0.702277660369873,0.993464291095734,0.08823445478914013,37
slovakia,G,Picus viridis_Eurasian Green Woodpecker,0.8906067250103786,0.9124990105628965,0.700156807899475,0.999824106693268,0.0877468585928322,870
slovakia,G,Plegadis falcinellus_Glossy Ibis,0.707584977149963,0.707584977149963,0.707584977149963,0.707584977149963,NA,1
slovakia,G,Pluvialis apricaria_European Golden-Plover,0.8142897401537215,0.778287827968597,0.740075469017029,0.92137086391449,0.0718245568845144,7
slovakia,G,Pluvialis squatarola_Black-bellied Plover,0.8202805399894714,0.786577343940735,0.706751585006714,0.966987192630768,0.10659779527526478,5
slovakia,G,Poecile palustris_Marsh Tit,0.9109949855243458,0.914163053035736,0.852012574672699,0.983677864074707,0.03608291591413602,17
slovakia,G,Porzana porzana_Spotted Crake,0.7547660734918383,0.746519982814789,0.703314483165741,0.902032196521759,0.05209795169562088,18
slovakia,G,Prunella modularis_Dunnock,0.7331284933230455,0.7187143862247469,0.50544011592865,0.993031620979309,0.15742676914038345,34
slovakia,G,Pyrrhula pyrrhula_Eurasian Bullfinch,0.7988984286785126,0.7805947065353396,0.70262610912323,0.922851145267487,0.08135135150200067,16
slovakia,G,Rallus aquaticus_Water Rail,0.8047381724630082,0.822615087032318,0.701638400554657,0.987297534942627,0.10343259109720969,7
slovakia,G,Recurvirostra avosetta_Pied Avocet,0.8127393821875255,0.8189935088157655,0.733135402202606,0.88421630859375,0.06100436203416969,6
slovakia,G,Regulus ignicapilla_Common Firecrest,0.829452390606339,0.799784898757935,0.704014122486115,0.992067575454712,0.0804245325735289,37
slovakia,G,Regulus regulus_Goldcrest,0.8327443558390778,0.82864511013031,0.662760555744171,0.990892171859741,0.09418459448258219,101
slovakia,G,Remiz pendulinus_Eurasian Penduline-Tit,0.8142722129821776,0.81010764837265,0.740188419818878,0.918983161449432,0.07039113553805715,5
slovakia,G,Riparia riparia_Bank Swallow,0.8421059335981097,0.829785466194153,0.703479826450348,0.999784171581268,0.098147857935087,21
slovakia,G,Scolopax rusticola_Eurasian Woodcock,0.8113728165626525,0.8327851593494415,0.70508348941803,0.891111493110657,0.07053622606054488,10
slovakia,G,Sitta europaea_Eurasian Nuthatch,0.7787754001152801,0.800920307636261,0.500092685222626,0.999912261962891,0.14989032504781774,1211
slovakia,G,Sternula albifrons_Little Tern,0.7580974896748857,0.742057085037231,0.723121345043182,0.809114038944244,0.0451846963782563,3
slovakia,G,Streptopelia decaocto_Eurasian Collared-Dove,0.7759505103934895,0.76734659075737,0.706918060779572,0.900824368000031,0.056689093484093185,22
slovakia,G,Streptopelia turtur_European Turtle-Dove,0.8520609488089879,0.859407842159271,0.741577386856079,0.943952322006226,0.06790229114269575,12
slovakia,G,Strix aluco_Tawny Owl,0.8817579372908718,0.898053675889969,0.700290858745575,0.999812066555023,0.08742318392995183,2580
slovakia,G,Strix uralensis_Ural Owl,0.8036984460694448,0.825303196907043,0.708752036094666,0.89645528793335,0.06717308861032176,14
slovakia,G,Sturnus vulgaris_European Starling,0.8662862308198513,0.867173135280609,0.700659573078156,0.995541512966156,0.08991502067802537,179
slovakia,G,Sylvia atricapilla_Eurasian Blackcap,0.7855844055052524,0.782457113265991,0.608098030090332,0.99372524023056,0.10871900018167682,913
slovakia,G,Sylvia borin_Garden Warbler,0.7424584031105039,0.7424584031105039,0.713548719882965,0.771368086338043,0.04088446610429566,2
slovakia,G,Tachybaptus ruficollis_Little Grebe,0.8140493432680765,0.813449859619141,0.724036455154419,0.894810557365417,0.058861067061210526,9
slovakia,G,Tetrao urogallus_Western Capercaillie,0.853676855564117,0.853676855564117,0.853676855564117,0.853676855564117,NA,1
slovakia,G,Tringa erythropus_Spotted Redshank,0.840282654762268,0.861613273620605,0.710745692253113,0.973060548305511,0.11933980587461221,5
slovakia,G,Tringa glareola_Wood Sandpiper,0.9153716862201691,0.9153716862201691,0.881909728050232,0.948833644390106,0.047322355067486055,2
slovakia,G,Tringa nebularia_Common Greenshank,0.95136009002554,0.953635811805725,0.901387333869934,0.992173671722412,0.02986170550706027,29
slovakia,G,Tringa ochropus_Green Sandpiper,0.892346095870918,0.940253376960754,0.702322363853455,0.998889625072479,0.09622133275699028,71
slovakia,G,Troglodytes troglodytes_Eurasian Wren,0.6946822330355644,0.6795738637447359,0.537999331951141,0.930104851722717,0.11867387017475069,16
slovakia,G,Turdus iliacus_Redwing,0.8363920425375301,0.8248471319675446,0.703703224658966,0.982357859611511,0.07982323026267343,24
slovakia,G,Turdus merula_Eurasian Blackbird,0.6815036675721137,0.64936774969101,0.500035881996155,0.993415832519531,0.13932413937336757,331
slovakia,G,Turdus philomelos_Song Thrush,0.9309414699673653,0.9232316017150874,0.901898860931396,0.990700423717499,0.024227326998666508,40
slovakia,G,Turdus torquatus_Ring Ouzel,0.818640907605489,0.860445499420166,0.723247706890106,0.872229516506195,0.08282277960630739,3
slovakia,G,Turdus viscivorus_Mistle Thrush,0.843549072742462,0.843549072742462,0.843549072742462,0.843549072742462,NA,1
slovakia,G,Tyto alba_Barn Owl,0.7999115855920882,0.763404697179794,0.702788949012756,0.999068319797516,0.08936524563976743,42
slovakia,G,Upupa epops_Eurasian Hoopoe,0.7675663961304557,0.739860415458679,0.701659679412842,0.911744773387909,0.06927983430743151,9
slovakia,G,Vanellus spinosus_Spur-winged Lapwing,0.88748824596405,0.88748824596405,0.88748824596405,0.88748824596405,NA,1
slovakia,G,Vanellus vanellus_Northern Lapwing,0.7839900851249694,0.764365077018738,0.713417172431946,0.875758588314056,0.05060938881689135,10
slovakia,G,Zapornia pusilla_Baillon's Crake,0.857682466506958,0.857682466506958,0.857682466506958,0.857682466506958,NA,1
slovakia,W,Acanthis cabaret_Lesser Redpoll,0.732773900032043,0.732773900032043,0.732773900032043,0.732773900032043,NA,1
slovakia,W,Acanthis flammea_Common Redpoll,0.7953697941196499,0.778719902038574,0.702718019485474,0.954308331012726,0.06745253438784224,67
slovakia,W,Accipiter gentilis_Northern Goshawk,0.811484456062317,0.811484456062317,0.811484456062317,0.811484456062317,NA,1
slovakia,W,Acrocephalus arundinaceus_Great Reed Warbler,0.8706782137127249,0.882104396820068,0.700005888938904,0.999867081642151,0.08629445232695188,57447
slovakia,W,Acrocephalus melanopogon_Moustached Warbler,0.7984691619873048,0.789960384368896,0.706631660461426,0.958133280277252,0.07257276178274312,15
slovakia,W,Acrocephalus schoenobaenus_Sedge Warbler,0.8840356060330732,0.9012497961521144,0.700121998786926,0.999945282936096,0.09289278541547479,14772
slovakia,W,Acrocephalus scirpaceus_Eurasian Reed Warbler,0.7914489241022813,0.7824623584747314,0.70114004611969,0.977974653244019,0.06420162042068617,152
slovakia,W,Actitis hypoleucos_Common Sandpiper,0.8508047273284511,0.827485024929047,0.700063467025757,0.994916558265686,0.09793261486783086,19
slovakia,W,Aegithalos caudatus_Long-tailed Tit,0.8324876427650452,0.827572286128998,0.799159646034241,0.895133554935455,0.03281659784785522,7
slovakia,W,Aegolius funereus_Boreal Owl,0.789923816919327,0.803039848804474,0.712674736976624,0.849663496017456,0.05700497455723493,6
slovakia,W,Aix galericulata_Mandarin Duck,0.982394516468048,0.982394516468048,0.982394516468048,0.982394516468048,NA,1
slovakia,W,Alauda arvensis_Eurasian Skylark,0.686596812359218,0.6661399900913235,0.501561999320984,0.992563426494598,0.12483280311247763,232
slovakia,W,Alcedo atthis_Common Kingfisher,0.9091876745223999,0.948710560798645,0.703628838062286,0.999046623706818,0.10351319757248362,14
slovakia,W,Anas crecca_Green-winged Teal,0.84392432371775306,0.863871812820435,0.705270230770111,0.999237895011902,0.08778350967071785,33
slovakia,W,Anas platyrhynchos_Mallard,0.8225954053342902,0.818386256694794,0.700228273868561,0.992455840110779,0.07593536630116401,1171
slovakia,W,Anser anser_Graylag Goose,0.886822611093521,0.886822611093521,0.854652404785156,0.918992817401886,0.04549554206563025,2
slovakia,W,Anthus campestris_Tawny Pipit,0.798685113588969,0.787572503089905,0.780712604522705,0.827770233154297,0.025420910431869614,3
slovakia,W,Anthus cervinus_Red-throated Pipit,0.8820307850837704,0.94482010602951,0.734207451343536,0.967064797878265,0.12850101197040842,3
slovakia,W,Anthus pratensis_Meadow Pipit,0.61974561214447,0.61974561214447,0.61974561214447,0.61974561214447,NA,1
slovakia,W,Anthus trivialis_Tree Pipit,0.867144758913927,0.875916242599487,0.700239956378937,0.996755063533783,0.08954223900971926,157
slovakia,W,Apus melba_Alpine Swift,0.960068821907043,0.960068821907043,0.960068821907043,0.960068821907043,NA,1
slovakia,W,Ardea alba_Great Egret,0.8613778551419575,0.867341846227646,0.707665145397186,0.993640244007111,0.07977303907884527,36
slovakia,W,Ardea cinerea_Gray Heron,0.9030555483183204,0.930340945720673,0.703551769256592,0.999720633029938,0.08528474267491833,341
slovakia,W,Ardea purpurea_Purple Heron,0.8369238277276356,0.8535348176956175,0.72671377658844,0.926103234291077,0.08058613089393624,6
slovakia,W,Asio otus_Long-eared Owl,0.8514197394251826,0.8539013266563416,0.700959861278534,0.979905307292938,0.09596967637668846,8
slovakia,W,Athene noctua_Little Owl,0.7926158905029297,0.7805466949939726,0.701138257980347,0.990280985832214,0.08027648712852509,30
slovakia,W,Aythya ferina_Common Pochard,0.761718153953552,0.761718153953552,0.761718153953552,0.761718153953552,NA,1
slovakia,W,Bombycilla garrulus_Bohemian Waxwing,0.8574212789535525,0.799188017845154,0.787796974182129,0.971559166908264,0.08925995130023245,5
slovakia,W,Botaurus stellaris_Great Bittern,0.8179800187548002,0.802058666944504,0.702979862689972,0.941174566745758,0.07249356624564339,24
slovakia,W,Bubo bubo_Eurasian Eagle-Owl,0.7756553043921787,0.756426841020584,0.700390040874481,0.885531663894653,0.07201912674524076,12
slovakia,W,Bubulcus ibis_Cattle Egret,0.722953796386719,0.722953796386719,0.722953796386719,0.722953796386719,NA,1
slovakia,W,Bucephala clangula_Common Goldeneye,0.800639629364014,0.800639629364014,0.800639629364014,0.800639629364014,NA,1
slovakia,W,Burhinus oedicnemus_Eurasian Thick-knee,0.798617035150528,0.798617035150528,0.786625564098358,0.810608506202698,0.016958500994783132,2
slovakia,W,Buteo buteo_Common Buzzard,0.8565659161769983,0.863082051277161,0.701617896556854,0.995673596858978,0.07811328949816759,297
slovakia,W,Buteo lagopus_Rough-legged Hawk,0.775331974029541,0.775331974029541,0.775331974029541,0.775331974029541,NA,1
slovakia,W,Calidris alpina_Dunlin,0.8763654629389446,0.9079447984695435,0.718421936035156,0.980590879917145,0.09638515250944939,6
slovakia,W,Caprimulgus europaeus_Eurasian Nightjar,0.7909497171640395,0.794927954673767,0.753384232521057,0.820558726787567,0.029566625714954886,4
slovakia,W,Carduelis carduelis_European Goldfinch,0.8406778041054221,0.829075992107391,0.710358679294586,0.990053236484528,0.08001771374745233,85
slovakia,W,Certhia familiaris_Eurasian Treecreeper,0.6554266214370726,0.634643375873566,0.504182159900665,0.827454328536987,0.16263511682850793,3
slovakia,W,Cettia cetti_Cetti's Warbler,0.663448691368103,0.663448691368103,0.663448691368103,0.663448691368103,NA,1
slovakia,W,Chlidonias leucopterus_White-winged Tern,0.786281555891037,0.786281555891037,0.76844733953476,0.804115772247314,0.025221390645343046,2
slovakia,W,Chloris chloris_European Greenfinch,0.7856986224651339,0.782843351364136,0.703167855739594,0.895809650421143,0.07482643626920402,8
slovakia,W,Chroicocephalus genei_Slender-billed Gull,0.722973346710205,0.722973346710205,0.722973346710205,0.722973346710205,NA,1
slovakia,W,Chroicocephalus ridibundus_Black-headed Gull,0.89341002702713,0.89341002702713,0.89341002702713,0.89341002702713,NA,1
slovakia,W,Ciconia ciconia_White Stork,0.8710128664970398,0.8859136402606965,0.755647778511047,0.956576406955719,0.09175601855651903,4
slovakia,W,Circus aeruginosus_Eurasian Marsh-Harrier,0.8814463360636843,0.899863839149475,0.706060767173767,0.999378681182861,0.08668894151981772,255
slovakia,W,Circus pygargus_Montagu's Harrier,0.7822744250297545,0.759061515331268,0.715682029724121,0.899564981460571,0.06181295952178635,11
slovakia,W,Cisticola juncidis_Zitting Cisticola,0.810148656368256,0.810148656368256,0.810148656368256,0.810148656368256,NA,1
slovakia,W,Coccothraustes coccothraustes_Hawfinch,0.7891603887081147,0.7608515024185181,0.726963818073273,0.918250024318695,0.06454113807166824,10
slovakia,W,Columba livia_Rock Pigeon,0.735940158367157,0.735940158367157,0.735940158367157,0.735940158367157,NA,1
slovakia,W,Columba palumbus_Common Wood-Pigeon,0.8593222106972785,0.869502484798431,0.712217748165131,0.986721754074097,0.08458015897609658,73
slovakia,W,Corvus corax_Common Raven,0.5905823873149023,0.560408979654312,0.500348806381226,0.813295483589172,0.0866536811014755,18
slovakia,W,Corvus cornix_Hooded Crow,0.7965501497189204,0.7846555709838869,0.703372895717621,0.932448387145996,0.06839414095807098,24
slovakia,W,Corvus corone_Carrion Crow,0.7595878913998604,0.7351146936416625,0.701160252094269,0.834942579269409,0.05319148915424898,8
slovakia,W,Corvus monedula_Eurasian Jackdaw,0.7513709515333178,0.776612550020218,0.573808550834656,0.878450155258179,0.12836511971465447,4
slovakia,W,Coturnix coturnix_Common Quail,0.920011312978251,0.9565261006355286,0.700681388378143,0.999934315681458,0.08496051238250012,1430
slovakia,W,Crex crex_Corn Crake,0.815858793258667,0.8096084892749785,0.700439989566803,0.950677156448364,0.07153423389499351,10
slovakia,W,Cuculus canorus_Common Cuckoo,0.8028186483392288,0.834101915359497,0.500174999237061,0.999555647373199,0.1483605704304861,1047
slovakia,W,Curruca curruca_Lesser Whitethroat,0.8050528168678283,0.7788548171520235,0.757763147354126,0.977837085723877,0.0679817442030167,10
slovakia,W,Curruca melanocephala_Sardinian Warbler,0.8285157955609834,0.800508379936218,0.70296436548233,0.983227610588074,0.08576038847584438,13
slovakia,W,Cyanistes caeruleus_Eurasian Blue Tit,0.7485514978567759,0.7382371127605435,0.502493739128113,0.98786586523056,0.14520715759498581,72
slovakia,W,Cygnus columbianus_Tundra Swan,0.8231725494066877,0.834428071975708,0.786820471286774,0.848269104957581,0.03223350331919497,3
slovakia,W,Cygnus cygnus_Whooper Swan,0.767886519432068,0.767886519432068,0.759272336959839,0.776500701904297,0.012182293680982854,2
slovakia,W,Cygnus olor_Mute Swan,0.8172055780887606,0.8172055780887606,0.782769501209259,0.851641654968262,0.04869996695791361,2
slovakia,W,Delichon urbicum_Common House-Martin,0.7353300154209139,0.716015249490738,0.646907210350037,0.839051425457001,0.06969979149620191,8
slovakia,W,Dendrocopos major_Great Spotted Woodpecker,0.689128595093886,0.6466281116008755,0.511154651641846,0.933057844638824,0.13647310044528177,24
slovakia,W,Dendrocoptes medius_Middle Spotted Woodpecker,0.726064145565033,0.726064145565033,0.726064145565033,0.726064145565033,NA,1
slovakia,W,Dryobates minor_Lesser Spotted Woodpecker,0.7641832232475281,0.7641832232475281,0.758066654205322,0.770299792289734,0.008650134894679105,2
slovakia,W,Dryocopus martius_Black Woodpecker,0.903421118403926,0.942449688911438,0.704551935195923,0.994277060031891,0.09085979572547835,33
slovakia,W,Egretta garzetta_Little Egret,0.7445024251937865,0.734277904033661,0.720666706562042,0.788787186145782,0.030244057802912845,4
slovakia,W,Emberiza cirlus_Cirl Bunting,0.7836229403813679,0.764644265174866,0.756406784057617,0.829817771911621,0.04021735780568637,3
slovakia,W,Emberiza citrinella_Yellowhammer,0.8003028869628906,0.773695647716522,0.725784540176392,0.888770520687103,0.06423423318181479,5
slovakia,W,Emberiza hortulana_Ortolan Bunting,0.8158346861600875,0.799437642097473,0.767540156841278,0.896923303604126,0.057484301182738,4
slovakia,W,Emberiza schoeniclus_Reed Bunting,0.8894854913980436,0.8925601243972775,0.771017730236053,0.999402761459351,0.06497024875286488,7512
slovakia,W,Eremophila alpestris_Horned Lark,0.7867701053619385,0.762000173330307,0.716541767120361,0.955837965011597,0.09097641064277637,6
slovakia,W,Erithacus rubecula_European Robin,0.6953832507133485,0.6953832507133485,0.647020637989044,0.743745863437653,0.06839506282650909,2
slovakia,W,Falco naumanni_Lesser Kestrel,0.878208875656128,0.878208875656128,0.878208875656128,0.878208875656128,NA,1
slovakia,W,Falco subbuteo_Eurasian Hobby,0.8517812887827555,0.853408843278885,0.715456783771515,0.97981858253479,0.0926023790424662,6
slovakia,W,Falco tinnunculus_Eurasian Kestrel,0.8750130852063498,0.872754693031311,0.708051443099976,0.974725902080536,0.0795790882873527,15
slovakia,W,Ficedula hypoleuca_European Pied Flycatcher,0.8026837408542635,0.8026837408542635,0.787710428237915,0.817657053470612,0.021175461775692205,2
slovakia,W,Fringilla coelebs_Common Chaffinch,0.6455350237734178,0.653193116188049,0.514549314975739,0.815678238868713,0.0956486403042282,17
slovakia,W,Fringilla montifringilla_Brambling,0.81656414270401,0.7829448878765105,0.70709353685379,0.987642288208008,0.08868615644424951,16
slovakia,W,Fulica atra_Eurasian Coot,0.7788469076156618,0.737825095653534,0.719448983669281,0.919176995754242,0.08291938038638927,5
slovakia,W,Gallinago gallinago_Common Snipe,0.8402462903425784,0.8594051599502559,0.592693269252777,0.995878100395203,0.10756141341231287,478
slovakia,W,Gallinula chloropus_Eurasian Moorhen,0.8498957631156201,0.8476769626140594,0.700832307338715,0.99840372800827,0.09282739800663213,254
slovakia,W,Garrulus glandarius_Eurasian Jay,0.6912416815757751,0.600264549255371,0.54249507188797,0.928779661655426,0.16244571355578263,5
slovakia,W,Grus grus_Common Crane,0.7992544919252398,0.7859667837619785,0.727818429470062,0.89726597070694,0.08133801898610211,4
slovakia,W,Haliaeetus albicilla_White-tailed Eagle,0.870894134044647,0.870894134044647,0.755760669708252,0.986027598381042,0.16282330674752893,2
slovakia,W,Himantopus himantopus_Black-winged Stilt,0.7222762405872345,0.7222762405872345,0.707463145256042,0.737089335918427,0.02094888031809795,2
slovakia,W,Hippolais polyglotta_Melodious Warbler,0.870355635881424,0.870355635881424,0.805558204650879,0.935153067111969,0.09163740605317468,2
slovakia,W,Hirundo rustica_Barn Swallow,0.8553696574565179,0.855808913707733,0.72331976890564,0.994235694408417,0.07760161528716415,167
slovakia,W,Hydrobates pelagicus_European Storm-Petrel,0.848145604133606,0.848145604133606,0.848145604133606,0.848145604133606,NA,1
slovakia,W,Hydroprogne caspia_Caspian Tern,0.7807071506977085,0.7807071506977085,0.754129230976105,0.807285070419312,0.03758685452995503,2
slovakia,W,Iduna pallida_Eastern Olivaceous Warbler,0.8479401767253875,0.8479401767253875,0.838660359382629,0.857219994068146,0.013123643542474143,2
slovakia,W,Ixobrychus minutus_Little Bittern,0.8382957027508662,0.8283270001411436,0.707958400249481,0.996811807155609,0.08158503774662537,104
slovakia,W,Jynx torquilla_Eurasian Wryneck,0.797608017921448,0.797608017921448,0.797608017921448,0.797608017921448,NA,1
slovakia,W,Lanius collurio_Red-backed Shrike,0.7653713652065822,0.751951396465302,0.712602972984314,0.819641649723053,0.04502166676533348,7
slovakia,W,Larus cachinnans_Caspian Gull,0.810647010803223,0.810647010803223,0.810647010803223,0.810647010803223,NA,1
slovakia,W,Larus marinus_Great Black-backed Gull,0.830883890390396,0.830883890390396,0.75515216588974,0.906615614891052,0.10710083189073055,2
slovakia,W,Linaria cannabina_Eurasian Linnet,0.7262088648147054,0.7183017134666445,0.501924395561218,0.987283945083618,0.1428212614350954,72
slovakia,W,Locustella fluviatilis_River Warbler,0.7738000949223837,0.768066704273224,0.748272776603699,0.805060803890228,0.028824882255193984,3
slovakia,W,Locustella luscinioides_Savi's Warbler,0.9323170917171066,0.986986100673676,0.70000296831131,0.999995231628418,0.08986194004179587,32441
slovakia,W,Locustella naevia_Common Grasshopper-Warbler,0.8498625477601636,0.853717029094696,0.700028002262115,0.999540686607361,0.08266389851605466,4093
slovakia,W,Lophophanes cristatus_Crested Tit,0.8092525030175846,0.785731315612793,0.717024803161621,0.983603596687317,0.08287510221884242,24
slovakia,W,Luscinia megarhynchos_Common Nightingale,0.8364282771945,0.831687331199646,0.717765271663666,0.941531836986542,0.07184200209392111,24
slovakia,W,Luscinia svecica_Bluethroat,0.7790648579597472,0.793815553188324,0.727231681346893,0.844631433486938,0.04958308462983607,5
slovakia,W,Mareca penelope_Eurasian Wigeon,0.909424185752869,0.909424185752869,0.909424185752869,0.909424185752869,NA,1
slovakia,W,Mareca strepera_Gadwall,0.788053922355175,0.769434243440628,0.708937525749207,0.911547720432281,0.07879559773670845,8
slovakia,W,Melanitta nigra_Common Scoter,0.711382746696472,0.711382746696472,0.711382746696472,0.711382746696472,NA,1
slovakia,W,Mergellus albellus_Smew,0.814142793416977,0.814142793416977,0.798754692077637,0.829530894756317,0.0217620616132662,2
slovakia,W,Mergus merganser_Common Merganser,0.7654143273830415,0.7654143273830415,0.76351273059845,0.767315924167633,0.0026892639629343016,2
slovakia,W,Merops apiaster_European Bee-eater,0.8148405513699744,0.851362615823746,0.500094890594482,0.999979019165039,0.1450483760695185,5990
slovakia,W,Montifringilla nivalis_White-winged Snowfinch,0.737548887729645,0.737548887729645,0.737548887729645,0.737548887729645,NA,1
slovakia,W,Motacilla alba_White Wagtail,0.8466263878636243,0.867015182971954,0.689664423465729,0.99206960201263406,0.10105640134865838,41
slovakia,W,Motacilla cinerea_Gray Wagtail,0.7893944879372915,0.777030110359192,0.730068862438202,0.889075815677643,0.05782512649542818,6
slovakia,W,Motacilla citreola_Citrine Wagtail,0.812234034905067,0.814401209354401,0.716114401817322,0.896147668361664,0.05989885015419108,13
slovakia,W,Motacilla flava_Western Yellow Wagtail,0.8386797125522907,0.8319146037101746,0.700117766857147,0.992869913578033,0.0828604836215894,416
slovakia,W,Muscicapa striata_Spotted Flycatcher,0.847853700319926,0.859141767024994,0.777446210384369,0.906973123550415,0.06549710410418659,3
slovakia,W,Numenius arquata_Eurasian Curlew,0.8676532705624896,0.863115310668945,0.742435097694397,0.997409403324127,0.12754771241710808,3
slovakia,W,Numenius phaeopus_Whimbrel,0.7881259545683861,0.77194407582283,0.725777804851532,0.931160807609558,0.06709257995951058,8
slovakia,W,Nycticorax nycticorax_Black-crowned Night-Heron,0.9000283774509225,0.922788739204407,0.714086949825287,0.996976137161255,0.08246413190898208,93
slovakia,W,Oriolus oriolus_Eurasian Golden Oriole,0.8422192078764721,0.8406469225883485,0.701727330684662,0.993539392948151,0.08074676883945354,186
slovakia,W,Otus scops_Eurasian Scops-Owl,0.8424194918738472,0.852576971054077,0.733412265777588,0.975539207458496,0.08961686910890404,9
slovakia,W,Panurus biarmicus_Bearded Reedling,0.7947910513196671,0.804400503635406,0.706748783588409,0.877099633216858,0.06482513778925167,7
slovakia,W,Parus major_Great Tit,0.6132876425981523,0.604207515716553,0.532586276531219,0.712149262428284,0.09352500743925883,4
slovakia,W,Passer hispaniolensis_Spanish Sparrow,0.810473501682281,0.810473501682281,0.810473501682281,0.810473501682281,NA,1
slovakia,W,Passer montanus_Eurasian Tree Sparrow,0.8051255601169789,0.7943976819515225,0.700018107891083,0.993530809879303,0.07432560659743022,678
slovakia,W,Pastor roseus_Rosy Starling,0.71573293209075906,0.71573293209075906,0.71573293209075906,0.71573293209075906,NA,1
slovakia,W,Perdix perdix_Gray Partridge,0.771620273590088,0.771620273590088,0.771620273590088,0.771620273590088,NA,1
slovakia,W,Periparus ater_Coal Tit,0.829348862171173,0.829348862171173,0.829348862171173,0.829348862171173,NA,1
slovakia,W,Phasianus colchicus_Ring-necked Pheasant,0.8280220633265112,0.863577663898468,0.518031001091003,0.999928832054138,0.14262995915121698,2719
slovakia,W,Phoenicopterus roseus_Greater Flamingo,0.79379073778788245,0.8103003203868865,0.704751312732697,0.845706105232239,0.049187416314219475,6
slovakia,W,Phoenicurus ochruros_Black Redstart,0.8085226366917293,0.7880982160568235,0.709860861301422,0.935175478458405,0.07309655590107346,12
slovakia,W,Phylloscopus collybita_Common Chiffchaff,0.6669705708821614,0.6164478361606596,0.512309074401855,0.939260721206665,0.15691781316246067,12
slovakia,W,Phylloscopus orientalis_Eastern Bonelli's Warbler,0.742075562477112,0.742075562477112,0.742075562477112,0.742075562477112,NA,1
slovakia,W,Pica pica_Eurasian Magpie,0.7698208604540143,0.750557422637939,0.653605163097382,0.911940217018127,0.09565140236103574,21
slovakia,W,Picus viridis_Eurasian Green Woodpecker,0.9003561884164811,0.9451453387737274,0.72109192609787,0.990196466445923,0.10215519755014639,8
slovakia,W,Pluvialis apricaria_European Golden-Plover,0.740324437618256,0.740324437618256,0.740324437618256,0.740324437618256,NA,1
slovakia,W,Pluvialis squatarola_Black-bellied Plover,0.829218298196793,0.829218298196793,0.74985682964325,0.908579766750336,0.11223406515826645,2
slovakia,W,Podiceps cristatus_Great Crested Grebe,0.813361793756485,0.8280967175960541,0.708108603954315,0.889145135879517,0.08486758787588047,4
slovakia,W,Porzana porzana_Spotted Crake,0.8044351514071635,0.790055215358734,0.701301336288452,0.990114688873291,0.07347080487847966,365
slovakia,W,Prunella modularis_Dunnock,0.6843570379110484,0.6662455797195435,0.509062528610229,0.938066482543945,0.12875358550945967,26
slovakia,W,Pyrrhula pyrrhula_Eurasian Bullfinch,0.770333151022593,0.773893892765045,0.759784936904907,0.777320623397827,0.009294312051562758,3
slovakia,W,Rallus aquaticus_Water Rail,0.8936281515902346,0.915858805179596,0.700140178203583,0.999959349632263,0.08641008318177343,2859
slovakia,W,Recurvirostra avosetta_Pied Avocet,0.8045486112435658,0.779603511095047,0.733244717121124,0.953771591186523,0.08294056505970808,6
slovakia,W,Regulus regulus_Goldcrest,0.773704469203949,0.773704469203949,0.773704469203949,0.773704469203949,NA,1
slovakia,W,Remiz pendulinus_Eurasian Penduline-Tit,0.830402844481998,0.803382247686386,0.700570464134216,0.966592729091644,0.1021093465434502,18
slovakia,W,Riparia riparia_Bank Swallow,0.795473802089691,0.784544289112091,0.710567951202393,0.905121266841888,0.06561304257301186,10
slovakia,W,Saxicola rubetra_Whinchat,0.8874830007553101,0.930627226829529,0.742864966392517,0.992294669151306,0.1050710783810857,7
slovakia,W,Saxicola rubicola_European Stonechat,0.8409533507483347,0.847891092300415,0.701457381248474,0.989545047283173,0.07842902117339104,175
slovakia,W,Scolopax rusticola_Eurasian Woodcock,0.804741422335307,0.755291283130646,0.718360006809235,0.94057297706604,0.1190740871815031,3
slovakia,W,Serinus serinus_European Serin,0.84058877825737,0.84058877825737,0.733813226222992,0.947364330291748,0.1510034338168915,2
slovakia,W,Sitta europaea_Eurasian Nuthatch,0.7188683400551478,0.7388394773006439,0.524237215518951,0.949424088001251,0.12601029517788429,12
slovakia,W,Spatula clypeata_Northern Shoveler,0.737562775611877,0.737562775611877,0.737562775611877,0.737562775611877,NA,1
slovakia,W,Streptopelia decaocto_Eurasian Collared-Dove,0.7555975019931793,0.7560662031173705,0.716857135295868,0.793400466442108,0.0315843786476914,4
slovakia,W,Strix aluco_Tawny Owl,0.8243440274073153,0.817518353462219,0.700270414352417,0.982528328895569,0.08033597449381648,98
slovakia,W,Strix uralensis_Ural Owl,0.718460202217102,0.718460202217102,0.718460202217102,0.718460202217102,NA,1
slovakia,W,Sylvia atricapilla_Eurasian Blackcap,0.7358294659190707,0.703074514865875,0.68401712179184,0.824024140834808,0.05191622969414343,9
slovakia,W,Tachybaptus ruficollis_Little Grebe,0.8664593398571014,0.8883639872074125,0.728886663913727,0.975960373878479,0.09785743902110358,6
slovakia,W,Tadorna ferruginea_Ruddy Shelduck,0.8132627805074056,0.819089323282242,0.700312793254852,0.901848495006561,0.07747199677475011,6
slovakia,W,Tringa erythropus_Spotted Redshank,0.981826901435852,0.990677237510681,0.92022979259491,0.998006999492645,0.02767827450665981,7
slovakia,W,Tringa glareola_Wood Sandpiper,0.8448874998737026,0.844726324081421,0.701394200325012,0.980022549629211,0.09462813002530565,37
slovakia,W,Tringa nebularia_Common Greenshank,0.923696398735046,0.923696398735046,0.923696398735046,0.923696398735046,NA,1
slovakia,W,Tringa ochropus_Green Sandpiper,0.9095970574352477,0.9375117421150205,0.717676222324371,0.999813377857208,0.093061841692025,36
slovakia,W,Tringa totanus_Common Redshank,0.847644050916036,0.828456521034241,0.756331205368042,0.958144426345825,0.10226565903361914,3
slovakia,W,Troglodytes troglodytes_Eurasian Wren,0.64723744562694,0.666461050510406,0.565012454986572,0.736258208751678,0.07472939260471691,7
slovakia,W,Turdus iliacus_Redwing,0.80947083234787,0.765245139598846,0.734077632427216,0.929089725017548,0.10475859386448143,3
slovakia,W,Turdus merula_Eurasian Blackbird,0.648391008377075,0.648391008377075,0.503818154335022,0.792963862419128,0.20445689093725727,2
slovakia,W,Turdus philomelos_Song Thrush,0.9423480232556664,0.938638031482697,0.924852967262268,0.963553071022034,0.019614982461648802,3
slovakia,W,Turdus pilaris_Fieldfare,0.8015271623929343,0.793323397636414,0.712269067764282,0.880771040916443,0.06405154936902417,6
slovakia,W,Tyto alba_Barn Owl,0.7845825403928757,0.7660987675189974,0.702990233898163,0.979349255561829,0.08932948998984909,8
slovakia,W,Vanellus vanellus_Northern Lapwing,0.8284163117408752,0.826715737581253,0.733768284320831,0.987779319286346,0.08560576407664201,10
slovakia,W,Xenus cinereus_Terek Sandpiper,0.886521816253662,0.886521816253662,0.886521816253662,0.886521816253662,NA,1
slovakia,W,Zapornia parva_Little Crake,0.7791316940866667,0.764138638973236,0.700181066989899,0.981965363025665,0.06483139322050112,87
slovakia,W,Zapornia pusilla_Baillon's Crake,0.782812248604993,0.7664688527584075,0.700506687164307,0.979184031486511,0.06715488283661769,192
spain,F,Accipiter nisus_Eurasian Sparrowhawk,0.7618676424026489,0.7618676424026489,0.703319311141968,0.82041597366333,0.0827998441231677,2
spain,F,Accipiter tachiro_African Goshawk,0.8450791438420613,0.880958616733551,0.71926087141037,0.935017943382263,0.11226433519911615,3
spain,F,Acrocephalus arundinaceus_Great Reed Warbler,0.8072466435639755,0.798464894294739,0.702145218849182,0.926900506019592,0.06558363420819127,23
spain,F,Acrocephalus griseldis_Basra Reed Warbler,0.7263381481170655,0.7263381481170655,0.710490047931671,0.74218624830246,0.022412598220032477,2
spain,F,Acrocephalus schoenobaenus_Sedge Warbler,0.8871443271636963,0.902781307697296,0.831485629081726,0.927166044712067,0.049719934170861825,3
spain,F,Acrocephalus scirpaceus_Eurasian Reed Warbler,0.8045819838841756,0.791065514087677,0.700055003166199,0.936385333538055,0.07822185271166572,15
spain,F,Actitis hypoleucos_Common Sandpiper,0.8688529938459396,0.866992563009262,0.706082761287689,0.996928155422211,0.0937622369320628,40
spain,F,Alaemon alaudipes_Greater Hoopoe-Lark,0.8186557491620383,0.821613907814026,0.728068768978119,0.90628457069397,0.08914471954223437,3
spain,F,Alopochen aegyptiaca_Egyptian Goose,0.806788682937622,0.806788682937622,0.806788682937622,0.806788682937622,NA,1
spain,F,Anas acuta_Northern Pintail,0.8696578443050385,0.8696578443050385,0.83121395111084,0.908101737499237,0.054367875145658245,2
spain,F,Anas crecca_Green-winged Teal,0.8053056672215462,0.825004518032074,0.704474627971649,0.864121675491333,0.0593094980308851,8
spain,F,Anous stolidus_Brown Noddy,0.774477752479347,0.764775633811951,0.700603008270264,0.901701331138611,0.0567514417871527,37
spain,F,Anthus trivialis_Tree Pipit,0.8248228295282883,0.8065543472766875,0.704600751399994,0.980553865432739,0.08672670129149498,22
spain,F,Apus affinis_Little Swift,0.815646708011627,0.815646708011627,0.815646708011627,0.815646708011627,NA,1
spain,F,Apus apus_Common Swift,0.9501303604582886,0.961198031902313,0.855019450187683,0.999779760837555,0.03930370957126732,11605
spain,F,Apus melba_Alpine Swift,0.8483752399362543,0.839861929416656,0.701203584671021,0.999687552452087,0.09663075250147965,465
spain,F,Ardea alba_Great Egret,0.7525463700294494,0.718107461929321,0.715643346309662,0.823888301849365,0.061796208567313306,3
spain,F,Ardea cinerea_Gray Heron,0.7978869318962096,0.7812950909137725,0.714193999767303,0.981459379196167,0.07485271651114758,10
spain,F,Ardea purpurea_Purple Heron,0.817251041531563,0.837886601686478,0.715271174907684,0.877959787845612,0.07207744401201659,4
spain,F,Ardeola ralloides_Squacco Heron,0.857477903366089,0.857477903366089,0.857477903366089,0.857477903366089,NA,1
spain,F,Asio flammeus_Short-eared Owl,0.904595077037811,0.904595077037811,0.904595077037811,0.904595077037811,NA,1
spain,F,Athene noctua_Little Owl,0.8336488237747779,0.813024163246155,0.705333530902863,0.994273722171783,0.09319815240368559,52
spain,F,Aythya ferina_Common Pochard,0.8657994071642556,0.861399948596954,0.859547734260559,0.876450538635254,0.009270524564249611,3
spain,F,Batis mixta_Short-tailed Batis,0.841411352157593,0.841411352157593,0.841411352157593,0.841411352157593,NA,1
spain,F,Botaurus stellaris_Great Bittern,0.8110022159183726,0.799189031124115,0.711000859737396,0.911965310573578,0.06909068049111572,17
spain,F,Burhinus oedicnemus_Eurasian Thick-knee,0.7747538089752201,0.73149448633194,0.713645160198212,0.901438891887665,0.07891589730928954,5
spain,F,Buteo buteo_Common Buzzard,0.8735076149304707,0.8613778054714201,0.722289800643921,0.982896268367767,0.08134826513511707,30
spain,F,Bycanistes brevis_Silvery-cheeked Hornbill,0.842916503548622,0.8422480821609495,0.753035187721252,0.934134662151337,0.09465240585239816,4
spain,F,Calandrella brachydactyla_Greater Short-toed Lark,0.740191221237183,0.740191221237183,0.740191221237183,0.740191221237183,NA,1
spain,F,Calidris temminckii_Temminck's Stint,0.80095899105072,0.80095899105072,0.80095899105072,0.80095899105072,NA,1
spain,F,Caprimulgus europaeus_Eurasian Nightjar,0.9401263112975486,0.971204042434692,0.700145900249481,0.999932885169983,0.07079780447210027,6685
spain,F,Cecropis daurica_Red-rumped Swallow,0.9037527441978455,0.924307584762573,0.772206544876099,0.985511064529419,0.0713452818818465,13
spain,F,Cercotrichas leucophrys_Red-backed Scrub-Robin,0.93867027759552,0.93867027759552,0.93867027759552,0.93867027759552,NA,1
spain,F,Charadrius dubius_Little Ringed Plover,0.8666251103083294,0.866269797086716,0.714836418628693,0.99160099029541,0.08845457726185386,18
spain,F,Charadrius hiaticula_Common Ringed Plover,0.705747961997986,0.705747961997986,0.705747961997986,0.705747961997986,NA,1
spain,F,Chroicocephalus genei_Slender-billed Gull,0.865154027938843,0.865154027938843,0.865154027938843,0.865154027938843,NA,1
spain,F,Ciconia ciconia_White Stork,0.8153179117611474,0.805034518241882,0.728156268596649,0.95054167509079,0.07900479902994742,7
spain,F,Ciconia nigra_Black Stork,0.8236983716487885,0.8236983716487885,0.764644503593445,0.882752239704132,0.083514781114458,2
spain,F,Cisticola juncidis_Zitting Cisticola,0.8547586782917119,0.8605063855648041,0.700041592121124,0.999517917633057,0.08421662148906627,9120
spain,F,Coracias caudatus_Lilac-breasted Roller,0.7419817248980203,0.738403618335724,0.721234142780304,0.766307413578033,0.022748671830014923,3
spain,F,Coracias garrulus_European Roller,0.858656585216522,0.858656585216522,0.858656585216522,0.858656585216522,NA,1
spain,F,Corvus splendens_House Crow,0.748528003692627,0.748528003692627,0.732907474040985,0.764148533344269,0.022090764884803212,2
spain,F,Corythaixoides leucogaster_White-bellied Go-away-bird,0.762244820594788,0.762244820594788,0.762244820594788,0.762244820594788,NA,1
spain,F,Coturnix coturnix_Common Quail,0.9537043919489516,0.9866241812705995,0.700466930866241,0.999986529350281,0.06808924026949487,3684
spain,F,Cuculus canorus_Common Cuckoo,0.6088285666924936,0.576302289962769,0.503618180751801,0.771631181240082,0.07895535040485949,27
spain,F,Cuculus clamosus_Black Cuckoo,0.824668765068054,0.824668765068054,0.824668765068054,0.824668765068054,NA,1
spain,F,Curruca curruca_Lesser Whitethroat,0.8072892613308403,0.801208019256592,0.700401842594147,0.981094121932983,0.0762407461478035,93
spain,F,Curruca hortensis_Western Orphean Warbler,0.913414537906647,0.913414537906647,0.913414537906647,0.913414537906647,NA,1
spain,F,Delichon urbicum_Common House-Martin,0.8598159189339006,0.881151348352432,0.639061808586121,0.999902844429016,0.1039977668490203,24182
spain,F,Emberiza hortulana_Ortolan Bunting,0.7790803746743638,0.736977577209473,0.703158974647522,0.973010778427124,0.08073395482049105,11
spain,F,Estrilda astrild_Common Waxbill,0.857200443744659,0.857200443744659,0.857200443744659,0.857200443744659,NA,1
spain,F,Falco peregrinus_Peregrine Falcon,0.930052757263184,0.930052757263184,0.930052757263184,0.930052757263184,NA,1
spain,F,Falco tinnunculus_Eurasian Kestrel,0.9098612847535507,0.924913346767426,0.725797176361084,0.998855352401733,0.07055036204586541,23
spain,F,Ficedula semitorquata_Semicollared Flycatcher,0.768766313791275,0.768766313791275,0.748064458370209,0.789468169212341,0.029276844702758528,2
spain,F,Fulica atra_Eurasian Coot,0.7950442263058254,0.78451955318450906,0.704180538654327,0.95487242937088,0.07640646708111659,21
spain,F,Fulica cristata_Red-knobbed Coot,0.7959826737642288,0.792123407125473,0.727927446365356,0.871756434440613,0.07357765779983468,4
spain,F,Galerida cristata_Crested Lark,0.8346053201864666,0.834878861904144,0.700232028961182,0.986575782299042,0.08107419555651038,257
spain,F,Galerida theklae_Thekla's Lark,0.762648165225983,0.762648165225983,0.762648165225983,0.762648165225983,NA,1
spain,F,Gallinago gallinago_Common Snipe,0.6691315770149233,0.650603830814362,0.606434941291809,0.750355958938599,0.07372769401368945,3
spain,F,Gallinula chloropus_Eurasian Moorhen,0.8597898013897188,0.857620656490326,0.700454950332642,0.998701572418213,0.09129541018149948,1007
spain,F,Glaucidium perlatum_Pearl-spotted Owlet,0.9100458920001985,0.9100458920001985,0.898530125617981,0.921561658382416,0.016285752998852165,2
spain,F,Guttera pucherani_Crested Guineafowl,0.756721556186676,0.756721556186676,0.756721556186676,0.756721556186676,NA,1
spain,F,Haematopus ostralegus_Eurasian Oystercatcher,0.8380861779054005,0.842103898525238,0.764271259307861,0.917683303356171,0.05572958241301421,6
spain,F,Haliaeetus vocifer_African Fish-Eagle,0.728139519691467,0.728139519691467,0.728139519691467,0.728139519691467,NA,1
spain,F,Hippolais icterina_Icterine Warbler,0.7876080870628355,0.7611904740333555,0.709324538707733,0.891561269760132,0.06885021169574064,6
spain,F,Hirundo rustica_Barn Swallow,0.8843292380429014,0.901719868183136,0.723259806632996,0.999172508716583,0.0813261763418897,1499
spain,F,Hirundo smithii_Wire-tailed Swallow,0.7692116300264997,0.765215873718262,0.709194660186768,0.833224356174469,0.06211131879984917,3
spain,F,Hydroprogne caspia_Caspian Tern,0.802205526247257,0.810548603534698,0.703253328800201,0.952794849872589,0.06897467746202046,41
spain,F,Iduna pallida_Eastern Olivaceous Warbler,0.842734754085541,0.842734754085541,0.842734754085541,0.842734754085541,NA,1
spain,F,Ixobrychus minutus_Little Bittern,0.8291000773166788,0.814404845237732,0.701172530651093,0.996078550815582,0.0832226282911651,145
spain,F,Jynx torquilla_Eurasian Wryneck,0.9379001060443527,0.9697906970977785,0.700070917606354,0.999913811683655,0.07271419151946219,1172
spain,F,Lamprotornis splendidus_Splendid Starling,0.827597498893738,0.827597498893738,0.827597498893738,0.827597498893738,NA,1
spain,F,Lanius collurio_Red-backed Shrike,0.736361106236776,0.749662697315216,0.709755122661591,0.749665498733521,0.023041457711356825,3
spain,F,Locustella luscinioides_Savi's Warbler,0.819612161318461,0.819722652435303,0.716362178325653,0.958747684955597,0.07998775998364059,15
spain,F,Luscinia luscinia_Thrush Nightingale,0.7795437818550203,0.761550188064575,0.701068460941315,0.942355990409851,0.06436920339455697,83
spain,F,Luscinia megarhynchos_Common Nightingale,0.8700771034334831,0.881401300430298,0.70002293586731,0.999866604804993,0.08724509033718164,28709
spain,F,Malaconotus blanchoti_Gray-headed Bushshrike,0.8244825005531313,0.854971170425415,0.723145663738251,0.895330667495728,0.0900504754161599,3
spain,F,Mareca strepera_Gadwall,0.806822568178177,0.7945437729358675,0.702712118625641,0.8939408659935,0.06381294017311494,8
spain,F,Merops apiaster_European Bee-eater,0.8337514787807307,0.8790459334850309,0.50109452009201,0.999843001365662,0.15007061805526772,1702
spain,F,Milvus migrans_Black Kite,0.771923094987869,0.771923094987869,0.764276325702667,0.779569864273071,0.010814164831470645,2
spain,F,Monticola solitarius_Blue Rock-Thrush,0.765909552574158,0.765909552574158,0.765909552574158,0.765909552574158,NA,1
spain,F,Motacilla alba_White Wagtail,0.8846240208262489,0.906021356582642,0.688422679901123,0.999270737171173,0.09327743134359895,1155
spain,F,Motacilla cinerea_Gray Wagtail,0.9051437254618917,0.9348358809947965,0.700003266334534,0.999847769737244,0.08756290316389832,2238
spain,F,Motacilla flava_Western Yellow Wagtail,0.85046061873436,0.8505804836750035,0.747730553150177,0.952950954437256,0.1113303641179787,4
spain,F,Muscicapa adusta_African Dusky Flycatcher,0.7281735539436344,0.725336074829102,0.704043745994568,0.755140841007233,0.025666451750824156,3
spain,F,Muscicapa striata_Spotted Flycatcher,0.8594939855822455,0.867810547351837,0.700361013412476,0.998627185821533,0.08676548449942639,1491
spain,F,Numenius arquata_Eurasian Curlew,0.8090819478034974,0.816464900970459,0.785404205322266,0.829147696495056,0.01990126649494902,5
spain,F,Numenius phaeopus_Whimbrel,0.809191298026305,0.7736181914806365,0.708612322807312,0.96487033367157,0.08644640029320935,26
spain,F,Nycticorax nycticorax_Black-crowned Night-Heron,0.8420141890363874,0.8375234603881835,0.704106152057648,0.999192655086517,0.09300044524638665,106
spain,F,Oenanthe oenanthe_Northern Wheatear,0.969471037387848,0.969471037387848,0.969471037387848,0.969471037387848,NA,1
spain,F,Onychoprion anaethetus_Bridled Tern,0.8173084497451782,0.85234272480011,0.736943423748016,0.890518426895142,0.070845903303299207,5
spain,F,Oriolus oriolus_Eurasian Golden Oriole,0.8644749711097126,0.871113359928131,0.701549351215363,0.996519207954407,0.08205706758583925,426
spain,F,Otus scops_Eurasian Scops-Owl,0.9406056589080685,0.982798516750336,0.700012862682343,0.999995350837708,0.08038384998628147,7895
spain,F,Pandion haliaetus_Osprey,0.703926026821136,0.703926026821136,0.703926026821136,0.703926026821136,NA,1
spain,F,Passer domesticus_House Sparrow,0.7926917988464145,0.780032128095627,0.700634360313416,0.960367441177368,0.06663940042659079,326
spain,F,Passer griseus_Northern Gray-headed Sparrow,0.742364525794983,0.73859703540802,0.709454655647278,0.784060120582581,0.03111512713602551,5
spain,F,Passer swainsonii_Swainson's Sparrow,0.878963589668274,0.878963589668274,0.878963589668274,0.878963589668274,NA,1
spain,F,Phalacrocorax carbo_Great Cormorant,0.7529489927821689,0.755353510379791,0.700406670570374,0.803468346595764,0.03636219080006828,9
spain,F,Phoenicopterus roseus_Greater Flamingo,0.8989214301109315,0.8989214301109315,0.877573251724243,0.92026960849762,0.030190883406414994,2
spain,F,Phoeniculus purpureus_Green Woodhoopoe,0.794405221939087,0.794405221939087,0.794405221939087,0.794405221939087,NA,1
spain,F,Phoenicurus ochruros_Black Redstart,0.867651399384197,0.8767575621604919,0.700285136699677,0.999682307243347,0.08827045551398165,1170
spain,F,Phoenicurus phoenicurus_Common Redstart,0.8323547474799617,0.832934975624084,0.704401552677155,0.969355642795563,0.08138761014160673,31
spain,F,Phyllastrephus terrestris_Terrestrial Brownbul,0.8471692270702784,0.87067836523056,0.708726286888123,0.965770602226257,0.08925523028383792,9
spain,F,Phylloscopus collybita_Common Chiffchaff,0.8047080977523006,0.8375192284584045,0.500039994716644,0.998263418674469,0.1408244257810017,2742
spain,F,Phylloscopus trochilus_Willow Warbler,0.8725463067642366,0.868643164634705,0.725177943706512,0.997110605239868,0.07586254881213207,99
spain,F,Phylloscopus umbrovirens_Brown Woodland-Warbler,0.787420153617859,0.787420153617859,0.787420153617859,0.787420153617859,NA,1
spain,F,Pluvialis squatarola_Black-bellied Plover,0.857422649860382,0.857422649860382,0.854511857032776,0.860333442687988,0.004116482694058706,2
spain,F,Podiceps cristatus_Great Crested Grebe,0.8364963531494141,0.8364963531494141,0.737704336643219,0.935288369655609,0.13971300959724767,2
spain,F,Porzana porzana_Spotted Crake,0.83685302734375,0.818078875541687,0.749443888664246,0.943036317825317,0.09815222228271886,3
spain,F,Psittacula krameri_Rose-ringed Parakeet,0.8822646141052246,0.8822646141052246,0.850301623344421,0.914227604866028,0.04520249502793424,2
spain,F,Riparia riparia_Bank Swallow,0.7846570860955023,0.770659446716309,0.70019257068634,0.94682252407074,0.06265439236527509,93
spain,F,Rostratula benghalensis_Greater Painted-Snipe,0.8061814606189727,0.808761417865753,0.705294728279114,0.910801649093628,0.0680009886030172,6
spain,F,Saxicola rubetra_Whinchat,0.718929290771484,0.718929290771484,0.718929290771484,0.718929290771484,NA,1
spain,F,Stactolaema leucotis_White-eared Barbet,0.8086660653352737,0.8037512898445129,0.701232314109802,0.943803310394287,0.07886322917366353,36
spain,F,Sterna hirundo_Common Tern,0.741171598434448,0.741171598434448,0.741171598434448,0.741171598434448,NA,1
spain,F,Streptopelia decipiens_Mourning Collared-Dove,0.8013195395469668,0.7720217108726505,0.73906409740448,0.922170639038086,0.08483801448616665,4
spain,F,Streptopelia semitorquata_Red-eyed Dove,0.780650079250336,0.780650079250336,0.780650079250336,0.780650079250336,NA,1
spain,F,Streptopelia senegalensis_Laughing Dove,0.7914239553844227,0.773556888103485,0.703863918781281,0.918384313583374,0.06746323431820264,17
spain,F,Streptopelia turtur_European Turtle-Dove,0.7679344778475554,0.759665787220001,0.70045280456543,0.970674991607666,0.0613331706448448,23
spain,F,Strix woodfordii_African Wood-Owl,0.7689952552318571,0.7689952552318571,0.719867169857025,0.818123340606689,0.0694776046305107,2
spain,F,Sylvia atricapilla_Eurasian Blackcap,0.7738430866350731,0.761260509490967,0.608044564723969,0.997283339500427,0.10655759163930298,1344
spain,F,Sylvia borin_Garden Warbler,0.7807096568020908,0.770830035209656,0.703614413738251,0.922122657299042,0.057277800341570026,55
spain,F,Tachybaptus ruficollis_Little Grebe,0.9007663823141823,0.924877643585205,0.701203286647797,0.999975204467773,0.08810583062534356,1355
spain,F,Tadorna ferruginea_Ruddy Shelduck,0.8768967092037201,0.8768967092037201,0.817121386528015,0.936672031879425,0.08453507202321003,2
spain,F,Tauraco leucotis_White-cheeked Turaco,0.791488528251648,0.791488528251648,0.791488528251648,0.791488528251648,NA,1
spain,F,Telophorus sulfureopectus_Sulphur-breasted Bushshrike,0.7538187801837926,0.7538187801837926,0.70949345827102706,0.798144102096558,0.06268547140558624,2
spain,F,Tringa erythropus_Spotted Redshank,0.776598155498505,0.776598155498505,0.776598155498505,0.776598155498505,NA,1
spain,F,Tringa glareola_Wood Sandpiper,0.754679501056671,0.754679501056671,0.754679501056671,0.754679501056671,NA,1
spain,F,Tringa nebularia_Common Greenshank,0.923453986644745,0.923453986644745,0.923453986644745,0.923453986644745,NA,1
spain,F,Tringa ochropus_Green Sandpiper,0.9457103733358713,0.981378972530365,0.739536285400391,0.999845862388611,0.0686941208934978,58
spain,F,Turnix sylvaticus_Small Buttonquail,0.8197491168975829,0.7868411839008329,0.708629727363586,0.996065318584442,0.09192534838823692,20
spain,F,Turtur tympanistria_Tambourine Dove,0.734426021575928,0.734426021575928,0.734426021575928,0.734426021575928,NA,1
spain,F,Tyto alba_Barn Owl,0.8142265361898087,0.801112174987793,0.702558159828186,0.995034694671631,0.0805940770394922,153
spain,F,Upupa epops_Eurasian Hoopoe,0.8753680440929387,0.880336046218872,0.700868129730225,0.999523401260376,0.09730118483287616,143
spain,F,Vidua macroura_Pin-tailed Whydah,0.807433187961578,0.807433187961578,0.807433187961578,0.807433187961578,NA,1
spain,F,Zapornia pusilla_Baillon's Crake,0.8017522876159004,0.790884882211685,0.700561940670013,0.998623728752136,0.07223319803163772,1150
spain,G,Accipiter gentilis_Northern Goshawk,0.823057770729065,0.823057770729065,0.823057770729065,0.823057770729065,NA,1
spain,G,Actitis hypoleucos_Common Sandpiper,0.893946588039398,0.893946588039398,0.893946588039398,0.893946588039398,NA,1
spain,G,Alauda arvensis_Eurasian Skylark,0.7027273650045631,0.681742072105408,0.500053703784943,0.997009217739105,0.14029908266223612,1657
spain,G,Alectoris rufa_Red-legged Partridge,0.9111693345425979,0.938828766345978,0.700456142425537,0.999971866607666,0.0861809544635964,233
spain,G,Anas platyrhynchos_Mallard,0.7723392844200134,0.7723392844200134,0.744515657424927,0.8001629114151,0.0393485506508615,2
spain,G,Anthus campestris_Tawny Pipit,0.8763823052868247,0.9006320238113406,0.701900541782379,0.998798370361328,0.0976443268867874,64
spain,G,Anthus pratensis_Meadow Pipit,0.7139603539059559,0.6979522109031675,0.549616158008575,0.970437109470367,0.10942421776037814,96
spain,G,Anthus trivialis_Tree Pipit,0.7970451613267264,0.804272532463074,0.704868316650391,0.904325366020203,0.06878446659049021,12
spain,G,Apus apus_Common Swift,0.938857653156759,0.944333732128143,0.85531359910965,0.999098062515259,0.04107777979609041,303
spain,G,Apus melba_Alpine Swift,0.7693588843151015,0.758759379386902,0.700027346611023,0.917500495910645,0.05309378983626551,49
spain,G,Apus pallidus_Pallid Swift,0.777725219726562,0.777725219726562,0.777725219726562,0.777725219726562,NA,1
spain,G,Ardea cinerea_Gray Heron,0.8678955002264542,0.879336297512054,0.707138121128082,0.998427510261536,0.0838235450847062,55
spain,G,Ardea purpurea_Purple Heron,0.868201494216919,0.868201494216919,0.868201494216919,0.868201494216919,NA,1
spain,G,Asio otus_Long-eared Owl,0.731961190700531,0.718167006969452,0.701638102531433,0.799858093261719,0.04009718715271884,5
spain,G,Athene noctua_Little Owl,0.7997037109828765,0.7812297344207766,0.700095415115356,0.994958460330963,0.07514089070462195,248
spain,G,Botaurus stellaris_Great Bittern,0.811250580681695,0.80765438079834,0.708593845367432,0.958203315734863,0.07298373932060076,9
spain,G,Branta leucopsis_Barnacle Goose,0.921302735805511,0.921302735805511,0.921302735805511,0.921302735805511,NA,1
spain,G,Bubo bubo_Eurasian Eagle-Owl,0.8045677900314331,0.797425478696823,0.733592987060547,0.893308460712433,0.04637442648910743,10
spain,G,Burhinus oedicnemus_Eurasian Thick-knee,0.915274767499221,0.950916647911072,0.700447797775269,0.999914526939392,0.08618585425029197,1102
spain,G,Buteo buteo_Common Buzzard,0.8545595441545758,0.8659521639347075,0.700391829013824,0.980485439300537,0.08614276182143592,70
spain,G,Calandrella brachydactyla_Greater Short-toed Lark,0.7993692212973159,0.796112835407257,0.700239777565002,0.976906955242157,0.0719611354601103,313
spain,G,Calidris alpina_Dunlin,0.7705505830901009,0.753941774368286,0.727161943912506,0.902353346347809,0.061116688628321064,7
spain,G,Calidris canutus_Red Knot,0.774583697319031,0.774583697319031,0.774583697319031,0.774583697319031,NA,1
spain,G,Caprimulgus europaeus_Eurasian Nightjar,0.9474860780417403,0.979090809822083,0.700017035007477,0.999999403953552,0.06979839842342278,29485
spain,G,Carduelis carduelis_European Goldfinch,0.8484194860173695,0.847447574138641,0.709211468696594,0.99618262052536,0.07940375452348537,1675
spain,G,Cecropis daurica_Red-rumped Swallow,0.8685030895647351,0.881263852119446,0.700088560581207,0.99974125623703,0.08521171081959836,1119
spain,G,Cercotrichas galactotes_Rufous-tailed Scrub-Robin,0.8246645450592042,0.785656213760376,0.742028117179871,0.983802914619446,0.08784868596039369,10
spain,G,Charadrius alexandrinus_Kentish Plover,0.742446094751358,0.742446094751358,0.724520742893219,0.760371446609497,0.025350275708089908,2
spain,G,Charadrius dubius_Little Ringed Plover,0.84654943479432,0.8441392481327055,0.710109055042267,0.997574031352997,0.08726690705367107,18
spain,G,Charadrius hiaticula_Common Ringed Plover,0.7923952596528189,0.778941571712494,0.724976658821106,0.864060580730438,0.05478227131825357,7
spain,G,Charadrius morinellus_Eurasian Dotterel,0.871959328651428,0.871959328651428,0.871959328651428,0.871959328651428,NA,1
spain,G,Chlidonias hybrida_Whiskered Tern,0.7539977232615154,0.760437905788422,0.705957531929016,0.795597732067108,0.04516578720042643,3
spain,G,Chloris chloris_European Greenfinch,0.8543750455584189,0.8486024439334869,0.701055347919464,0.998534798622131,0.08632949440483577,396
spain,G,Chroicocephalus genei_Slender-billed Gull,0.72459203004837,0.72459203004837,0.72459203004837,0.72459203004837,NA,1
spain,G,Chroicocephalus ridibundus_Black-headed Gull,0.82718151807785,0.82718151807785,0.82718151807785,0.82718151807785,NA,1
spain,G,Ciconia ciconia_White Stork,0.701998949050903,0.701998949050903,0.701998949050903,0.701998949050903,NA,1
spain,G,Circaetus gallicus_Short-toed Snake-Eagle,0.867335081100464,0.867335081100464,0.867335081100464,0.867335081100464,NA,1
spain,G,Circus aeruginosus_Eurasian Marsh-Harrier,0.8928527813404799,0.8935253918170925,0.713632345199585,0.992802679538727,0.08048999871760515,32
spain,G,Cisticola juncidis_Zitting Cisticola,0.8926032257080078,0.90460604429245,0.735671758651733,0.996740758419037,0.08657294122645405,25
spain,G,Clamator glandarius_Great Spotted Cuckoo,0.8875470687361324,0.91804039478302,0.707564532756805,0.993198573589325,0.0936171632730806,17
spain,G,Clangula hyemalis_Long-tailed Duck,0.7530158162117,0.7530158162117,0.7530158162117,0.7530158162117,NA,1
spain,G,Coccothraustes coccothraustes_Hawfinch,0.938448071479797,0.938448071479797,0.938448071479797,0.938448071479797,NA,1
spain,G,Columba palumbus_Common Wood-Pigeon,0.8737115866137207,0.884951263666153,0.701182305812836,0.998496413230896,0.08375835252842875,872
spain,G,Coracias garrulus_European Roller,0.8175231148214901,0.764606893062592,0.701370418071747,0.986195087432861,0.10388780438899822,17
spain,G,Corvus corax_Common Raven,0.675360381603241,0.675360381603241,0.530773341655731,0.819947421550751,0.20447695283714912,2
spain,G,Corvus monedula_Eurasian Jackdaw,0.7313133667497074,0.717900335788727,0.503285646438599,0.996469378471375,0.15119691537160554,85
spain,G,Coturnix coturnix_Common Quail,0.9194425901468603,0.9557164311409,0.700963139533997,0.999955177307129,0.08420707109121739,977
spain,G,Curruca conspicillata_Spectacled Warbler,0.7538832340921674,0.770184338092804,0.710294663906097,0.787886440753937,0.03349610677074642,7
spain,G,Curruca hortensis_Western Orphean Warbler,0.8793442374781558,0.878695785999298,0.714397847652435,0.992259562015533,0.0917451877356205,19
spain,G,Curruca iberiae_Western Subalpine Warbler,0.7961026489734649,0.79937556385994,0.711561918258667,0.912400364875793,0.06153426396398874,20
spain,G,Curruca melanocephala_Sardinian Warbler,0.8427362443784977,0.8403999507427216,0.700048863887787,0.9998379945755,0.08500406416419733,5730
spain,G,Curruca undata_Dartford Warbler,0.8577654855273594,0.866255342960358,0.701651215553284,0.999621629714966,0.0939978852506087,535
spain,G,Cyanistes caeruleus_Eurasian Blue Tit,0.536441743373871,0.536441743373871,0.536441743373871,0.536441743373871,NA,1
spain,G,Cyanopica cooki_Iberian Magpie,0.8099102332041814,0.797705411911011,0.706307530403137,0.979046702384949,0.06500815185304669,39
spain,G,Delichon urbicum_Common House-Martin,0.7949278089735243,0.79099714756012,0.643793642520905,0.982800364494324,0.1080543780451067,27
spain,G,Dendrocopos major_Great Spotted Woodpecker,0.800985038280487,0.800985038280487,0.800985038280487,0.800985038280487,NA,1
spain,G,Dryobates minor_Lesser Spotted Woodpecker,0.8963916301727295,0.910421162843704,0.78931200504303,0.97541218996048,0.07771549119510507,4
spain,G,Emberiza calandra_Corn Bunting,0.846731278586061,0.8571322560310365,0.701101899147034,0.992934763431549,0.08417894088719095,292
spain,G,Emberiza citrinella_Yellowhammer,0.7780033648014071,0.7780033648014071,0.733467280864716,0.822539448738098,0.06298353391825497,2
spain,G,Emberiza hortulana_Ortolan Bunting,0.7890438318252564,0.80646824836731,0.72301173210144,0.863471031188965,0.06186016783422484,5
spain,G,Falco peregrinus_Peregrine Falcon,0.7601993680000303,0.731205701828003,0.704307377338409,0.845085024833679,0.07473326580008961,3
spain,G,Falco subbuteo_Eurasian Hobby,0.755665004253387,0.755665004253387,0.755665004253387,0.755665004253387,NA,1
spain,G,Falco tinnunculus_Eurasian Kestrel,0.8521744471329908,0.864463657140732,0.700806438922882,0.99663108587265,0.09004189874207728,78
spain,G,Fringilla coelebs_Common Chaffinch,0.6603196660677593,0.621834814548492,0.528110682964325,0.860939085483551,0.12879643407176042,9
spain,G,Fringilla montifringilla_Brambling,0.960970342159271,0.960970342159271,0.960970342159271,0.960970342159271,NA,1
spain,G,Fulica atra_Eurasian Coot,0.776531875133514,0.776531875133514,0.776531875133514,0.776531875133514,NA,1
spain,G,Galerida cristata_Crested Lark,0.8265642438583708,0.822155892848969,0.700039267539978,0.997622668743134,0.0792904550395206,2631
spain,G,Galerida theklae_Thekla's Lark,0.8345359857089468,0.829677700996399,0.700037121772766,0.999534010887146,0.08474315529396324,3693
spain,G,Gallinago gallinago_Common Snipe,0.646905988454819,0.646905988454819,0.600586831569672,0.693225145339966,0.06550517986466206,2
spain,G,Gallinago media_Great Snipe,0.79519584774971,0.79519584774971,0.77035653591156,0.82003515958786,0.035128091681526336,2
spain,G,Gallinula chloropus_Eurasian Moorhen,0.8915059252789146,0.936270236968994,0.70288348197937,0.994769394397736,0.10559512307400576,19
spain,G,Gelochelidon nilotica_Gull-billed Tern,0.8987879753112795,0.8987879753112795,0.858446538448334,0.939129412174225,0.057051407137195455,2
spain,G,Gyps fulvus_Eurasian Griffon,0.909358084201813,0.909358084201813,0.909358084201813,0.909358084201813,NA,1
spain,G,Haematopus ostralegus_Eurasian Oystercatcher,0.816913038492203,0.816913038492203,0.753955185413361,0.879870891571045,0.08903584968199107,2
spain,G,Himantopus himantopus_Black-winged Stilt,0.8508596792817115,0.8726033270359039,0.701824605464935,0.980978012084961,0.10722836007310979,8
spain,G,Hippolais polyglotta_Melodious Warbler,0.7706946775317192,0.7624257802963255,0.705545961856842,0.8958420753479,0.050774629383021,40
spain,G,Hirundo rustica_Barn Swallow,0.8561633550458484,0.8541586697101591,0.724628865718842,0.994334101676941,0.0664452142369597,180
spain,G,Hydrobates pelagicus_European Storm-Petrel,0.8081006526947022,0.832648396492004,0.710014939308167,0.910652339458466,0.08956937077405236,5
spain,G,Hydroprogne caspia_Caspian Tern,0.8671700557072957,0.828135550022125,0.807340860366821,0.966033756732941,0.08624748294780112,3
spain,G,Ichthyaetus melanocephalus_Mediterranean Gull,0.8287935532056369,0.81899052858352706,0.718421876430511,0.96472030878067,0.0740906634799459,13
spain,G,Ixobrychus minutus_Little Bittern,0.7785588125387828,0.7620132267475125,0.702447474002838,0.971153318881989,0.07378220466895351,30
spain,G,Lanius collurio_Red-backed Shrike,0.8509041368961335,0.8509041368961335,0.812865495681763,0.888942778110504,0.053794762299606946,2
spain,G,Lanius excubitor_Great Gray Shrike,0.7869612773259479,0.7662389278411865,0.713247418403625,0.92836195230484,0.060050274685881935,18
spain,G,Lanius meridionalis_Iberian Gray Shrike,0.7987815502918126,0.782001912593842,0.702451407909393,0.937986552715302,0.07594094512511099,33
spain,G,Lanius senator_Woodchat Shrike,0.835050880908966,0.835050880908966,0.835050880908966,0.835050880908966,NA,1
spain,G,Linaria cannabina_Eurasian Linnet,0.735503505647572,0.734785258769989,0.500292062759399,0.995195090770721,0.13808865051927938,1836
spain,G,Locustella naevia_Common Grasshopper-Warbler,0.82528167963028,0.82528167963028,0.82528167963028,0.82528167963028,NA,1
spain,G,Lophophanes cristatus_Crested Tit,0.79573392868042,0.79573392868042,0.79573392868042,0.79573392868042,NA,1
spain,G,Loxia curvirostra_Red Crossbill,0.7864034473896024,0.7864034473896024,0.757457971572876,0.815348923206329,0.040935084469357085,2
spain,G,Lullula arborea_Wood Lark,0.903412514407937,0.929774105548859,0.700226128101349,0.999908328056335,0.08554227270114424,7343
spain,G,Luscinia megarhynchos_Common Nightingale,0.8090785088077668,0.80753219127655,0.700920820236206,0.954002499580383,0.07733028019666208,31
spain,G,Luscinia svecica_Bluethroat,0.7667945325374601,0.7667945325374601,0.712556481361389,0.821032583713531,0.0767041875698856,2
spain,G,Mareca penelope_Eurasian Wigeon,0.833956817785899,0.8490755259990695,0.735166192054749,0.909737348556519,0.07113572932465556,6
spain,G,Mareca strepera_Gadwall,0.7260451316833494,0.726020753383636,0.713184297084808,0.738930344581604,0.012873041060796063,3
spain,G,Melanitta nigra_Common Scoter,0.7819151282310485,0.7819151282310485,0.763291895389557,0.80053836107254,0.02633722845966928,2
spain,G,Melanocorypha calandra_Calandra Lark,0.8971048161404405,0.922543108463287,0.700006783008575,0.999996781349182,0.08967769899993769,18449
spain,G,Mergus merganser_Common Merganser,0.7228653430938723,0.719298601150513,0.710078597068787,0.739218831062317,0.014893943244396695,3
spain,G,Merops apiaster_European Bee-eater,0.8533274320017757,0.9090647399425504,0.500027894973755,0.999961853027344,0.14423794908575135,10260
spain,G,Monticola solitarius_Blue Rock-Thrush,0.866966366767883,0.866966366767883,0.866966366767883,0.866966366767883,NA,1
spain,G,Motacilla alba_White Wagtail,0.8132524602818039,0.800168216228485,0.692465305328369,0.985554456710815,0.08896909574320593,53
spain,G,Motacilla flava_Western Yellow Wagtail,0.7292134284973144,0.735292077064514,0.712707936763763,0.745999753475189,0.014873728921766562,5
spain,G,Muscicapa striata_Spotted Flycatcher,0.759188652038574,0.759188652038574,0.759188652038574,0.759188652038574,NA,1
spain,G,Myiopsitta monachus_Monk Parakeet,0.754030823707581,0.754030823707581,0.754030823707581,0.754030823707581,NA,1
spain,G,Numenius arquata_Eurasian Curlew,0.8036373058954873,0.834955811500549,0.708418667316437,0.867537438869476,0.08405553200199117,3
spain,G,Numenius phaeopus_Whimbrel,0.8148649235566456,0.787394255399704,0.708607196807861,0.96534138917923,0.0966248234576061,12
spain,G,Nycticorax nycticorax_Black-crowned Night-Heron,0.8976848990686478,0.9185687005519865,0.705147862434387,0.995947659015656,0.08347411800340009,62
spain,G,Oenanthe hispanica_Western Black-eared Wheatear,0.8065893035946469,0.786510586738586,0.711132705211639,0.975071907043457,0.06813044811432693,33
spain,G,Oenanthe oenanthe_Northern Wheatear,0.7698264188236661,0.737206101417542,0.717593669891357,0.887669324874878,0.06143637409211689,9
spain,G,Oriolus oriolus_Eurasian Golden Oriole,0.8016747087240218,0.7940932810306545,0.740540564060211,0.875059545040131,0.049217403715598664,8
spain,G,Otus scops_Eurasian Scops-Owl,0.8251899068738208,0.82035619020462,0.702885985374451,0.986256539821625,0.09103116412003975,81
spain,G,Parus major_Great Tit,0.6527301103640826,0.588585615158081,0.500392079353333,0.988136768341064,0.14350555686198027,39
spain,G,Petronia petronia_Rock Sparrow,0.8973173079778202,0.919032096862793,0.701601564884186,0.999516606330872,0.09021321737668866,199
spain,G,Phasianus colchicus_Ring-necked Pheasant,0.534303069114685,0.534303069114685,0.534303069114685,0.534303069114685,NA,1
spain,G,Phylloscopus bonelli_Western Bonelli's Warbler,0.8366480983536819,0.851123034954071,0.712343811988831,0.989246070384979,0.08914282229326179,29
spain,G,Phylloscopus collybita_Common Chiffchaff,0.6671239654223124,0.635751247406006,0.512156546115875,0.918861150741577,0.1368197347102572,15
spain,G,Phylloscopus ibericus_Iberian Chiffchaff,0.8795187075932823,0.874879777431488,0.809160172939301,0.954516172409058,0.0727889510863256,3
spain,G,Pica pica_Eurasian Magpie,0.8234361895060135,0.824026137590408,0.641853988170624,0.987537980079651,0.10844587883611984,118
spain,G,Picus sharpei_Iberian Green Woodpecker,0.9283158779144286,0.961841881275177,0.792104065418243,0.999182522296906,0.07393286525976063,13
spain,G,Pluvialis apricaria_European Golden-Plover,0.8129043362357399,0.814678549766541,0.711903095245361,0.937188744544983,0.07431000171163628,11
spain,G,Pluvialis squatarola_Black-bellied Plover,0.7562991902232168,0.747940570116043,0.701569139957428,0.845744132995605,0.05072873196164151,8
spain,G,Porzana porzana_Spotted Crake,0.8266399733044884,0.8140011429786684,0.711637020111084,0.992751359939575,0.08664351162780518,44
spain,G,Prunella collaris_Alpine Accentor,0.768926024436951,0.768926024436951,0.768926024436951,0.768926024436951,NA,1
spain,G,Prunella modularis_Dunnock,0.7041771213213603,0.671327114105225,0.530238807201385,0.910965442657471,0.19247736221956846,3
spain,G,Pterocles alchata_Pin-tailed Sandgrouse,0.9109260721199346,0.940090477466583,0.700882256031036,0.999883413314819,0.08350204486879134,1303
spain,G,Pyrrhocorax pyrrhocorax_Red-billed Chough,0.9071374937921352,0.9369675517082214,0.700143396854401,0.999974250793457,0.0864971383032947,2028
spain,G,Pyrrhula pyrrhula_Eurasian Bullfinch,0.714297711849213,0.714297711849213,0.714297711849213,0.714297711849213,NA,1
spain,G,Rallus aquaticus_Water Rail,0.8291336099306743,0.860278010368347,0.705854892730713,0.921267926692963,0.11103231087918482,3
spain,G,Recurvirostra avosetta_Pied Avocet,0.7870449821154273,0.786973655223846,0.75877571105957,0.815385580062866,0.02830500190402185,3
spain,G,Riparia riparia_Bank Swallow,0.7758421812738691,0.77251410484314,0.708134353160858,0.891596436500549,0.05186328745525381,21
spain,G,Saxicola rubetra_Whinchat,0.816826045513153,0.816826045513153,0.816826045513153,0.816826045513153,NA,1
spain,G,Saxicola rubicola_European Stonechat,0.7790864280291967,0.73436313867569,0.710749387741089,0.915470600128174,0.07889246046020795,7
spain,G,Scolopax rusticola_Eurasian Woodcock,0.863815113902092,0.8740053474903104,0.759038507938385,0.948211252689362,0.08006332138549635,4
spain,G,Serinus serinus_European Serin,0.8700232930988542,0.8821984529495235,0.700033187866211,0.999997496604919,0.09227855039438673,764
spain,G,Sitta europaea_Eurasian Nuthatch,0.5212606489658356,0.5212606489658356,0.509499609470367,0.533021688461304,0.016632621562097216,2
spain,G,Spinus spinus_Eurasian Siskin,0.9137988885243734,0.909810662269592,0.870283961296082,0.992128133773804,0.041034974462492796,9
spain,G,Sternula albifrons_Little Tern,0.7768167853355408,0.755431205034256,0.728689968585968,0.867714762687683,0.06270929267266687,4
spain,G,Streptopelia decaocto_Eurasian Collared-Dove,0.8047437548637391,0.791902184486389,0.712279200553894,0.886338293552399,0.07641271024197643,5
spain,G,Streptopelia turtur_European Turtle-Dove,0.9250235167985463,0.953907907009125,0.703587293624878,0.99917334318161,0.07278607365071049,1810
spain,G,Strix aluco_Tawny Owl,0.8262930716338911,0.816639482975006,0.701720178127289,0.998533248901367,0.08676307356332982,304
spain,G,Sturnus vulgaris_European Starling,0.8970766833850315,0.916494905948639,0.761059999465942,0.97992080450058,0.08167967586390436,7
spain,G,Thalasseus sandvicensis_Sandwich Tern,0.7978476434946058,0.7904549539089201,0.724950015544891,0.885530650615692,0.08002776539073245,4
spain,G,Tringa erythropus_Spotted Redshank,0.7588493525981905,0.7588493525981905,0.723925352096558,0.793773353099823,0.04938999516173349,2
spain,G,Tringa glareola_Wood Sandpiper,0.810188964009285,0.798754572868347,0.710978388786316,0.93226832151413,0.09502079235574659,4
spain,G,Tringa nebularia_Common Greenshank,0.9329764048258463,0.913054883480072,0.902651071548462,0.983223259449005,0.04382487450430073,3
spain,G,Tringa ochropus_Green Sandpiper,0.8251790928118156,0.79543000459671,0.705412328243256,0.998741328716278,0.09329737164059838,33
spain,G,Troglodytes troglodytes_Eurasian Wren,0.705026388168335,0.705026388168335,0.705026388168335,0.705026388168335,NA,1
spain,G,Turdus iliacus_Redwing,0.876778999964396,0.914600729942322,0.727774083614349,0.987962186336517,0.13415410781423248,3
spain,G,Turdus merula_Eurasian Blackbird,0.711666436893184,0.690618097782135,0.500840485095978,0.996397733688354,0.14339352671508573,615
spain,G,Turdus pilaris_Fieldfare,0.829360288732192,0.817358553409576,0.70333331823349,0.971643447875977,0.09065907806839439,17
spain,G,Tyto alba_Barn Owl,0.8510546170431993,0.846764087677002,0.700663030147552,0.988599181175232,0.08633320724100939,29
spain,G,Upupa epops_Eurasian Hoopoe,0.8807848818758701,0.908650398254395,0.701389133930206,0.995864272117615,0.09110909013751013,141
spain,G,Vanellus vanellus_Northern Lapwing,0.7767718136310575,0.7767718136310575,0.768780171871185,0.78476345539093,0.011301888162438867,2
spain,W,Acrocephalus arundinaceus_Great Reed Warbler,0.8837486412915561,0.900760531425476,0.700028836727142,0.999917268753052,0.08793751608959671,16679
spain,W,Acrocephalus melanopogon_Moustached Warbler,0.744043588638306,0.744043588638306,0.744043588638306,0.744043588638306,NA,1
spain,W,Acrocephalus palustris_Marsh Warbler,0.878119766712189,0.878119766712189,0.878119766712189,0.878119766712189,NA,1
spain,W,Acrocephalus scirpaceus_Eurasian Reed Warbler,0.7965526919473301,0.7950399816036224,0.703103125095367,0.947090089321136,0.06084566715441761,88
spain,W,Actitis hypoleucos_Common Sandpiper,0.8997418359508664,0.9167978167533875,0.703518509864807,0.999797523021698,0.08046561661694522,254
spain,W,Aegithalos caudatus_Long-tailed Tit,0.9033096228592127,0.900813817977905,0.790622770786285,0.99849534034729,0.05986345717445939,257
spain,W,Alauda arvensis_Eurasian Skylark,0.6507111489772794,0.6592048108577725,0.53837788105011,0.746057093143463,0.09331776851200116,4
spain,W,Alcedo atthis_Common Kingfisher,0.8874431433400096,0.907354056835175,0.700287580490112,0.999313712120056,0.08824690235787283,481
spain,W,Alopochen aegyptiaca_Egyptian Goose,0.7994174626138475,0.753735184669495,0.703797399997711,0.979765236377716,0.09912369472060653,9
spain,W,Anas crecca_Green-winged Teal,0.7894302700695238,0.777847945690155,0.703876495361328,0.950150191783905,0.07819936154973497,19
spain,W,Anas platyrhynchos_Mallard,0.785703023543229,0.7702421545982361,0.700832426548004,0.953970968723297,0.06260190114129686,296
spain,W,Anser albifrons_Greater White-fronted Goose,0.7995398566126823,0.7584366500377655,0.708440482616425,0.933944761753082,0.08776969683765726,8
spain,W,Anser anser_Graylag Goose,0.9222448722143695,0.925573706626892,0.835042715072632,0.999332010746002,0.04647845879996402,2251
spain,W,Anthus cervinus_Red-throated Pipit,0.745752990245819,0.745752990245819,0.745752990245819,0.745752990245819,NA,1
spain,W,Anthus pratensis_Meadow Pipit,0.617103189229965,0.592308610677719,0.550511538982391,0.733283996582031,0.08010224142354924,4
spain,W,Anthus trivialis_Tree Pipit,0.8141621808553564,0.812556982040405,0.700579702854156,0.990646719932556,0.0833142902863575,116
spain,W,Apus apus_Common Swift,0.9376240819692612,0.96005180478096,0.873941600322723,0.983609676361084,0.04839672573040655,8
spain,W,Apus melba_Alpine Swift,0.8576358093155754,0.8646048605442049,0.703584551811218,0.975402772426605,0.09030058897109211,18
spain,W,Apus pallidus_Pallid Swift,0.8694231688202202,0.894127130508423,0.700188100337982,0.994953811168671,0.09404261392795178,77
spain,W,Ardea alba_Great Egret,0.8488286137580869,0.8488286137580869,0.81306391954422,0.884593307971954,0.0505789156113773,2
spain,W,Ardea cinerea_Gray Heron,0.87717506827461,0.894104957580566,0.701434373855591,0.998441636562347,0.0844526217885119,349
spain,W,Ardea purpurea_Purple Heron,0.80721264226096,0.7924407124519345,0.70275342464447,0.938092589378357,0.06496379412888417,28
spain,W,Asio flammeus_Short-eared Owl,0.77741801738739,0.77741801738739,0.77741801738739,0.77741801738739,NA,1
spain,W,Asio otus_Long-eared Owl,0.9196505546569825,0.9196505546569825,0.91828453540802,0.921016573905945,0.001931842948345496,2
spain,W,Athene noctua_Little Owl,0.8979261294007302,0.9516133666038515,0.709761381149292,0.996566653251648,0.10799104052709134,16
spain,W,Botaurus stellaris_Great Bittern,0.782297670841217,0.758068323135376,0.702520668506622,0.968002021312714,0.07366350947518412,67
spain,W,Branta leucopsis_Barnacle Goose,0.721276223659515,0.721276223659515,0.721276223659515,0.721276223659515,NA,1
spain,W,Burhinus oedicnemus_Eurasian Thick-knee,0.8782147186921225,0.89492267370224,0.700018286705017,0.99966299533844,0.08730206082292874,569
spain,W,Buteo buteo_Common Buzzard,0.7891747565830454,0.769415557384491,0.705732941627502,0.918135285377502,0.0685786234031089,17
spain,W,Calidris alba_Sanderling,0.7853574156761169,0.7853574156761169,0.712935388088226,0.857779443264008,0.10242021362935393,2
spain,W,Calidris alpina_Dunlin,0.822053035100301,0.816325008869171,0.71852171421051,0.931312382221222,0.10651091404870042,3
spain,W,Calidris pugnax_Ruff,0.738999605178833,0.738999605178833,0.738999605178833,0.738999605178833,NA,1
spain,W,Calidris temminckii_Temminck's Stint,0.816736698150635,0.816736698150635,0.816736698150635,0.816736698150635,NA,1
spain,W,Calonectris diomedea_Cory's Shearwater,0.7974930313917307,0.7690882384777069,0.705982506275177,0.94654506444931,0.06683425588518092,26
spain,W,Caprimulgus europaeus_Eurasian Nightjar,0.8452512979507445,0.838961064815521,0.703781485557556,0.989219009876251,0.09663034991402175,25
spain,W,Carduelis carduelis_European Goldfinch,0.8456247578643763,0.845874160528183,0.709138154983521,0.998173594474792,0.07765953085362047,4048
spain,W,Certhia brachydactyla_Short-toed Treecreeper,0.8587039113044739,0.837898135185242,0.73011589050293,0.983807265758514,0.09489186990042889,7
spain,W,Certhia familiaris_Eurasian Treecreeper,0.6567879319190979,0.6222934126853941,0.501869738101959,0.946170449256897,0.11079857518249955,70
spain,W,Cettia cetti_Cetti's Warbler,0.8756232321076148,0.905051171779633,0.636108875274658,0.999900579452515,0.10355942681996115,3521
spain,W,Charadrius alexandrinus_Kentish Plover,0.713592708110809,0.713592708110809,0.713592708110809,0.713592708110809,NA,1
spain,W,Charadrius dubius_Little Ringed Plover,0.8636567201100144,0.8668330907821655,0.70002019405365,0.999838948249817,0.08928725743819992,918
spain,W,Charadrius hiaticula_Common Ringed Plover,0.825371789080756,0.800903767347336,0.7089524269104,0.958156228065491,0.0800994249518088,14
spain,W,Chlidonias hybrida_Whiskered Tern,0.8268068388980978,0.8209488093852995,0.700028121471405,0.980952203273773,0.07802603716873037,68
spain,W,Chlidonias niger_Black Tern,0.910977840423584,0.910977840423584,0.910977840423584,0.910977840423584,NA,1
spain,W,Chloris chloris_European Greenfinch,0.831753306556493,0.8113558292388915,0.70270174741745,0.987343311309814,0.09108038628178901,128
spain,W,Chroicocephalus ridibundus_Black-headed Gull,0.7650065819422404,0.773169815540314,0.703452169895172,0.818397760391235,0.0579059667107345,3
spain,W,Ciconia ciconia_White Stork,0.9064939773673141,0.939290165901184,0.700416624546051,0.999630093574524,0.08561420341235372,1797
spain,W,Circus aeruginosus_Eurasian Marsh-Harrier,0.8386270322582939,0.8324247598648076,0.716765999794006,0.972823441028595,0.0691232069325856,22
spain,W,Cisticola juncidis_Zitting Cisticola,0.8964163021944646,0.918621629476547,0.700012266635895,0.99988067150116,0.08521671412391998,67376
spain,W,Clamator glandarius_Great Spotted Cuckoo,0.783234715461731,0.783234715461731,0.783234715461731,0.783234715461731,NA,1
spain,W,Clangula hyemalis_Long-tailed Duck,0.789060354232788,0.789060354232788,0.789060354232788,0.789060354232788,NA,1
spain,W,Coccothraustes coccothraustes_Hawfinch,0.8099107225735982,0.804103910923004,0.707177579402924,0.984466671943665,0.07625596831045611,45
spain,W,Columba palumbus_Common Wood-Pigeon,0.828952421402109,0.83034747838974,0.709677278995514,0.980618536472321,0.087310494398924507,29
spain,W,Corvus corax_Common Raven,0.542790452639262,0.555846631526947,0.511933743953705,0.560590982437134,0.02682777608317072,3
spain,W,Corvus frugilegus_Rook,0.7882963418960576,0.7882963418960576,0.704215228557587,0.872377455234528,0.11890865082269435,2
spain,W,Corvus monedula_Eurasian Jackdaw,0.6960282533065133,0.669601678848267,0.523313701152802,0.890109002590179,0.12007387409631651,23
spain,W,Coturnix coturnix_Common Quail,0.9225061660589174,0.961537182331085,0.716553568840027,0.999437272548676,0.08173501483422235,43
spain,W,Crex crex_Corn Crake,0.830708886895861,0.884889543056488,0.711075305938721,0.939929842948914,0.09381904180922285,7
spain,W,Cuculus canorus_Common Cuckoo,0.7210256191575604,0.716048896312714,0.500233888626099,0.996566772460938,0.13909518173567784,471
spain,W,Curruca communis_Greater Whitethroat,0.821239531040192,0.821239531040192,0.821239531040192,0.821239531040192,NA,1
spain,W,Curruca melanocephala_Sardinian Warbler,0.804869451306083,0.78251326084137,0.707905411720276,0.939583361148834,0.06441806797243058,33
spain,W,Cyanistes caeruleus_Eurasian Blue Tit,0.60999510543687,0.5904577970504761,0.506684601306915,0.825059473514557,0.09493369114375734,14
spain,W,Cygnus columbianus_Tundra Swan,0.8472339456731623,0.854789733886719,0.72577440738678,0.956085920333862,0.08229150719273264,11
spain,W,Cygnus cygnus_Whooper Swan,0.8366836458444595,0.8145498335361481,0.755290746688843,0.962344169616699,0.09189318956410276,4
spain,W,Cygnus olor_Mute Swan,0.703335762023926,0.703335762023926,0.703335762023926,0.703335762023926,NA,1
spain,W,Delichon urbicum_Common House-Martin,0.7855548113584518,0.7806119024753571,0.649567365646362,0.966298043727875,0.08959448132699903,32
spain,W,Dendrocopos major_Great Spotted Woodpecker,0.5847774545351667,0.5578652620315555,0.513464212417603,0.707989871501923,0.07619963173929245,6
spain,W,Dryobates minor_Lesser Spotted Woodpecker,0.8749826312065124,0.883278131484985,0.836189031600952,0.91255122423172,0.031044816212725788,5
spain,W,Dryocopus martius_Black Woodpecker,0.821881055831909,0.821881055831909,0.821881055831909,0.821881055831909,NA,1
spain,W,Egretta garzetta_Little Egret,0.8209719132568877,0.819945096969604,0.704111278057098,0.987800717353821,0.0707276040559792,59
spain,W,Emberiza calandra_Corn Bunting,0.8735733032226561,0.8751524388790131,0.753265500068665,0.988063514232635,0.08034558162949426,12
spain,W,Emberiza cia_Rock Bunting,0.7202673912048339,0.71781051158905,0.703659176826477,0.737585425376892,0.014729580117098804,5
spain,W,Emberiza citrinella_Yellowhammer,0.764746591448784,0.7650453746318815,0.728266298770905,0.800629317760468,0.030101907053677514,4
spain,W,Erithacus rubecula_European Robin,0.753880113363266,0.753880113363266,0.651478052139282,0.85628217458725,0.14481838379791817,2
spain,W,Falco naumanni_Lesser Kestrel,0.857831120491028,0.857831120491028,0.857831120491028,0.857831120491028,NA,1
spain,W,Falco peregrinus_Peregrine Falcon,0.763682633638382,0.7562847435474395,0.713150143623352,0.847873270511627,0.05318301308449446,6
spain,W,Falco tinnunculus_Eurasian Kestrel,0.8745755507395818,0.8949700593948364,0.733447849750519,0.986732542514801,0.08698144724992202,26
spain,W,Ficedula hypoleuca_European Pied Flycatcher,0.8346875395093645,0.845266044139862,0.708913147449493,0.961843013763428,0.09409944569131641,7
spain,W,Fulica atra_Eurasian Coot,0.8079291560433127,0.799228012561798,0.701231956481934,0.981630623340607,0.07510880219464888,55
spain,W,Galerida cristata_Crested Lark,0.8460653882000327,0.85399419069290206,0.700001358985901,0.989660382270813,0.08266899666927403,181
spain,W,Gallinago gallinago_Common Snipe,0.8188145432402106,0.834878534078598,0.594427049160004,0.995026409626007,0.12603983374864997,68
spain,W,Gallinula chloropus_Eurasian Moorhen,0.8696546981243488,0.877950429916382,0.705367982387543,0.998881042003632,0.08794264730031287,183
spain,W,Garrulus glandarius_Eurasian Jay,0.6602154970169065,0.6602154970169065,0.555977880954742,0.764453113079071,0.14741425034455266,2
spain,W,Gavia immer_Common Loon,0.8587419033050536,0.81713593006134,0.704931080341339,0.984682857990265,0.11878219111171058,5
spain,W,Gavia stellata_Red-throated Loon,0.830150604248047,0.830150604248047,0.830150604248047,0.830150604248047,NA,1
spain,W,Gelochelidon nilotica_Gull-billed Tern,0.8993747822548214,0.9276743233203886,0.702005386352539,0.99994683265686,0.09381141913790458,152
spain,W,Glareola pratincola_Collared Pratincole,0.8644729852676395,0.8644729852676395,0.784003019332886,0.944942951202393,0.1138017171886294,2
spain,W,Grus grus_Common Crane,0.8173266351222992,0.800675928592682,0.71356588602066,0.954388797283173,0.11197712433237182,4
spain,W,Haematopus ostralegus_Eurasian Oystercatcher,0.8503254055976868,0.895028233528137,0.702991247177124,0.979807913303375,0.10557943166076483,21
spain,W,Himantopus himantopus_Black-winged Stilt,0.8907603155043287,0.9125499129295349,0.700036764144897,0.999868154525757,0.08653232963432445,38580
spain,W,Hirundo rustica_Barn Swallow,0.8439417169307034,0.840945929288864,0.723152101039886,0.996687352657318,0.07523423196697775,1142
spain,W,Hydroprogne caspia_Caspian Tern,0.8211162984371184,0.8087436854839325,0.700651884078979,0.976986229419708,0.08447912362085405,30
spain,W,Ixobrychus minutus_Little Bittern,0.8595232009887694,0.861161082983017,0.758262515068054,0.944908857345581,0.07119744246848429,10
spain,W,Jynx torquilla_Eurasian Wryneck,0.8819096402989495,0.9070043563842776,0.707858204841614,0.991903007030487,0.08776520722821068,36
spain,W,Larus michahellis_Yellow-legged Gull,0.7870808323224385,0.7806745171546935,0.700060546398163,0.936931073665619,0.0621145591429281,30
spain,W,Limosa limosa_Black-tailed Godwit,0.759515941143036,0.782397210597992,0.71262127161026,0.783529341220856,0.040615919943761104,3
spain,W,Linaria cannabina_Eurasian Linnet,0.7009373709212902,0.670888423919678,0.500116050243378,0.964690268039703,0.13517615308058384,43
spain,W,Locustella luscinioides_Savi's Warbler,0.8100723028182983,0.7915680706501005,0.754703998565674,0.928415298461914,0.06381502557575273,6
spain,W,Locustella naevia_Common Grasshopper-Warbler,0.7890849312146506,0.784933090209961,0.733968496322632,0.848353207111359,0.05730526898419855,3
spain,W,Lophophanes cristatus_Crested Tit,0.727815017104149,0.718798667192459,0.707431256771088,0.76623147726059,0.027586469818796915,4
spain,W,Loxia curvirostra_Red Crossbill,0.705246329307556,0.705246329307556,0.705246329307556,0.705246329307556,NA,1
spain,W,Lullula arborea_Wood Lark,0.824669420719147,0.824669420719147,0.824669420719147,0.824669420719147,NA,1
spain,W,Luscinia megarhynchos_Common Nightingale,0.8407723009278141,0.83812803030014,0.70034921169281,0.997873663902283,0.0844369247494798,967
spain,W,Luscinia svecica_Bluethroat,0.7986939031826823,0.791957348585129,0.706263363361359,0.930964350700378,0.06916421754288135,38
spain,W,Mareca strepera_Gadwall,0.7810915780067443,0.775854170322418,0.700902044773102,0.923084199428558,0.060333743926944065,25
spain,W,Mergus merganser_Common Merganser,0.725034415721893,0.725034415721893,0.725034415721893,0.725034415721893,NA,1
spain,W,Merops apiaster_European Bee-eater,0.8500171721240256,0.902617424726486,0.500477313995361,0.999945640563965,0.14416009344531203,7374
spain,W,Milvus migrans_Black Kite,0.794380128383636,0.794380128383636,0.794380128383636,0.794380128383636,NA,1
spain,W,Motacilla alba_White Wagtail,0.8698642027653484,0.8834890723228455,0.688299119472504,0.998001396656036,0.08864620907879821,606
spain,W,Motacilla cinerea_Gray Wagtail,0.7869434952735903,0.7537352442741395,0.718035221099854,0.922268271446228,0.09232611735753432,4
spain,W,Motacilla flava_Western Yellow Wagtail,0.8420186911360191,0.8400959670543675,0.700005114078522,0.99884450435638406,0.08211144390455037,6850
spain,W,Muscicapa striata_Spotted Flycatcher,0.7956425249576571,0.7907124757766726,0.760672152042389,0.840472996234894,0.040405122522324165,4
spain,W,Myiopsitta monachus_Monk Parakeet,0.8482263882954914,0.863118827342987,0.700305044651031,0.981255292892456,0.1410659386681176,3
spain,W,Numenius arquata_Eurasian Curlew,0.8462853319942951,0.8386214971542361,0.714168548583984,0.961437344551086,0.079752434982136855,16
spain,W,Numenius phaeopus_Whimbrel,0.8766185170725772,0.88080221414566,0.706511199474335,0.998298346996307,0.09058827968974753,57
spain,W,Nycticorax nycticorax_Black-crowned Night-Heron,0.9035472380779648,0.926782190799713,0.700141429901123,0.999831318855286,0.08389827463910042,1031
spain,W,Oriolus oriolus_Eurasian Golden Oriole,0.8133060742874403,0.8056281507015225,0.704448103904724,0.992730557918549,0.0709616157179246,148
spain,W,Otus scops_Eurasian Scops-Owl,0.9098349179180836,0.94319486618042,0.700592875480652,0.999892950057983,0.08798972399442044,3221
spain,W,Pandion haliaetus_Osprey,0.737471640110016,0.728909552097321,0.72853696346283,0.754968404769897,0.015153787834897368,3
spain,W,Panurus biarmicus_Bearded Reedling,0.7927903175354006,0.795778751373291,0.74101334810257,0.858150362968445,0.049886454794358874,5
spain,W,Parus major_Great Tit,0.6625448651611805,0.666403204202652,0.507678031921387,0.943977415561676,0.12071906550149528,32
spain,W,Passer domesticus_House Sparrow,0.8020788813009859,0.794477075338364,0.704576790332794,0.963613271713257,0.06801410959832678,64
spain,W,Passer hispaniolensis_Spanish Sparrow,0.704765737056732,0.704765737056732,0.704765737056732,0.704765737056732,NA,1
spain,W,Passer montanus_Eurasian Tree Sparrow,0.7780051309129465,0.741268515586853,0.700161099433899,0.9056636095047,0.06578929473847987,23
spain,W,Perdix perdix_Gray Partridge,0.7327249248822529,0.709863781929016,0.704252004623413,0.78405898809433,0.04454506196570004,3
spain,W,Phalacrocorax carbo_Great Cormorant,0.8367722108960152,0.8440388441085815,0.743146359920502,0.957133293151855,0.0664210452823298,8
spain,W,Phasianus colchicus_Ring-necked Pheasant,0.6878166539328439,0.681876718997955,0.524376034736633,0.857217073440552,0.1259830505458752,7
spain,W,Phoenicopterus roseus_Greater Flamingo,0.8565525599272854,0.851899445056915,0.700784385204315,0.998665571212769,0.08956230181208184,249
spain,W,Phoenicurus ochruros_Black Redstart,0.874661386013031,0.874661386013031,0.874661386013031,0.874661386013031,NA,1
spain,W,Phoenicurus phoenicurus_Common Redstart,0.749478260676066,0.721295714378357,0.714461624622345,0.812677443027496,0.05483866047885637,3
spain,W,Phylloscopus bonelli_Western Bonelli's Warbler,0.894303858280182,0.894303858280182,0.894303858280182,0.894303858280182,NA,1
spain,W,Phylloscopus collybita_Common Chiffchaff,0.7105896323919297,0.7329263389110565,0.535046219825745,0.910942375659943,0.11863963958297134,8
spain,W,Phylloscopus inornatus_Yellow-browed Warbler,0.8003338128328322,0.7996528744697571,0.709202587604523,0.928706347942352,0.06912821901619746,16
spain,W,Pica pica_Eurasian Magpie,0.806705705595739,0.791389375925064,0.641765117645264,0.999418258666992,0.101813625448582,132
spain,W,Picus sharpei_Iberian Green Woodpecker,0.8503392934799194,0.8457178175449376,0.71498167514801,0.994374752044678,0.09048522565070989,28
spain,W,Plegadis falcinellus_Glossy Ibis,0.8619601025300867,0.874474346637726,0.70646595954895,0.999362528324127,0.08408362109649443,68
spain,W,Pluvialis apricaria_European Golden-Plover,0.738957146803538,0.747406601905823,0.711087048053741,0.75837779045105,0.024751738277670667,3
spain,W,Pluvialis squatarola_Black-bellied Plover,0.7357474565505979,0.7357474565505979,0.714195430278778,0.757299482822418,0.030479167850229114,2
spain,W,Porzana porzana_Spotted Crake,0.7807389795780182,0.7880878150463104,0.701639831066132,0.89062488079071,0.05256620991804937,24
spain,W,Prunella modularis_Dunnock,0.6308477560679118,0.610194444656372,0.51948094367981,0.811026990413666,0.08443329382656173,15
spain,W,Psittacula krameri_Rose-ringed Parakeet,0.8256998194588555,0.804839611053467,0.742291629314423,0.940769374370575,0.06818855262281513,9
spain,W,Pyrrhocorax graculus_Yellow-billed Chough,0.828137814998627,0.828137814998627,0.828137814998627,0.828137814998627,NA,1
spain,W,Pyrrhula pyrrhula_Eurasian Bullfinch,0.7685406804084777,0.787576794624329,0.702775657176971,0.815269589424133,0.058613150669764115,3
spain,W,Rallus aquaticus_Water Rail,0.84097428647977,0.8344482481479645,0.700035989284515,0.999847888946533,0.08919761258057976,318
spain,W,Recurvirostra avosetta_Pied Avocet,0.8220788240432739,0.807074785232544,0.758201122283936,0.900960564613342,0.0725527771971974,3
spain,W,Remiz pendulinus_Eurasian Penduline-Tit,0.7653504461050034,0.7658618688583374,0.71263712644577,0.832242906093597,0.038776207308622156,8
spain,W,Riparia riparia_Bank Swallow,0.8939444152814037,0.898661494255066,0.710560977458954,0.995659291744232,0.07684541493454489,53
spain,W,Saxicola rubicola_European Stonechat,0.9120732200318489,0.954602360725403,0.706557989120483,0.999471724033356,0.08876935385038259,138
spain,W,Scolopax rusticola_Eurasian Woodcock,0.8392799496650697,0.813004493713379,0.779345989227295,0.925489366054535,0.07653281215739491,3
spain,W,Serinus serinus_European Serin,0.8312819743655738,0.8238545656204219,0.701451063156128,0.997984051704407,0.08566028600451746,382
spain,W,Sitta europaea_Eurasian Nuthatch,0.939188182353973,0.939188182353973,0.939188182353973,0.939188182353973,NA,1
spain,W,Spatula clypeata_Northern Shoveler,0.783871084451675,0.783871084451675,0.741525292396545,0.826216876506805,0.05988599343379571,2
spain,W,Sternula albifrons_Little Tern,0.8121431299618312,0.839805603027344,0.708842635154724,0.869892835617065,0.06414485735935908,7
spain,W,Streptopelia decaocto_Eurasian Collared-Dove,0.8124714602123607,0.7962096631526945,0.702500462532043,0.947092890739441,0.07223832714655427,22
spain,W,Streptopelia turtur_European Turtle-Dove,0.77961927652359,0.77961927652359,0.77961927652359,0.77961927652359,NA,1
spain,W,Strix aluco_Tawny Owl,0.8647801123167338,0.875447392463684,0.749672770500183,0.975641548633575,0.06774886013377852,19
spain,W,Sturnus unicolor_Spotless Starling,0.7824629074648809,0.76265561580658,0.710582733154297,0.897198438644409,0.06182140200835653,19
spain,W,Sturnus vulgaris_European Starling,0.8395606028328976,0.833208233118057,0.700290620326996,0.9971724152565,0.08403614844511637,812
spain,W,Sylvia atricapilla_Eurasian Blackcap,0.7645582159360248,0.750757575035095,0.610802233219147,0.910918533802032,0.11495119970751316,6
spain,W,Sylvia borin_Garden Warbler,0.744618773460388,0.744618773460388,0.744618773460388,0.744618773460388,NA,1
spain,W,Tachybaptus ruficollis_Little Grebe,0.8235907554626465,0.824735701084137,0.709450364112854,0.966612219810486,0.08112822845449177,12
spain,W,Tadorna tadorna_Common Shelduck,0.836202919483185,0.836202919483185,0.836202919483185,0.836202919483185,NA,1
spain,W,Tringa erythropus_Spotted Redshank,0.9288222979415547,0.9605029821395875,0.717433154582977,0.999336063861847,0.0856690532407586,22
spain,W,Tringa glareola_Wood Sandpiper,0.8654582945616929,0.8734074532985685,0.700196146965027,0.999124705791473,0.08325662035446049,1430
spain,W,Tringa nebularia_Common Greenshank,0.9523279533304018,0.9532435834407804,0.900824069976807,0.996168434619904,0.026037327510931157,116
spain,W,Tringa ochropus_Green Sandpiper,0.8982784236479041,0.9196806848049166,0.700779259204865,0.999916195869446,0.08760401116712066,1214
spain,W,Tringa stagnatilis_Marsh Sandpiper,0.796429574489594,0.796429574489594,0.796429574489594,0.796429574489594,NA,1
spain,W,Tringa totanus_Common Redshank,0.8174429154396058,0.826505541801453,0.702953159809113,0.97765189409256,0.07499008038674126,25
spain,W,Turdus iliacus_Redwing,0.7750525593757629,0.7696274816989901,0.711773872375488,0.847361028194427,0.04570130742124486,10
spain,W,Turdus merula_Eurasian Blackbird,0.6875447249412536,0.674365758895874,0.518876850605011,0.928045928478241,0.12137412877043374,25
spain,W,Turdus pilaris_Fieldfare,0.813151657581329,0.813151657581329,0.813151657581329,0.813151657581329,NA,1
spain,W,Tyto alba_Barn Owl,0.8617818848840122,0.855928540229797,0.704281985759735,0.997761487960815,0.10762970978836037,29
spain,W,Upupa epops_Eurasian Hoopoe,0.756871223449707,0.756871223449707,0.756871223449707,0.756871223449707,NA,1
spain,W,Vanellus vanellus_Northern Lapwing,0.8847218365504824,0.901118636131287,0.712482333183289,0.998992621898651,0.08684608188089281,145
spain,W,Zapornia parva_Little Crake,0.7839058339595795,0.7839058339595795,0.712810218334198,0.855001449584961,0.10054438384267908,2
spain,W,Zapornia pusilla_Baillon's Crake,0.7889874577522279,0.760398089885712,0.708499848842621,0.937910556793213,0.07545601251979113,13
sweden,F,Acanthis flammea_Common Redpoll,0.8143022656440735,0.8143022656440735,0.798267483711243,0.830337047576904,0.022676606079103934,2
sweden,F,Accipiter gentilis_Northern Goshawk,0.8052976965904236,0.801896095275879,0.700260102748871,0.997643768787384,0.0820625312467983,80
sweden,F,Accipiter nisus_Eurasian Sparrowhawk,0.792434632778168,0.792434632778168,0.771522164344788,0.813347101211548,0.029574696481185173,2
sweden,F,Actitis hypoleucos_Common Sandpiper,0.8455610473950703,0.839084029197693,0.725796461105347,0.978720426559448,0.11489943110787491,6
sweden,F,Aegithalos caudatus_Long-tailed Tit,0.9152582216262818,0.920739531517029,0.807934999465942,0.999278604984283,0.0598610617284529,50
sweden,F,Aegolius funereus_Boreal Owl,0.7936101158459982,0.807269424200058,0.707042932510376,0.858383357524872,0.06501712036676334,6
sweden,F,Aix galericulata_Mandarin Duck,0.719761371612549,0.719761371612549,0.719761371612549,0.719761371612549,NA,1
sweden,F,Alcedo atthis_Common Kingfisher,0.849740008513133,0.817443907260895,0.78630620241165206,0.945469915866852,0.08435372272332359,3
sweden,F,Anas crecca_Green-winged Teal,0.8673556447029115,0.860885322093964,0.719268441200256,0.970711469650269,0.08024007280545323,9
sweden,F,Anas platyrhynchos_Mallard,0.7920619628646156,0.7871798574924465,0.708677589893341,0.949025273323059,0.06682125411489727,22
sweden,F,Anser albifrons_Greater White-fronted Goose,0.781042516231537,0.781042516231537,0.781042516231537,0.781042516231537,NA,1
sweden,F,Anser anser_Graylag Goose,0.8959434881609442,0.8899336755275731,0.835043370723724,0.997757375240326,0.04141694826882759,2270
sweden,F,Anser brachyrhynchus_Pink-footed Goose,0.74754336476326,0.74754336476326,0.73288369178772,0.7622030377388,0.020731908341963083,2
sweden,F,Anthus rubescens_American Pipit,0.857510387897491,0.857510387897491,0.857510387897491,0.857510387897491,NA,1
sweden,F,Anthus trivialis_Tree Pipit,0.8096711099147796,0.8056303560733795,0.702546715736389,0.953917562961578,0.08151003896282105,20
sweden,F,Ardea cinerea_Gray Heron,0.8841284179906232,0.9008216261863705,0.705043792724609,0.997253954410553,0.08765756452145106,218
sweden,F,Asio otus_Long-eared Owl,0.7783256024122238,0.7866948544979095,0.703719079494476,0.869209587574005,0.06057824993269632,8
sweden,F,Athene noctua_Little Owl,0.8302823538365571,0.824971497058868,0.700785875320435,0.99727421998977706,0.0848342369313859,345
sweden,F,Botaurus stellaris_Great Bittern,0.8415322778625982,0.842688798904419,0.700287520885468,0.994692862033844,0.08360923634306977,541
sweden,F,Branta bernicla_Brant,0.868858128786087,0.9050435721874235,0.713093340396881,0.998697638511658,0.10943818598953456,8
sweden,F,Branta canadensis_Canada Goose,0.7509388476610185,0.745370626449585,0.707508981227875,0.805505156517029,0.04057997067359844,4
sweden,F,Branta leucopsis_Barnacle Goose,0.9224762295646213,0.954460799694061,0.70061331987381,0.999911665916443,0.0813356027996359,671
sweden,F,Bubo bubo_Eurasian Eagle-Owl,0.786081999540329,0.786081999540329,0.71802419424057,0.854139804840088,0.09624827128026671,2
sweden,F,Bucephala clangula_Common Goldeneye,0.925676574309667,0.968694418668747,0.702385425567627,0.991655468940735,0.11036953804239791,6
sweden,F,Buteo buteo_Common Buzzard,0.8470625398475999,0.839683175086975,0.700110197067261,0.998871028423309,0.08723749006791004,173
sweden,F,Caprimulgus europaeus_Eurasian Nightjar,0.9070778489112853,0.981017470359802,0.730660021305084,0.996296226978302,0.09860133114360944,15
sweden,F,Carduelis carduelis_European Goldfinch,0.8742193132638932,0.8865939378738406,0.777141988277435,0.946547389030457,0.07079956879373507,4
sweden,F,Certhia brachydactyla_Short-toed Treecreeper,0.7318972051143646,0.737805515527725,0.687399983406067,0.792813003063202,0.03929430108669149,6
sweden,F,Certhia familiaris_Eurasian Treecreeper,0.7353722625629492,0.726273834705353,0.50007438659668,0.99985659122467,0.14915401535354206,2270
sweden,F,Charadrius hiaticula_Common Ringed Plover,0.705182135105133,0.705182135105133,0.705182135105133,0.705182135105133,NA,1
sweden,F,Chloris chloris_European Greenfinch,0.8309063044461337,0.8209042251110075,0.70155131816864,0.982129514217377,0.06962331370222694,88
sweden,F,Circus aeruginosus_Eurasian Marsh-Harrier,0.8532775810786657,0.860376596450806,0.737722754478455,0.942285478115082,0.06788943927256874,7
sweden,F,Clanga clanga_Greater Spotted Eagle,0.943154036998749,0.943154036998749,0.943154036998749,0.943154036998749,NA,1
sweden,F,Coccothraustes coccothraustes_Hawfinch,0.8568735186671176,0.86072963476181,0.700111627578735,0.999952554702759,0.08744469224922143,829
sweden,F,Columba oenas_Stock Dove,0.7670559712818691,0.751524567604065,0.701536893844604,0.884919345378876,0.05066216040309912,35
sweden,F,Columba palumbus_Common Wood-Pigeon,0.8753480897132684,0.88708907365799,0.701079308986664,0.999337494373322,0.08849043354402097,2659
sweden,F,Corvus corax_Common Raven,0.7436790287325807,0.762926161289215,0.500511467456818,0.988273859024048,0.14941367143148385,353
sweden,F,Corvus cornix_Hooded Crow,0.7517637610435488,0.7468948066234591,0.722685515880585,0.790579915046692,0.03210371419649919,4
sweden,F,Corvus corone_Carrion Crow,0.810016095638275,0.810016095638275,0.809075176715851,0.810957014560699,0.0013306603011854752,2
sweden,F,Corvus monedula_Eurasian Jackdaw,0.6756741752227147,0.6679269969463351,0.528624057769775,0.851657867431641,0.09617188429595419,12
sweden,F,Coturnix coturnix_Common Quail,0.9082172946496444,0.956432104110718,0.772949039936066,0.991124272346497,0.08173533331476927,11
sweden,F,Cuculus canorus_Common Cuckoo,0.6596960435722158,0.630360186100006,0.500003397464752,0.995586633682251,0.12240179222482143,749
sweden,F,Curruca curruca_Lesser Whitethroat,0.8324986100196841,0.8324986100196841,0.733245313167572,0.931751906871796,0.1403653585184996,2
sweden,F,Cyanistes caeruleus_Eurasian Blue Tit,0.6942892310309544,0.667347311973572,0.50300532579422,0.994198441505432,0.13441223264177302,354
sweden,F,Cygnus columbianus_Tundra Swan,0.7084881067276,0.7084881067276,0.7084881067276,0.7084881067276,NA,1
sweden,F,Cygnus cygnus_Whooper Swan,0.8557790513391847,0.853814303874969,0.705017745494843,0.997498452663422,0.088816045422603,135
sweden,F,Cygnus olor_Mute Swan,0.8787132700284324,0.892444312572479,0.747197449207306,0.979544758796692,0.0759807352735199,9
sweden,F,Delichon urbicum_Common House-Martin,0.72782039642334,0.72782039642334,0.72782039642334,0.72782039642334,NA,1
sweden,F,Dendrocopos major_Great Spotted Woodpecker,0.7111031439708504,0.708233118057251,0.50027722120285,0.993756771087646,0.12945185960499636,761
sweden,F,Dendrocoptes medius_Middle Spotted Woodpecker,0.724035561084747,0.724035561084747,0.724035561084747,0.724035561084747,NA,1
sweden,F,Dryobates minor_Lesser Spotted Woodpecker,0.826435029506683,0.826435029506683,0.826435029506683,0.826435029506683,NA,1
sweden,F,Dryocopus martius_Black Woodpecker,0.9241269763228608,0.953979730606079,0.703421115875244,0.999949216842651,0.0784293505792733,1161
sweden,F,Egretta garzetta_Little Egret,0.7841873258914588,0.762395322322845,0.701443314552307,0.926422953605652,0.06930247048563992,53
sweden,F,Emberiza citrinella_Yellowhammer,0.8067959981449581,0.795940339565277,0.705260455608368,0.9234738945961,0.06779450006378707,59
sweden,F,Emberiza hortulana_Ortolan Bunting,0.762619733810425,0.762619733810425,0.762619733810425,0.762619733810425,NA,1
sweden,F,Erithacus rubecula_European Robin,0.7964218980756707,0.796657145023346,0.633075058460236,0.999164938926697,0.10022377870954813,1615
sweden,F,Falco subbuteo_Eurasian Hobby,0.8259153034951953,0.834545612335205,0.724310100078583,0.931317746639252,0.08112988819562357,9
sweden,F,Falco tinnunculus_Eurasian Kestrel,0.921313762664795,0.921313762664795,0.921313762664795,0.921313762664795,NA,1
sweden,F,Ficedula albicollis_Collared Flycatcher,0.7944973075389862,0.7770833373069765,0.700164377689362,0.968393266201019,0.06816206764844894,150
sweden,F,Ficedula hypoleuca_European Pied Flycatcher,0.779104873538017,0.7715762257575984,0.751669108867645,0.821597933769226,0.030665292355467822,4
sweden,F,Ficedula parva_Red-breasted Flycatcher,0.8089043499266941,0.793815851211548,0.7002854347229,0.996789515018463,0.07824612962590902,971
sweden,F,Fringilla coelebs_Common Chaffinch,0.725008301264749,0.711383700370789,0.500083684921265,0.998343944549561,0.14859491355872886,1861
sweden,F,Fulica atra_Eurasian Coot,0.876250059176714,0.9066150486469271,0.701197385787964,0.998721897602081,0.08890881290332046,78
sweden,F,Gallinago gallinago_Common Snipe,0.686672389507294,0.686672389507294,0.686672389507294,0.686672389507294,NA,1
sweden,F,Gallinula chloropus_Eurasian Moorhen,0.925295729915817,0.947269678115845,0.710942804813385,0.999871492385864,0.07965791422255543,77
sweden,F,Garrulus glandarius_Eurasian Jay,0.7852939351720651,0.793727695941925,0.531828463077545,0.998433768749237,0.13273804883461668,421
sweden,F,Gavia immer_Common Loon,0.8014117181301115,0.8014117181301115,0.794529557228088,0.808293879032135,0.00973284528607546,2
sweden,F,Gavia stellata_Red-throated Loon,0.875174800554911,0.883605062961578,0.805565774440765,0.93635356426239,0.06580017845561162,3
sweden,F,Glaucidium passerinum_Eurasian Pygmy-Owl,0.7900525629520417,0.8097292184829715,0.706864833831787,0.833886981010437,0.05852780076092903,4
sweden,F,Grus grus_Common Crane,0.840411346049825,0.830815255641937,0.704817950725555,0.990591585636139,0.07704901713291358,157
sweden,F,Haematopus ostralegus_Eurasian Oystercatcher,0.870729993690144,0.945917904376984,0.708452582359314,0.998086810112,0.11866879861112696,11
sweden,F,Hippolais icterina_Icterine Warbler,0.812064399321874,0.7963599562644961,0.71541303396225,0.910767316818237,0.0693822444689228,6
sweden,F,Hydroprogne caspia_Caspian Tern,0.8753612488508222,0.8625768721103665,0.801153600215912,0.975137650966644,0.07661901805038351,4
sweden,F,Ixobrychus minutus_Little Bittern,0.8148977955182394,0.848684847354889,0.73188054561615,0.864127993583679,0.07230850937020075,3
sweden,F,Lanius collurio_Red-backed Shrike,0.9006036818027495,0.9006036818027495,0.893754661083221,0.907452702522278,0.009685977990531582,2
sweden,F,Larus marinus_Great Black-backed Gull,0.8724586963653566,0.84796667098999,0.824623763561249,0.986261904239655,0.06612543975697353,5
sweden,F,Linaria cannabina_Eurasian Linnet,0.500895321369171,0.500895321369171,0.500895321369171,0.500895321369171,NA,1
sweden,F,Loxia curvirostra_Red Crossbill,0.781311511993408,0.781311511993408,0.781311511993408,0.781311511993408,NA,1
sweden,F,Loxia leucoptera_White-winged Crossbill,0.8873393833637235,0.8873393833637235,0.868467032909393,0.906211733818054,0.026689533966372237,2
sweden,F,Luscinia luscinia_Thrush Nightingale,0.8159790754318237,0.808407425880432,0.73292338848114,0.91328901052475,0.04545635085713351,10
sweden,F,Mareca penelope_Eurasian Wigeon,0.877125322818756,0.877125322818756,0.811928927898407,0.942321717739105,0.09220162591418993,2
sweden,F,Melanitta nigra_Common Scoter,0.9149249498523883,0.959111362695694,0.702161371707916,0.999729931354523,0.09423112717535487,134
sweden,F,Merops apiaster_European Bee-eater,0.5629124343395235,0.5629124343395235,0.512570977210999,0.613253891468048,0.07119357142078309,2
sweden,F,Milvus migrans_Black Kite,0.7905800342559814,0.7905800342559814,0.779490053653717,0.801670014858246,0.015683600974176943,2
sweden,F,Milvus milvus_Red Kite,0.8605983257293702,0.850208342075348,0.730230152606964,0.975752770900726,0.09722478315264486,5
sweden,F,Motacilla alba_White Wagtail,0.777178347110748,0.777178347110748,0.777178347110748,0.777178347110748,NA,1
sweden,F,Motacilla cinerea_Gray Wagtail,0.8284669637680054,0.8130520582199094,0.716358780860901,0.985509753227234,0.11628666789755239,10
sweden,F,Muscicapa striata_Spotted Flycatcher,0.8393544558755952,0.836443454027176,0.700572073459625,0.999156713485718,0.08670303314048451,442
sweden,F,Nucifraga caryocatactes_Eurasian Nutcracker,0.912325322628021,0.912325322628021,0.912325322628021,0.912325322628021,NA,1
sweden,F,Numenius arquata_Eurasian Curlew,0.8051820993423461,0.811726838350296,0.709577202796936,0.903442025184631,0.07196930638213224,18
sweden,F,Numenius phaeopus_Whimbrel,0.8784353335698447,0.892972707748413,0.787829697132111,0.95450359582901,0.08428255194707747,3
sweden,F,Nycticorax nycticorax_Black-crowned Night-Heron,0.8151640202850102,0.81374791264534,0.701626718044281,0.972344875335693,0.08589609195701302,32
sweden,F,Oriolus oriolus_Eurasian Golden Oriole,0.7793037694389537,0.7622331976890565,0.700932025909424,0.961886703968048,0.06534262234418556,118
sweden,F,Pandion haliaetus_Osprey,0.833727644335839,0.824142932891846,0.702885508537292,0.99637246131897,0.08732181952316566,93
sweden,F,Parus major_Great Tit,0.7441248257674092,0.741584002971649,0.500166833400726,0.997560858726501,0.15202678645002632,566
sweden,F,Periparus ater_Coal Tit,0.739204704761505,0.739204704761505,0.739204704761505,0.739204704761505,NA,1
sweden,F,Phasianus colchicus_Ring-necked Pheasant,0.8841164383021268,0.9539487957954409,0.578349530696869,0.996966302394867,0.1423993968016439,22
sweden,F,Phoenicurus ochruros_Black Redstart,0.7339311341444652,0.7313228249549866,0.714817523956299,0.762047827243805,0.01686677971921422,6
sweden,F,Phoenicurus phoenicurus_Common Redstart,0.7792922150004994,0.758713841438293,0.700920522212982,0.959163069725037,0.06134104827041544,99
sweden,F,Phylloscopus collybita_Common Chiffchaff,0.7131130577830183,0.698451429605484,0.500002384185791,0.998128473758698,0.1412729843923653,12508
sweden,F,Phylloscopus sibilatrix_Wood Warbler,0.8433639478115809,0.8489856123924255,0.703979790210724,0.997458875179291,0.0976724662217047,42
sweden,F,Phylloscopus trochilus_Willow Warbler,0.8105161569335244,0.793846964836121,0.728600144386292,0.901340544223785,0.060858179362868324,11
sweden,F,Picoides tridactylus_Eurasian Three-toed Woodpecker,0.885035395622253,0.885035395622253,0.885035395622253,0.885035395622253,NA,1
sweden,F,Picus canus_Gray-headed Woodpecker,0.7724384218454362,0.765297889709473,0.717288792133331,0.841869115829468,0.05195943282972493,4
sweden,F,Picus viridis_Eurasian Green Woodpecker,0.8783948848138865,0.892471969127655,0.702768206596375,0.998350262641907,0.08547740206277421,373
sweden,F,Pinicola enucleator_Pine Grosbeak,0.858595609664917,0.858595609664917,0.858595609664917,0.858595609664917,NA,1
sweden,F,Pluvialis squatarola_Black-bellied Plover,0.8118343154589334,0.778245687484741,0.707923650741577,0.949333608150482,0.12416053652805244,3
sweden,F,Podiceps cristatus_Great Crested Grebe,0.8568487614393236,0.8607725203037264,0.766541719436646,0.978584706783295,0.06918693833276995,8
sweden,F,Poecile palustris_Marsh Tit,0.909866199201467,0.899347007274628,0.846130430698395,0.983112156391144,0.03927839577209606,49
sweden,F,Porzana porzana_Spotted Crake,0.7789933813942803,0.769072353839874,0.701674401760101,0.915261209011078,0.062919129465014,18
sweden,F,Prunella modularis_Dunnock,0.6544139896120345,0.614501059055328,0.541941285133362,0.809943675994873,0.10624677755589647,7
sweden,F,Ptyonoprogne rupestris_Eurasian Crag-Martin,0.8344861567020416,0.8162244558334351,0.735771417617798,0.955717980861664,0.08784418256187963,8
sweden,F,Pyrrhula pyrrhula_Eurasian Bullfinch,0.8705168029134588,0.880470961332321,0.701965808868408,0.999406218528748,0.08919120646399754,258
sweden,F,Rallus aquaticus_Water Rail,0.8722360283136368,0.8700788915157316,0.782992720603943,0.965793609619141,0.09489328197210008,4
sweden,F,Regulus ignicapilla_Common Firecrest,0.8200640222605537,0.8102990090847015,0.702997028827667,0.977128148078918,0.08080347527182719,34
sweden,F,Regulus regulus_Goldcrest,0.7630511511521167,0.7491438090801239,0.660869002342224,0.954855740070343,0.07662244095192662,166
sweden,F,Scolopax rusticola_Eurasian Woodcock,0.9289199777587299,0.974662661552429,0.700517594814301,0.999995827674866,0.08722606075096202,722
sweden,F,Sitta europaea_Eurasian Nuthatch,0.7603437600418274,0.767382442951202,0.500221073627472,0.998699069023132,0.1471189639835648,709
sweden,F,Somateria spectabilis_King Eider,0.892659306526184,0.892659306526184,0.892659306526184,0.892659306526184,NA,1
sweden,F,Spinus spinus_Eurasian Siskin,0.912033935387929,0.912041068077087,0.876367092132568,0.947693645954132,0.03566327744573619,3
sweden,F,Sterna hirundo_Common Tern,0.7310944199562075,0.7310944199562075,0.717370986938477,0.744817852973938,0.019407865095993192,2
sweden,F,Streptopelia decaocto_Eurasian Collared-Dove,0.8064537247021992,0.789845526218414,0.729090392589569,0.875540614128113,0.05143914602742393,9
sweden,F,Streptopelia turtur_European Turtle-Dove,0.8381765186786655,0.8381765186786655,0.773117005825043,0.903236031532288,0.09200804543897971,2
sweden,F,Strix aluco_Tawny Owl,0.8797958140836805,0.893695831298828,0.700134038925171,0.99992847442627,0.08969907874760961,3919
sweden,F,Strix nebulosa_Great Gray Owl,0.7840215182304383,0.764781653881073,0.706910014152527,0.893304705619812,0.060428863765108955,25
sweden,F,Strix uralensis_Ural Owl,0.788775208450499,0.776982843875885,0.703529834747314,0.970567047595978,0.06482225255357876,21
sweden,F,Sylvia atricapilla_Eurasian Blackcap,0.7743311586403628,0.766870141029358,0.60817551612854,0.997159600257874,0.10563633634921206,2624
sweden,F,Sylvia borin_Garden Warbler,0.81795914083311,0.8110844492912295,0.700558006763458,0.991735994815826,0.07869940827503354,146
sweden,F,Tetrastes bonasia_Hazel Grouse,0.7874322393361259,0.758504450321198,0.703538954257965,0.966771304607391,0.08153319988304807,17
sweden,F,Tringa erythropus_Spotted Redshank,0.870147327582041,0.859707653522491,0.824979186058044,0.925755143165588,0.05119266039763533,3
sweden,F,Tringa glareola_Wood Sandpiper,0.776791453361511,0.776791453361511,0.776791453361511,0.776791453361511,NA,1
sweden,F,Tringa nebularia_Common Greenshank,0.9628551602363588,0.979446887969971,0.92627739906311,0.999516606330872,0.03377261594302522,7
sweden,F,Tringa ochropus_Green Sandpiper,0.8831555098295213,0.9451115131378175,0.702878773212433,0.990919351577759,0.11437041188582524,12
sweden,F,Troglodytes troglodytes_Eurasian Wren,0.7616476489462122,0.7676058113574985,0.500009119510651,0.99876606464386,0.14805018027028502,2192
sweden,F,Turdus iliacus_Redwing,0.7922769665718076,0.789587557315826,0.729982793331146,0.89607959985733,0.06449532866111528,5
sweden,F,Turdus merula_Eurasian Blackbird,0.7662520797697363,0.771264433860779,0.500316679477692,0.999729216098785,0.15959834410747276,5699
sweden,F,Turdus philomelos_Song Thrush,0.943487391660088,0.943571150302887,0.900290191173553,0.998104929924011,0.02493527039772455,76
sweden,F,Turdus viscivorus_Mistle Thrush,0.8285626557565505,0.800747931003571,0.755471408367157,0.953625202178955,0.05627989519762649,31
sweden,F,Tyto alba_Barn Owl,0.8396673128008841,0.861376792192459,0.741636335849762,0.905160665512085,0.06692009569046395,8
sweden,F,Vanellus vanellus_Northern Lapwing,0.767409801483154,0.767409801483154,0.767409801483154,0.767409801483154,NA,1
sweden,F,Zapornia parva_Little Crake,0.8502133190631864,0.8502133190631864,0.796450436115265,0.903976202011108,0.07603219821722776,2
sweden,G,Acanthis flammea_Common Redpoll,0.7813125120268929,0.760684192180634,0.71944135427475,0.912930905818939,0.06057330973383503,9
sweden,G,Acrocephalus arundinaceus_Great Reed Warbler,0.7424139976501464,0.720637738704681,0.700132250785828,0.835950016975403,0.055006723176449175,5
sweden,G,Acrocephalus dumetorum_Blyth's Reed Warbler,0.808275878429413,0.808275878429413,0.808275878429413,0.808275878429413,NA,1
sweden,G,Actitis hypoleucos_Common Sandpiper,0.8971083037780994,0.910902142524719,0.704891383647919,0.99964165687561,0.09674868637628894,33
sweden,G,Aegithalos caudatus_Long-tailed Tit,0.8837524354457855,0.8837524354457855,0.864164054393768,0.903340816497803,0.02770215414869529,2
sweden,G,Aegolius funereus_Boreal Owl,0.715906023979187,0.715906023979187,0.715906023979187,0.715906023979187,NA,1
sweden,G,Aix galericulata_Mandarin Duck,0.819878578186035,0.819878578186035,0.819878578186035,0.819878578186035,NA,1
sweden,G,Alauda arvensis_Eurasian Skylark,0.6605739976788525,0.632968246936798,0.500061869621277,0.996237397193909,0.11997030170365965,3485
sweden,G,Alcedo atthis_Common Kingfisher,0.791406814466443,0.779530107975006,0.703153431415558,0.970414817333221,0.07215959477430597,57
sweden,G,Anas acuta_Northern Pintail,0.736639022827148,0.736639022827148,0.736639022827148,0.736639022827148,NA,1
sweden,G,Anas crecca_Green-winged Teal,0.8523165272629779,0.8432181775569915,0.711224317550659,0.991611421108246,0.08797296420026178,46
sweden,G,Anas platyrhynchos_Mallard,0.7844115263885922,0.7785241007804871,0.701313018798828,0.949636697769165,0.06381211525583937,36
sweden,G,Anser albifrons_Greater White-fronted Goose,0.901778399944305,0.901778399944305,0.901778399944305,0.901778399944305,NA,1
sweden,G,Anser anser_Graylag Goose,0.9051094651222231,0.895093619823456,0.847503662109375,0.973147034645081,0.04229224229806515,7
sweden,G,Anser brachyrhynchus_Pink-footed Goose,0.7871391624212265,0.7329291105270386,0.720010757446289,0.96268767118454,0.11759647794615927,4
sweden,G,Anser caerulescens_Snow Goose,0.8240474700927735,0.833389937877655,0.710558295249939,0.923203468322754,0.08047167538546793,5
sweden,G,Anthus campestris_Tawny Pipit,0.8157330552736918,0.8197358548641205,0.710281908512115,0.950372993946075,0.07383139651715905,18
sweden,G,Anthus cervinus_Red-throated Pipit,0.9512097954750063,0.956653118133545,0.878721833229065,0.99499785900116,0.0452208187289836,5
sweden,G,Anthus pratensis_Meadow Pipit,0.7938826541642885,0.813046991825104,0.544106185436249,0.998449325561523,0.14548406482762397,185
sweden,G,Anthus rubescens_American Pipit,0.8002101566110339,0.770819187164307,0.708303451538086,0.968028843402863,0.08181259007937755,14
sweden,G,Anthus trivialis_Tree Pipit,0.8833457888569108,0.903467774391174,0.700166702270508,0.998784363269806,0.08785018325888641,811
sweden,G,Apus apus_Common Swift,0.9502852956139588,0.961389183998108,0.856105327606201,0.999861001968384,0.04064535959220712,632
sweden,G,Apus melba_Alpine Swift,0.822792828083038,0.822792828083038,0.822792828083038,0.822792828083038,NA,1
sweden,G,Ardea cinerea_Gray Heron,0.850572530816241,0.821326375007629,0.721435546875,0.996402859687805,0.1028682725468001,41
sweden,G,Ardea purpurea_Purple Heron,0.745103001594543,0.745103001594543,0.745103001594543,0.745103001594543,NA,1
sweden,G,Asio flammeus_Short-eared Owl,0.727586388587952,0.727586388587952,0.727586388587952,0.727586388587952,NA,1
sweden,G,Asio otus_Long-eared Owl,0.8906049960189395,0.917096883058548,0.716692864894867,0.993277728557587,0.09723176203600302,18
sweden,G,Athene noctua_Little Owl,0.782792198307374,0.763882279396057,0.702238142490387,0.962024927139282,0.07080237212269472,34
sweden,G,Botaurus stellaris_Great Bittern,0.833683400443106,0.821210145950317,0.700164616107941,0.997213423252106,0.09140723306808453,33
sweden,G,Branta bernicla_Brant,0.9224729054682964,0.961381673812866,0.706511318683624,0.999743640422821,0.0890257070489563,111
sweden,G,Branta canadensis_Canada Goose,0.701398253440857,0.701398253440857,0.701398253440857,0.701398253440857,NA,1
sweden,G,Branta leucopsis_Barnacle Goose,0.9371512826146751,0.9760758876800539,0.703011095523834,0.999892234802246,0.07857865624792132,290
sweden,G,Bucephala clangula_Common Goldeneye,0.8714944677693504,0.879667669534683,0.712943196296692,0.997013688087463,0.10561862390974965,14
sweden,G,Buteo buteo_Common Buzzard,0.80510413646698,0.7887357175350189,0.705487072467804,0.97955185174942,0.07568014734430296,20
sweden,G,Calcarius lapponicus_Lapland Longspur,0.7948760425343234,0.770676076412201,0.708472192287445,0.945627987384796,0.0725072311023112,17
sweden,G,Calidris alpina_Dunlin,0.803220528013566,0.789276719093323,0.708422958850861,0.99091774225235,0.08559847920100443,17
sweden,G,Calidris canutus_Red Knot,0.954744517803192,0.954744517803192,0.954744517803192,0.954744517803192,NA,1
sweden,G,Calidris falcinellus_Broad-billed Sandpiper,0.7644612669944763,0.754894375801086,0.724475920200348,0.806279838085175,0.03528703452472827,5
sweden,G,Caprimulgus europaeus_Eurasian Nightjar,0.7730361342430114,0.7617089748382565,0.702295541763306,0.90332555770874,0.06563074722874845,10
sweden,G,Carduelis carduelis_European Goldfinch,0.8459536902020487,0.845800995826721,0.709153234958649,0.998887598514557,0.08308432446968357,979
sweden,G,Cecropis daurica_Red-rumped Swallow,0.7607254683971405,0.7607254683971405,0.734184563159943,0.787266373634338,0.037534508144103876,2
sweden,G,Certhia brachydactyla_Short-toed Treecreeper,0.7754228611787162,0.7392440736293795,0.715036869049072,0.872125744819641,0.0735292364217896,6
sweden,G,Certhia familiaris_Eurasian Treecreeper,0.6249426007270812,0.617970287799835,0.517999768257141,0.785317480564117,0.10060767818380241,7
sweden,G,Cettia cetti_Cetti's Warbler,0.7670610249042515,0.7670610249042515,0.688829362392426,0.845292687416077,0.11063627813121846,2
sweden,G,Charadrius dubius_Little Ringed Plover,0.8216041667120796,0.828538060188293,0.726036489009857,0.85565584897995,0.04380092313943235,7
sweden,G,Charadrius hiaticula_Common Ringed Plover,0.8111174305280053,0.763513028621674,0.702278792858124,0.967560470104218,0.13890005896784144,3
sweden,G,Charadrius morinellus_Eurasian Dotterel,0.7731276392936706,0.745663940906525,0.709543526172638,0.93741899728775,0.09423292505255072,5
sweden,G,Chlidonias hybrida_Whiskered Tern,0.7620850279927254,0.7393100559711455,0.707204103469849,0.91366708278656,0.06692615674818639,8
sweden,G,Chloris chloris_European Greenfinch,0.8483387153063502,0.857003182172775,0.700651943683624,0.998097240924835,0.0865261956199619,280
sweden,G,Chroicocephalus ridibundus_Black-headed Gull,0.7760500868161518,0.76990008354187,0.701977431774139,0.936604142189026,0.06265691208166539,15
sweden,G,Cinclus cinclus_White-throated Dipper,0.796586553255717,0.7647889852523806,0.726589739322662,0.905008137226105,0.08003346225015054,6
sweden,G,Coccothraustes coccothraustes_Hawfinch,0.8659952914013582,0.8994216620922085,0.710452258586884,0.995872795581818,0.10315671120566845,34
sweden,G,Columba livia_Rock Pigeon,0.8700035015741984,0.877105414867401,0.825073719024658,0.907831370830536,0.041833420998334134,3
sweden,G,Columba oenas_Stock Dove,0.845308134953181,0.844575673341751,0.714675962924957,0.943587303161621,0.08772876103248459,6
sweden,G,Columba palumbus_Common Wood-Pigeon,0.8334733959376682,0.824659734964371,0.70157927274704,0.992010772228241,0.08051579301735048,918
sweden,G,Corvus corax_Common Raven,0.6780287254424322,0.660809814929962,0.527112066745758,0.913781464099884,0.10038586489432656,21
sweden,G,Corvus cornix_Hooded Crow,0.7797312842475044,0.7693836987018585,0.702094852924347,0.932277858257294,0.05844747385385555,90
sweden,G,Corvus corone_Carrion Crow,0.7684560971104459,0.753205120563507,0.70001882314682,0.9461669921875,0.05371601142934055,429
sweden,G,Corvus frugilegus_Rook,0.8733746494868,0.8853125870227815,0.700004577636719,0.999825179576874,0.08737366192002084,31828
sweden,G,Corvus monedula_Eurasian Jackdaw,0.7860849004333028,0.804992616176605,0.500009655952454,0.99992048740387,0.1478770810896488,16731
sweden,G,Coturnix coturnix_Common Quail,0.936778722900163,0.973809361457825,0.700825214385986,0.999993801116943,0.07835020936785124,553
sweden,G,Cuculus canorus_Common Cuckoo,0.6483211967409874,0.623313546180725,0.503966271877289,0.937812089920044,0.11378227517353584,49
sweden,G,Curruca communis_Greater Whitethroat,0.8921075623946036,0.906647562980652,0.727003216743469,0.999894380569458,0.07908445563237015,5569
sweden,G,Curruca curruca_Lesser Whitethroat,0.8623037945273464,0.872919499874115,0.70181006193161,0.999456822872162,0.09235245779236977,163
sweden,G,Curruca nisoria_Barred Warbler,0.721408784389496,0.721408784389496,0.721408784389496,0.721408784389496,NA,1
sweden,G,Cyanistes caeruleus_Eurasian Blue Tit,0.6807318788742664,0.659743249416351,0.500283181667328,0.988587737083435,0.12900360009998502,739
sweden,G,Cygnus cygnus_Whooper Swan,0.7932091610772269,0.7743039727211,0.711781144142151,0.867516875267029,0.06935792116033565,7
sweden,G,Delichon urbicum_Common House-Martin,0.7835583996403125,0.778469502925873,0.640664637088776,0.994211733341217,0.09481131795104614,129
sweden,G,Dendrocopos major_Great Spotted Woodpecker,0.7368031211735047,0.735202193260193,0.504073858261108,0.975491762161255,0.13096018631965098,97
sweden,G,Dryocopus martius_Black Woodpecker,0.839568018913269,0.839446902275085,0.820246696472168,0.859010457992554,0.019382164578095367,3
sweden,G,Egretta garzetta_Little Egret,0.7860948741436,0.7860948741436,0.778083741664886,0.794106006622314,0.011329452201364915,2
sweden,G,Emberiza cia_Rock Bunting,0.757607698440552,0.757607698440552,0.757607698440552,0.757607698440552,NA,1
sweden,G,Emberiza citrinella_Yellowhammer,0.8230468750000001,0.823955655097961,0.702408790588379,0.964763164520264,0.08561564092867295,20
sweden,G,Emberiza hortulana_Ortolan Bunting,0.7879455354478622,0.779529631137848,0.700066268444061,0.919743418693542,0.08756949365471252,9
sweden,G,Emberiza schoeniclus_Reed Bunting,0.8345783012253899,0.808075726032257,0.781867802143097,0.94096440076828,0.05882178422315827,7
sweden,G,Eremophila alpestris_Horned Lark,0.7627895805570812,0.741077661514282,0.705015122890472,0.901194632053375,0.06718238107741469,9
sweden,G,Erithacus rubecula_European Robin,0.8078169946869215,0.8022529780864716,0.636073291301727,0.984820008277893,0.1039975288710506,168
sweden,G,Falco columbarius_Merlin,0.8318901062011717,0.771642684936523,0.767036974430084,0.956990659236908,0.1083647286699071,3
sweden,G,Falco peregrinus_Peregrine Falcon,0.74822586774826,0.74822586774826,0.74822586774826,0.74822586774826,NA,1
sweden,G,Falco subbuteo_Eurasian Hobby,0.902731776237488,0.888407349586487,0.861981809139252,0.972130596637726,0.051955644940679904,4
sweden,G,Falco tinnunculus_Eurasian Kestrel,0.8655522926287218,0.8784057796001434,0.702601611614227,0.997466444969177,0.08419578536169511,462
sweden,G,Falco vespertinus_Red-footed Falcon,0.8025003910064697,0.777589023113251,0.73094916343689,0.89200359582901,0.07684054949988861,5
sweden,G,Ficedula hypoleuca_European Pied Flycatcher,0.8831054213884715,0.898471713066101,0.720673501491547,0.99642938375473,0.09307573502812427,37
sweden,G,Fringilla coelebs_Common Chaffinch,0.6918714446807975,0.6680628955364225,0.501790165901184,0.990627765655518,0.13028168135763268,134
sweden,G,Fringilla montifringilla_Brambling,0.8587344884872433,0.871681272983551,0.781399011611938,0.923123180866241,0.071743637064906,3
sweden,G,Fulica atra_Eurasian Coot,0.8824681009565082,0.911665976047516,0.702378571033478,0.999717533588409,0.10683745726871138,70
sweden,G,Galerida cristata_Crested Lark,0.7941579918066661,0.809679836034775,0.710046589374542,0.907186090946198,0.07321713975850365,6
sweden,G,Gallinago gallinago_Common Snipe,0.7219137450059255,0.7160161435604095,0.607392370700836,0.855307340621948,0.09428360172245165,6
sweden,G,Gallinago media_Great Snipe,0.84592616558075,0.84592616558075,0.84592616558075,0.84592616558075,NA,1
sweden,G,Gallinula chloropus_Eurasian Moorhen,0.903163017370762,0.950252413749695,0.701669037342072,0.999904274940491,0.10220870075768253,117
sweden,G,Garrulus glandarius_Eurasian Jay,0.6640067026019095,0.632107377052307,0.555838882923126,0.950991034507751,0.10854013028004279,16
sweden,G,Gavia stellata_Red-throated Loon,0.8201925357182821,0.811045080423355,0.704045295715332,0.950277626514435,0.07846536751252968,12
sweden,G,Grus grus_Common Crane,0.8616302969126866,0.852012664079666,0.701110422611237,0.990706503391266,0.08772444363106953,58
sweden,G,Gyps fulvus_Eurasian Griffon,0.8034115235010785,0.810144126415253,0.706589221954346,0.875581204891205,0.05375258075517883,9
sweden,G,Haematopus ostralegus_Eurasian Oystercatcher,0.9027710083412798,0.921888053417206,0.70384693145752,0.999350845813751,0.08509324372336216,219
sweden,G,Himantopus himantopus_Black-winged Stilt,0.84487920999527,0.84487920999527,0.84487920999527,0.84487920999527,NA,1
sweden,G,Hippolais icterina_Icterine Warbler,0.8370356689328733,0.829133629798889,0.700787603855133,0.996862053871155,0.08313939226042416,69
sweden,G,Hirundo rustica_Barn Swallow,0.8624314852631628,0.864271759986877,0.72303980588913,0.999564349651337,0.07788013399225441,9041
sweden,G,Hydrocoloeus minutus_Little Gull,0.7661979198455812,0.759374737739563,0.712562382221222,0.856687903404236,0.05731807044749329,5
sweden,G,Hydroprogne caspia_Caspian Tern,0.848422884941101,0.843236207962036,0.754433631896973,0.943608224391937,0.06741045808738726,5
sweden,G,Ixobrychus minutus_Little Bittern,0.8400491930189588,0.8393542766571045,0.700427770614624,0.991567194461823,0.09476954060850128,42
sweden,G,Jynx torquilla_Eurasian Wryneck,0.8422099649906161,0.8422099649906161,0.77909654378891,0.905323386192322,0.08925585623121825,2
sweden,G,Lagopus muta_Rock Ptarmigan,0.767513394355774,0.767513394355774,0.767513394355774,0.767513394355774,NA,1
sweden,G,Lanius collurio_Red-backed Shrike,0.8373863473534584,0.840541452169418,0.770291924476624,0.889104425907135,0.044338477451164496,8
sweden,G,Lanius excubitor_Great Gray Shrike,0.700337827205658,0.700337827205658,0.700337827205658,0.700337827205658,NA,1
sweden,G,Larus marinus_Great Black-backed Gull,0.83310353755950906,0.83310353755950906,0.83310353755950906,0.83310353755950906,NA,1
sweden,G,Linaria cannabina_Eurasian Linnet,0.7424691994299834,0.74323245882988,0.500386118888855,0.999401926994324,0.13720105022069312,1566
sweden,G,Locustella fluviatilis_River Warbler,0.8944152295589445,0.8944152295589445,0.878666877746582,0.910163581371307,0.022271532718065964,2
sweden,G,Locustella naevia_Common Grasshopper-Warbler,0.895636260509491,0.895636260509491,0.895636260509491,0.895636260509491,NA,1
sweden,G,Lophophanes cristatus_Crested Tit,0.8348697662353518,0.863215982913971,0.700227379798889,0.959171295166016,0.10393728643356064,5
sweden,G,Loxia leucoptera_White-winged Crossbill,0.832749754190445,0.832749754190445,0.793645739555359,0.871853768825531,0.055301427840174625,2
sweden,G,Loxia pytyopsittacus_Parrot Crossbill,0.859097242355347,0.859097242355347,0.859097242355347,0.859097242355347,NA,1
sweden,G,Lullula arborea_Wood Lark,0.745778813958168,0.7384198904037476,0.710493981838226,0.795781493186951,0.03912058905685014,4
sweden,G,Luscinia luscinia_Thrush Nightingale,0.7848577243941172,0.753999769687653,0.707343816757202,0.956564128398895,0.08842106719310154,7
sweden,G,Luscinia megarhynchos_Common Nightingale,0.731066584587097,0.731066584587097,0.731066584587097,0.731066584587097,NA,1
sweden,G,Luscinia svecica_Bluethroat,0.7359546422958372,0.71826896071434,0.705049872398376,0.802230775356293,0.04546365958186323,4
sweden,G,Mareca penelope_Eurasian Wigeon,0.8367798990673491,0.873696565628052,0.706799149513245,0.973775446414948,0.10450143612041636,9
sweden,G,Mareca strepera_Gadwall,0.8221428319811819,0.833116739988327,0.704259395599365,0.929584205150604,0.09322831082488492,8
sweden,G,Melanitta nigra_Common Scoter,0.8948603003797397,0.934370994567871,0.704682409763336,0.999969840049744,0.10676794456385441,71
sweden,G,Merops apiaster_European Bee-eater,0.6080510467290875,0.578927010297775,0.511440277099609,0.762909889221191,0.11973747408539255,4
sweden,G,Milvus migrans_Black Kite,0.7652722597122195,0.7652722597122195,0.711107969284058,0.819436550140381,0.07659987411982122,2
sweden,G,Milvus milvus_Red Kite,0.8722034466677698,0.882531315088272,0.710666537284851,0.999358594417572,0.09218825965950829,58
sweden,G,Motacilla alba_White Wagtail,0.8651622744505866,0.8796516954898834,0.688120305538177,0.998701333999634,0.09025864197324938,1140
sweden,G,Motacilla cinerea_Gray Wagtail,0.8181942450372797,0.8046041131019595,0.709263026714325,0.97116607427597,0.07458898232380051,38
sweden,G,Motacilla citreola_Citrine Wagtail,0.8054687857627867,0.786361515522003,0.710009157657623,0.932162761688232,0.07258932774704575,10
sweden,G,Motacilla flava_Western Yellow Wagtail,0.8161283680266398,0.804436266422272,0.700181901454926,0.99298369884491,0.07916241915681045,489
sweden,G,Muscicapa striata_Spotted Flycatcher,0.7879762768745423,0.773907899856567,0.70005738735199,0.961018919944763,0.07706077062756529,25
sweden,G,Nucifraga caryocatactes_Eurasian Nutcracker,0.7871455748875936,0.767336428165436,0.704187393188477,0.889912903308868,0.09443406693436876,3
sweden,G,Numenius arquata_Eurasian Curlew,0.8665725417333108,0.873688995838165,0.704545497894287,0.993148505687714,0.08417742434035994,73
sweden,G,Numenius phaeopus_Whimbrel,0.8969298377633095,0.9165417551994319,0.721704661846161,0.993093252182007,0.089585895917633,8
sweden,G,Nycticorax nycticorax_Black-crowned Night-Heron,0.8186232829093933,0.801769375801086,0.702148675918579,0.986251413822174,0.09447772492260613,25
sweden,G,Oriolus oriolus_Eurasian Golden Oriole,0.735831558704376,0.735831558704376,0.735831558704376,0.735831558704376,NA,1
sweden,G,Pandion haliaetus_Osprey,0.7822644412517546,0.752324640750885,0.705502390861511,0.941863656044006,0.08870728533788426,6
sweden,G,Panurus biarmicus_Bearded Reedling,0.8322714443008106,0.8210244178771975,0.704461872577667,0.974123597145081,0.08315735123419307,48
sweden,G,Parus major_Great Tit,0.7258443910390167,0.711143016815186,0.500238180160522,0.998046398162842,0.1449104019145104,1047
sweden,G,Passer domesticus_House Sparrow,0.7920178214708964,0.78888612985611,0.702519118785858,0.928835391998291,0.08045416538850009,15
sweden,G,Passer montanus_Eurasian Tree Sparrow,0.8228541137380961,0.802223980426788,0.701480031013489,0.998685896396637,0.0886014206744752,449
sweden,G,Perdix perdix_Gray Partridge,0.9282294353113794,0.966530442237854,0.702222228050232,0.99995231628418,0.08231024920555464,1202
sweden,G,Phasianus colchicus_Ring-necked Pheasant,0.7622246649116278,0.7532928287982945,0.522025883197784,0.993655204772949,0.13746867166295934,128
sweden,G,Phoenicopterus roseus_Greater Flamingo,0.7929139882326125,0.7650021910667419,0.726158797740936,0.91549277305603,0.08581309079656613,4
sweden,G,Phoenicurus ochruros_Black Redstart,0.791688124338786,0.781601190567017,0.758163452148438,0.835299730300903,0.03954505059410912,3
sweden,G,Phoenicurus phoenicurus_Common Redstart,0.8856444825827335,0.9054934084415436,0.700016677379608,0.999736368656158,0.08715275436053942,3224
sweden,G,Phylloscopus collybita_Common Chiffchaff,0.7379311785638769,0.738847881555557,0.500100672245026,0.997110605239868,0.13636897821536095,13378
sweden,G,Phylloscopus trochilus_Willow Warbler,0.8247493346532186,0.81331741809845,0.733199119567871,0.966710031032562,0.06571608716367842,15
sweden,G,Pica pica_Eurasian Magpie,0.8490653256508627,0.865124702453613,0.64008092880249,0.999837875366211,0.10431049991121545,2087
sweden,G,Picus viridis_Eurasian Green Woodpecker,0.8352715373039243,0.788706541061401,0.738591432571411,0.978516638278961,0.12655927559745353,3
sweden,G,Pinicola enucleator_Pine Grosbeak,0.833124190568924,0.833124190568924,0.823384761810303,0.842863619327545,0.013773632240208446,2
sweden,G,Plectrophenax nivalis_Snow Bunting,0.76697701215744,0.76697701215744,0.712108731269836,0.821845293045044,0.07759546697534603,2
sweden,G,Pluvialis apricaria_European Golden-Plover,0.8250211690153394,0.818570017814636,0.702606081962585,0.968277812004089,0.10161404119016904,14
sweden,G,Pluvialis squatarola_Black-bellied Plover,0.7904316633939744,0.7873075008392335,0.712092161178589,0.928198337554932,0.06340210247706395,8
sweden,G,Podiceps cristatus_Great Crested Grebe,0.9910083711147311,0.9910083711147311,0.989489257335663,0.992527484893799,0.00214835130914588,2
sweden,G,Porzana porzana_Spotted Crake,0.8039413346184625,0.803100824356079,0.700100779533386,0.970640957355499,0.08264671906012339,45
sweden,G,Prunella modularis_Dunnock,0.6798996193842454,0.6458373665809629,0.501900792121887,0.977631390094757,0.1333442649886841,88
sweden,G,Pyrrhocorax pyrrhocorax_Red-billed Chough,0.8101286603056866,0.7697348594665525,0.700500309467316,0.974992096424103,0.08356131222321302,46
sweden,G,Pyrrhula pyrrhula_Eurasian Bullfinch,0.7960317929585774,0.776045262813568,0.719603359699249,0.892446756362915,0.08813799398095223,3
sweden,G,Rallus aquaticus_Water Rail,0.8132879746721146,0.789823114871979,0.700280666351318,0.996598780155182,0.0826504045456921,47
sweden,G,Regulus ignicapilla_Common Firecrest,0.8662136991818746,0.870219171047211,0.854084014892578,0.874337911605835,0.010704575501430265,3
sweden,G,Regulus regulus_Goldcrest,0.8559986352920533,0.870161533355713,0.751398265361786,0.9369997382164,0.07999890560835335,6
sweden,G,Remiz pendulinus_Eurasian Penduline-Tit,0.8015298744042715,0.7969084084033965,0.744858026504517,0.867237389087677,0.04696783924935112,6
sweden,G,Riparia riparia_Bank Swallow,0.7900798718134563,0.802225232124329,0.707154214382172,0.860860168933868,0.07756940407772062,3
sweden,G,Saxicola rubetra_Whinchat,0.8410835713148115,0.8456336855888364,0.71905106306076,0.949626564979553,0.09043693109877257,8
sweden,G,Saxicola rubicola_European Stonechat,0.7687985077500343,0.7642723619937895,0.710644900798798,0.877556025981903,0.04896993043602693,8
sweden,G,Scolopax rusticola_Eurasian Woodcock,0.8417915751536686,0.803798198699951,0.707735240459442,0.973294258117676,0.10217373076164372,12
sweden,G,Serinus serinus_European Serin,0.7985876219613212,0.78197193145752,0.700548052787781,0.981798350811005,0.07043035817185857,35
sweden,G,Spinus spinus_Eurasian Siskin,0.9069543055125643,0.914648652076721,0.871210396289825,0.93166971206665,0.025134398364012798,7
sweden,G,Stercorarius skua_Great Skua,0.835495173931122,0.835495173931122,0.835495173931122,0.835495173931122,NA,1
sweden,G,Sterna hirundo_Common Tern,0.778837919235229,0.778837919235229,0.778837919235229,0.778837919235229,NA,1
sweden,G,Sternula albifrons_Little Tern,0.7972457826137543,0.7840550541877744,0.712266862392426,0.971004843711853,0.061392196156856454,20
sweden,G,Streptopelia decaocto_Eurasian Collared-Dove,0.7862157728157791,0.790008723735809,0.700119614601135,0.974555552005768,0.062082200430208054,51
sweden,G,Streptopelia turtur_European Turtle-Dove,0.782186806201935,0.782186806201935,0.733961939811707,0.830411672592163,0.06820026009269087,2
sweden,G,Strix aluco_Tawny Owl,0.8361018257858479,0.82146292924881,0.70031327009201,0.996995687484741,0.09223855793223891,565
sweden,G,Sturnus vulgaris_European Starling,0.8364305159320001,0.843296229839325,0.714074432849884,0.989642322063446,0.08224179806229404,23
sweden,G,Sylvia atricapilla_Eurasian Blackcap,0.6506363451480865,0.6506363451480865,0.641485095024109,0.659787595272064,0.01294182203799744,2
sweden,G,Sylvia borin_Garden Warbler,0.8282425141916042,0.822039932012558,0.700335144996643,0.990482568740845,0.08180984467589074,164
sweden,G,Tachybaptus ruficollis_Little Grebe,0.9116134312417772,0.955611824989319,0.717402935028076,0.999761044979095,0.0904734567154655,27
sweden,G,Tadorna tadorna_Common Shelduck,0.7610140740871429,0.7610140740871429,0.720531642436981,0.801496505737305,0.057250803877500964,2
sweden,G,Thalasseus sandvicensis_Sandwich Tern,0.7553296089172364,0.760277509689331,0.718651056289673,0.785434007644653,0.026583735075590535,5
sweden,G,Tringa erythropus_Spotted Redshank,0.8951901538031443,0.958870649337769,0.703344464302063,0.992822229862213,0.12188330952642892,7
sweden,G,Tringa glareola_Wood Sandpiper,0.8161703596512478,0.8330516815185549,0.700694739818573,0.929910778999329,0.07111388613677092,12
sweden,G,Tringa nebularia_Common Greenshank,0.960407793521881,0.960407793521881,0.960407793521881,0.960407793521881,NA,1
sweden,G,Tringa ochropus_Green Sandpiper,0.8636631471546072,0.8746947050094604,0.7100430727005,0.997856795787811,0.0898819609436411,76
sweden,G,Tringa totanus_Common Redshank,0.8709089994430542,0.910688459873199,0.714052796363831,0.967130780220032,0.10577680720718204,5
sweden,G,Troglodytes troglodytes_Eurasian Wren,0.564902341365814,0.561567366123199,0.508487582206726,0.626581490039825,0.046290843351836974,5
sweden,G,Turdus iliacus_Redwing,0.8252081715542336,0.815427541732788,0.706764996051788,0.97544527053833,0.07788582324925325,69
sweden,G,Turdus merula_Eurasian Blackbird,0.6981734929360047,0.668605506420135,0.50020432472229,0.997611045837402,0.14410498725368776,2685
sweden,G,Turdus philomelos_Song Thrush,0.9462359655987133,0.946667820215225,0.903220295906067,0.99390172958374,0.02632285516854821,22
sweden,G,Turdus pilaris_Fieldfare,0.8021542429924011,0.767649322748184,0.706690967082977,0.974534153938293,0.09008842262217437,10
sweden,G,Turdus torquatus_Ring Ouzel,0.855231463909149,0.855231463909149,0.855231463909149,0.855231463909149,NA,1
sweden,G,Turdus viscivorus_Mistle Thrush,0.858333134651184,0.838932931423187,0.763993740081787,0.998606026172638,0.1022308023149099,5
sweden,G,Tyto alba_Barn Owl,0.8162114378064872,0.806279182434082,0.703990578651428,0.966200649738312,0.074270748012996,32
sweden,G,Vanellus vanellus_Northern Lapwing,0.794901490211487,0.767400532960892,0.705139517784119,0.940363764762878,0.08317620630213682,10
sweden,W,Acanthis flammea_Common Redpoll,0.7632612586021426,0.7632612586021426,0.709388911724091,0.817133605480194,0.07618700359180827,2
sweden,W,Accipiter gentilis_Northern Goshawk,0.74201887845993,0.74201887845993,0.74201887845993,0.74201887845993,NA,1
sweden,W,Acrocephalus arundinaceus_Great Reed Warbler,0.7362063229084015,0.735667705535889,0.709759414196014,0.763730466365814,0.025763151782988537,4
sweden,W,Acrocephalus dumetorum_Blyth's Reed Warbler,0.7209703028202055,0.7209703028202055,0.71082729101181,0.731113314628601,0.014344384862743365,2
sweden,W,Acrocephalus paludicola_Aquatic Warbler,0.885498046875,0.885498046875,0.885498046875,0.885498046875,NA,1
sweden,W,Acrocephalus palustris_Marsh Warbler,0.8550899624824524,0.84782886505127,0.720934987068176,0.964010775089264,0.07411999745689014,23
sweden,W,Acrocephalus schoenobaenus_Sedge Warbler,0.8543070487665068,0.855346381664276,0.700118243694305,0.999822795391083,0.08597771501724404,4017
sweden,W,Acrocephalus scirpaceus_Eurasian Reed Warbler,0.737279236316681,0.737279236316681,0.737279236316681,0.737279236316681,NA,1
sweden,W,Actitis hypoleucos_Common Sandpiper,0.883798745545474,0.9006752073764805,0.718682825565338,0.999350845813751,0.0909310589908505,22
sweden,W,Aegithalos caudatus_Long-tailed Tit,0.9217897788959346,0.937875509262085,0.789742648601532,0.999803364276886,0.06453771681279545,317
sweden,W,Aegolius funereus_Boreal Owl,0.761105120182037,0.7436203956604,0.732258856296539,0.807436108589172,0.04052396216148789,3
sweden,W,Aix galericulata_Mandarin Duck,0.840124825636546,0.842005848884583,0.820664584636688,0.857704043388367,0.018591236174581683,3
sweden,W,Alauda arvensis_Eurasian Skylark,0.6528678444715647,0.614956557750702,0.50798898935318,0.928082168102264,0.1325689178607771,13
sweden,W,Alcedo atthis_Common Kingfisher,0.8783648564960017,0.9005061984062195,0.705950200557709,0.997335135936737,0.09266527643857436,66
sweden,W,Alopochen aegyptiaca_Egyptian Goose,0.7345248162746429,0.7345248162746429,0.720258057117462,0.748791575431824,0.020176244291195848,2
sweden,W,Anas crecca_Green-winged Teal,0.8808983775126443,0.893946588039398,0.700156509876251,0.998441755771637,0.08459888813227351,461
sweden,W,Anas platyrhynchos_Mallard,0.8174085925228203,0.8102169930934905,0.700155854225159,0.99653023481369,0.07521207440661781,2998
sweden,W,Anser albifrons_Greater White-fronted Goose,0.8073959052562714,0.8110673427581785,0.715574741363525,0.896640479564667,0.07018536058303308,8
sweden,W,Anser anser_Graylag Goose,0.9197982837549082,0.921594083309174,0.835033237934113,0.99989640712738,0.04668022433789564,9580
sweden,W,Anser brachyrhynchus_Pink-footed Goose,0.808658384851047,0.780812203884125,0.702326118946075,0.975930750370026,0.08780369440079873,28
sweden,W,Anser caerulescens_Snow Goose,0.8137348373730978,0.779341816902161,0.70618349313736,0.97962498664856,0.08221436880837144,15
sweden,W,Anthus campestris_Tawny Pipit,0.797292768955231,0.797292768955231,0.797292768955231,0.797292768955231,NA,1
sweden,W,Anthus pratensis_Meadow Pipit,0.7849705815315247,0.792108118534088,0.545284032821655,0.99012553691864,0.13711898422841393,156
sweden,W,Anthus rubescens_American Pipit,0.8339968820412955,0.8484891653060915,0.707505822181702,0.955060660839081,0.08973368326346973,6
sweden,W,Anthus spinoletta_Water Pipit,0.789903789758682,0.789903789758682,0.758700907230377,0.821106672286987,0.04412753965666342,2
sweden,W,Anthus trivialis_Tree Pipit,0.8781813235448542,0.891753137111664,0.70027095079422,0.999433219432831,0.08805763908455895,1756
sweden,W,Apus apus_Common Swift,0.9129912331700325,0.9023181200027465,0.877665817737579,0.989697515964508,0.03023317721522902,24
sweden,W,Apus melba_Alpine Swift,0.827804088592529,0.827804088592529,0.827804088592529,0.827804088592529,NA,1
sweden,W,Ardea alba_Great Egret,0.7262773315111797,0.723791003227234,0.703669309616089,0.755838632583618,0.021073120805348854,6
sweden,W,Ardea cinerea_Gray Heron,0.8893272011976199,0.915188550949097,0.700375020503998,0.998597085475922,0.08754177102011065,661
sweden,W,Ardea purpurea_Purple Heron,0.7595211863517766,0.756233930587769,0.714837431907654,0.810779452323914,0.051397424465784505,4
sweden,W,Asio flammeus_Short-eared Owl,0.831808865070343,0.831808865070343,0.819631338119507,0.843986392021179,0.017221623770036176,2
sweden,W,Asio otus_Long-eared Owl,0.8025770982106527,0.7792387008666994,0.710931658744812,0.972150981426239,0.08099143752209173,18
sweden,W,Athene noctua_Little Owl,0.8437672362245362,0.8405590057373045,0.700195252895355,0.996335744857788,0.08900545517169442,580
sweden,W,Aythya ferina_Common Pochard,0.718547224998474,0.718547224998474,0.718547224998474,0.718547224998474,NA,1
sweden,W,Bombycilla garrulus_Bohemian Waxwing,0.782903909683228,0.782903909683228,0.782903909683228,0.782903909683228,NA,1
sweden,W,Botaurus stellaris_Great Bittern,0.8158071228261694,0.800230026245117,0.700882494449615,0.992916941642761,0.07936515145283385,293
sweden,W,Branta bernicla_Brant,0.8665153215060363,0.895665466785431,0.702303230762482,0.999094128608704,0.10230155128779275,74
sweden,W,Branta canadensis_Canada Goose,0.7271918853123986,0.712448120117188,0.70463240146637,0.764495134353638,0.03254106108106694,3
sweden,W,Branta leucopsis_Barnacle Goose,0.8955277079991312,0.919816613197327,0.700534641742706,0.999958634376526,0.09003736129352918,2513
sweden,W,Bubo bubo_Eurasian Eagle-Owl,0.8165972278668331,0.80536013841629,0.704744577407837,0.944530308246613,0.07440518905972489,13
sweden,W,Bucephala clangula_Common Goldeneye,0.8882931578354758,0.91151225566864,0.71625816822052,0.998705506324768,0.08728340613632832,61
sweden,W,Buteo buteo_Common Buzzard,0.8485562772285647,0.8633365631103516,0.700129389762878,0.991620063781738,0.08206280510510883,246
sweden,W,Calcarius lapponicus_Lapland Longspur,0.725256025791168,0.725256025791168,0.725256025791168,0.725256025791168,NA,1
sweden,W,Calidris alba_Sanderling,0.735537827014923,0.735537827014923,0.735537827014923,0.735537827014923,NA,1
sweden,W,Calidris alpina_Dunlin,0.8806591417108265,0.887735694646835,0.705687940120697,0.999328136444092,0.10738231860511768,14
sweden,W,Calidris falcinellus_Broad-billed Sandpiper,0.7830093055963515,0.7854658663272855,0.702034115791321,0.859071373939514,0.0746470403951245,4
sweden,W,Caprimulgus europaeus_Eurasian Nightjar,0.7988131396910724,0.7799645364284515,0.702013075351715,0.987185418605804,0.07462560232403359,136
sweden,W,Carduelis carduelis_European Goldfinch,0.8719777572994055,0.879858314990997,0.709118545055389,0.999311923980713,0.08394428037003972,3765
sweden,W,Carpodacus erythrinus_Common Rosefinch,0.7629905343055726,0.751258969306946,0.715055584907532,0.873784005641937,0.06420636804121178,5
sweden,W,Certhia brachydactyla_Short-toed Treecreeper,0.763577848672867,0.763577848672867,0.702571272850037,0.824584424495697,0.0862763269225888,2
sweden,W,Certhia familiaris_Eurasian Treecreeper,0.7116719676979951,0.6957079172134399,0.501380681991577,0.998277306556702,0.14126634596552723,560
sweden,W,Cettia cetti_Cetti's Warbler,0.7404311939522072,0.721680760383606,0.639665424823761,0.981863498687744,0.09587949121484789,27
sweden,W,Charadrius dubius_Little Ringed Plover,0.8633366458175719,0.871969103813171,0.700605928897858,0.998393595218658,0.08725990081458335,129
sweden,W,Charadrius hiaticula_Common Ringed Plover,0.8438402262139827,0.85012423992157,0.700192809104919,0.996342837810516,0.09410173413214008,47
sweden,W,Charadrius morinellus_Eurasian Dotterel,0.775591537356377,0.7771660387516025,0.739747226238251,0.808286845684052,0.036704982329432694,4
sweden,W,Chlidonias hybrida_Whiskered Tern,0.7779858708381655,0.7779858708381655,0.748999655246735,0.806972086429596,0.04099269921127147,2
sweden,W,Chloris chloris_European Greenfinch,0.7783912099324739,0.766379773616791,0.700334012508392,0.866353332996368,0.06260037591877791,13
sweden,W,Chroicocephalus ridibundus_Black-headed Gull,0.7977821645529374,0.793899983167648,0.700437247753143,0.964685499668121,0.06711983894877285,46
sweden,W,Ciconia ciconia_White Stork,0.747579216957092,0.747579216957092,0.747579216957092,0.747579216957092,NA,1
sweden,W,Circaetus gallicus_Short-toed Snake-Eagle,0.800751268863678,0.800751268863678,0.800751268863678,0.800751268863678,NA,1
sweden,W,Circus aeruginosus_Eurasian Marsh-Harrier,0.7937821082530484,0.7773015797138215,0.701524555683136,0.968002498149872,0.07185994766447823,62
sweden,W,Circus pygargus_Montagu's Harrier,0.830152153968811,0.830152153968811,0.775452077388763,0.884852230548859,0.07735759016235078,2
sweden,W,Clanga clanga_Greater Spotted Eagle,0.935668647289276,0.935668647289276,0.935668647289276,0.935668647289276,NA,1
sweden,W,Coccothraustes coccothraustes_Hawfinch,0.8327313653180297,0.839377284049988,0.702296316623688,0.997332811355591,0.08122394543375257,71
sweden,W,Columba livia_Rock Pigeon,0.820181143283844,0.840855956077576,0.710361480712891,0.948072493076324,0.09350023352902931,5
sweden,W,Columba palumbus_Common Wood-Pigeon,0.8567337678620335,0.8561374843120575,0.701085090637207,0.999281585216522,0.08738524032241606,1132
sweden,W,Corvus corax_Common Raven,0.75490719788558,0.759960472583771,0.502967357635498,0.992372930049896,0.13898626501302785,286
sweden,W,Corvus cornix_Hooded Crow,0.7891935176869151,0.7766974568367,0.70035058259964,0.981529116630554,0.06625168184187978,723
sweden,W,Corvus corone_Carrion Crow,0.7710856521936288,0.7567860782146455,0.70008248090744,0.951967239379883,0.05604684399048819,266
sweden,W,Corvus frugilegus_Rook,0.8343921451838283,0.8297781944274905,0.700051069259644,0.999270975589752,0.0819097469758265,3554
sweden,W,Corvus monedula_Eurasian Jackdaw,0.7378350290383255,0.730603098869324,0.500010669231415,0.999629497528076,0.1466796007630045,5691
sweden,W,Coturnix coturnix_Common Quail,0.9324398854199577,0.967124104499817,0.715796887874603,0.999708831310272,0.07627568320959764,85
sweden,W,Crex crex_Corn Crake,0.8277628183364868,0.800932466983795,0.701465010643005,0.950488328933716,0.09822181736138169,5
sweden,W,Cuculus canorus_Common Cuckoo,0.730838473357076,0.7161131501197815,0.500304400920868,0.999989867210388,0.14956504892772768,2830
sweden,W,Curruca communis_Greater Whitethroat,0.9223274463606702,0.9531735181808475,0.727010607719421,0.999908447265625,0.07813962532275263,26822
sweden,W,Curruca curruca_Lesser Whitethroat,0.8947732812747841,0.919996678829193,0.700007319450378,0.999725639820099,0.08838783998009828,6159
sweden,W,Curruca nisoria_Barred Warbler,0.751386562983195,0.755644261837006,0.71124255657196,0.787272870540619,0.038193561763607796,3
sweden,W,Cyanistes caeruleus_Eurasian Blue Tit,0.6950589432842313,0.678401112556458,0.50030642747879,0.997437357902527,0.13460803068451216,1363
sweden,W,Cygnus columbianus_Tundra Swan,0.7824168602625529,0.7874024510383605,0.707442820072174,0.852869153022766,0.060101849492045306,6
sweden,W,Cygnus cygnus_Whooper Swan,0.8971004929807451,0.9292801320552825,0.712861776351929,0.999699473381042,0.0906797128043105,90
sweden,W,Cygnus olor_Mute Swan,0.9001959524687054,0.932483434677124,0.703533589839935,0.999755799770355,0.09019004396972381,206
sweden,W,Delichon urbicum_Common House-Martin,0.7455301086107889,0.760114789009094,0.65760737657547,0.818868160247803,0.08161369226051637,3
sweden,W,Dendrocopos leucotos_White-backed Woodpecker,0.724491059780121,0.724491059780121,0.724491059780121,0.724491059780121,NA,1
sweden,W,Dendrocopos major_Great Spotted Woodpecker,0.7660351939962812,0.7773053348064425,0.500396132469177,0.997638821601868,0.13732013565033185,1672
sweden,W,Dendrocoptes medius_Middle Spotted Woodpecker,0.7396504580974574,0.7396504580974574,0.733780205249786,0.745520710945129,0.008301791191736251,2
sweden,W,Dryobates minor_Lesser Spotted Woodpecker,0.8826673030853271,0.891557931900024,0.71606832742691,0.997879266738892,0.07706558619183998,15
sweden,W,Dryocopus martius_Black Woodpecker,0.9403932805765759,0.9719250798225405,0.70305198431015,0.999966740608215,0.0739689294091571,704
sweden,W,Egretta garzetta_Little Egret,0.7667290080677378,0.749595582485199,0.710566639900208,0.882962465286255,0.05122352041178055,11
sweden,W,Emberiza calandra_Corn Bunting,0.7943033576011657,0.787381291389465,0.772828221321106,0.822700560092926,0.025646613696980985,3
sweden,W,Emberiza cia_Rock Bunting,0.8069193462530772,0.814757227897644,0.707643330097198,0.905478358268738,0.08005803991666781,6
sweden,W,Emberiza citrinella_Yellowhammer,0.847957398335139,0.8483230769634245,0.700242042541504,0.9988032579422,0.0855671258877173,2250
sweden,W,Emberiza schoeniclus_Reed Bunting,0.8988681296521579,0.906134784221649,0.771049678325653,0.999762117862701,0.06562884999770008,4239
sweden,W,Eremophila alpestris_Horned Lark,0.724939405918121,0.724939405918121,0.724939405918121,0.724939405918121,NA,1
sweden,W,Erithacus rubecula_European Robin,0.8137654898117999,0.81509530544281,0.63547670841217,0.992728233337402,0.10416324369313129,245
sweden,W,Falco columbarius_Merlin,0.822213292121887,0.822213292121887,0.822213292121887,0.822213292121887,NA,1
sweden,W,Falco peregrinus_Peregrine Falcon,0.8314696475863458,0.824865758419037,0.706251978874207,0.934540450572968,0.083466923128945,8
sweden,W,Falco subbuteo_Eurasian Hobby,0.8789432096080138,0.8992310464382169,0.700438797473907,0.996100902557373,0.08684598267772123,416
sweden,W,Falco tinnunculus_Eurasian Kestrel,0.8835433890873735,0.9265280067920685,0.704102456569672,0.997929453849792,0.08958482855615069,88
sweden,W,Falco vespertinus_Red-footed Falcon,0.809895177682241,0.829736948013306,0.76004821062088,0.839900374412537,0.043466813811866296,3
sweden,W,Ficedula albicollis_Collared Flycatcher,0.765118211507797,0.765118211507797,0.75148993730545,0.778746485710144,0.019273290208698536,2
sweden,W,Ficedula hypoleuca_European Pied Flycatcher,0.8083995878696442,0.7785115540027621,0.707758843898773,0.976942777633667,0.07855622408292996,12
sweden,W,Ficedula parva_Red-breasted Flycatcher,0.756388366222382,0.756388366222382,0.756388366222382,0.756388366222382,NA,1
sweden,W,Fratercula arctica_Atlantic Puffin,0.8213297756942544,0.800355970859528,0.704348921775818,0.977370500564575,0.0773822083021643,37
sweden,W,Fringilla coelebs_Common Chaffinch,0.7182674541769064,0.705193996429443,0.50009572505950906,0.999622941017151,0.14108935859376967,9773
sweden,W,Fringilla montifringilla_Brambling,0.7893756747245788,0.795981645584106,0.731087803840637,0.842614114284515,0.042763991751147507,5
sweden,W,Fulica atra_Eurasian Coot,0.905717940785777,0.931669235229492,0.700564861297607,0.998834788799286,0.08267587524119781,199
sweden,W,Fulmarus glacialis_Northern Fulmar,0.715862452983856,0.715862452983856,0.715862452983856,0.715862452983856,NA,1
sweden,W,Galerida cristata_Crested Lark,0.8585593104362488,0.864299863576889,0.764623522758484,0.941013991832733,0.07258955650652747,4
sweden,W,Gallinago gallinago_Common Snipe,0.8394284257813106,0.859115540981293,0.5909743309021,0.990680396556854,0.10977770103499038,315
sweden,W,Gallinago media_Great Snipe,0.7741966942946117,0.7576102316379549,0.708589494228363,0.867542266845703,0.06485243487959007,6
sweden,W,Gallinula chloropus_Eurasian Moorhen,0.9085429754911685,0.950992107391357,0.701501607894897,0.999681115150452,0.09448580882897066,153
sweden,W,Garrulus glandarius_Eurasian Jay,0.7848509152730306,0.8000403046607975,0.553605318069458,0.992760300636292,0.1543718769434909,30
sweden,W,Gavia arctica_Arctic Loon,0.955324947834015,0.955324947834015,0.955324947834015,0.955324947834015,NA,1
sweden,W,Gavia immer_Common Loon,0.7907499223947525,0.787976235151291,0.702838659286499,0.884208559989929,0.08845447540521434,4
sweden,W,Gavia stellata_Red-throated Loon,0.7682853426252093,0.76448667049408,0.704661428928375,0.832657694816589,0.043759345312664705,7
sweden,W,Grus grus_Common Crane,0.9034891790363021,0.930898129940033,0.700537919998169,0.999771296977997,0.08708304255066392,2791
sweden,W,Haematopus ostralegus_Eurasian Oystercatcher,0.8786626796875889,0.89093154668808,0.700143992900848,0.999947428703308,0.08675559365638146,901
sweden,W,Haliaeetus albicilla_White-tailed Eagle,0.8830032883463679,0.889508605003357,0.707948505878448,0.999582588672638,0.08606947941465144,185
sweden,W,Himantopus himantopus_Black-winged Stilt,0.7619467079639435,0.7619467079639435,0.757076680660248,0.766816735267639,0.006887258662013469,2
sweden,W,Hippolais icterina_Icterine Warbler,0.8571251686104757,0.864070326089859,0.7000412940979,0.998810887336731,0.08191216155522299,334
sweden,W,Hirundo rustica_Barn Swallow,0.8356822647300421,0.835599362850189,0.731195092201233,0.968130528926849,0.06551893113724945,51
sweden,W,Hydroprogne caspia_Caspian Tern,0.8947291911487848,0.9132536947727206,0.701535999774933,0.999790728092194,0.09442158012084051,142
sweden,W,Ixobrychus minutus_Little Bittern,0.8106141798198223,0.8147488236427309,0.708878397941589,0.949161648750305,0.07028475945717169,32
sweden,W,Jynx torquilla_Eurasian Wryneck,0.7881173342466354,0.7750808596611025,0.70775318145752,0.919243812561035,0.06172170216768137,20
sweden,W,Lanius collurio_Red-backed Shrike,0.8931486510142251,0.9191810190677645,0.702825903892517,0.999920010566711,0.08725709130750205,482
sweden,W,Lanius excubitor_Great Gray Shrike,0.763105928897858,0.763105928897858,0.763105928897858,0.763105928897858,NA,1
sweden,W,Lanius senator_Woodchat Shrike,0.830653131008148,0.830653131008148,0.830653131008148,0.830653131008148,NA,1
sweden,W,Larus canus_Common Gull,0.8029750883579255,0.8029750883579255,0.7762690782547,0.829681098461151,0.037768001684854384,2
sweden,W,Larus marinus_Great Black-backed Gull,0.8326985239982605,0.8321571946144105,0.700692653656006,0.965787053108215,0.10844973964586309,4
sweden,W,Larus michahellis_Yellow-legged Gull,0.879971385002136,0.879971385002136,0.879971385002136,0.879971385002136,NA,1
sweden,W,Linaria cannabina_Eurasian Linnet,0.7362624988052415,0.719532907009125,0.500885307788849,0.973638892173767,0.14484768645937754,161
sweden,W,Linaria flavirostris_Twite,0.747663378715515,0.747663378715515,0.747663378715515,0.747663378715515,NA,1
sweden,W,Locustella fluviatilis_River Warbler,0.7754590511322024,0.782579600811005,0.737789273262024,0.806008279323578,0.03466244174611486,3
sweden,W,Locustella luscinioides_Savi's Warbler,0.755281269550323,0.755281269550323,0.755281269550323,0.755281269550323,NA,1
sweden,W,Locustella naevia_Common Grasshopper-Warbler,0.8945715687116811,0.9158341884613039,0.700088381767273,0.999844193458557,0.08307881389405505,11188
sweden,W,Lophophanes cristatus_Crested Tit,0.8098214438983371,0.774541795253754,0.700318932533264,0.954132854938507,0.09850707743551762,7
sweden,W,Loxia curvirostra_Red Crossbill,0.8001688520113627,0.761587172746658,0.702442049980164,0.938038170337677,0.10109595668648577,6
sweden,W,Loxia leucoptera_White-winged Crossbill,0.8054664166768392,0.771111488342285,0.707586646080017,0.987410962581635,0.08268406392749504,75
sweden,W,Loxia pytyopsittacus_Parrot Crossbill,0.825445941516331,0.751484096050262,0.718361437320709,0.960874021053314,0.10942925682063978,7
sweden,W,Lullula arborea_Wood Lark,0.8477602136037851,0.848605096340179,0.700042545795441,0.999768078327179,0.08403467755185304,2329
sweden,W,Luscinia luscinia_Thrush Nightingale,0.9075582425179572,0.938577711582184,0.700030267238617,0.999971508979797,0.08794116300527813,27713
sweden,W,Luscinia megarhynchos_Common Nightingale,0.7823445995648703,0.805101066827774,0.705472230911255,0.845271348953247,0.059014500767209724,6
sweden,W,Luscinia svecica_Bluethroat,0.792351067066193,0.792351067066193,0.792351067066193,0.792351067066193,NA,1
sweden,W,Mareca penelope_Eurasian Wigeon,0.870757689842811,0.874123930931091,0.70514714717865,0.997976839542389,0.09261033612738445,39
sweden,W,Mareca strepera_Gadwall,0.9003683410986246,0.923499047756195,0.703070104122162,0.998757123947144,0.07863222625475152,427
sweden,W,Melanitta nigra_Common Scoter,0.8918977549442878,0.9152667224407195,0.704309642314911,0.999558389186859,0.09422908531066518,260
sweden,W,Mergus merganser_Common Merganser,0.792198345065117,0.7851413786411285,0.762172818183899,0.836337804794312,0.03594827892787572,4
sweden,W,Merops apiaster_European Bee-eater,0.6113818740844726,0.574474930763245,0.500316202640533,0.933191299438477,0.11878578165566708,25
sweden,W,Milvus migrans_Black Kite,0.8082028647948956,0.7887953221797941,0.702672600746155,0.984584629535675,0.0833141158477142,58
sweden,W,Milvus milvus_Red Kite,0.8818698881906711,0.8995588421821595,0.70035308599472,0.999422669410706,0.0915507277117435,622
sweden,W,Morus bassanus_Northern Gannet,0.89653217792511,0.89653217792511,0.89653217792511,0.89653217792511,NA,1
sweden,W,Motacilla alba_White Wagtail,0.8568825292187696,0.862370550632477,0.692593574523926,0.996898531913757,0.09083303075721798,179
sweden,W,Motacilla cinerea_Gray Wagtail,0.846745280119089,0.848956137895584,0.700614213943481,0.986657083034515,0.09095320563226872,26
sweden,W,Motacilla flava_Western Yellow Wagtail,0.8085877497990925,0.7813526093959805,0.704838991165161,0.977687895298004,0.07663808097319261,60
sweden,W,Muscicapa striata_Spotted Flycatcher,0.8295740191683625,0.8239611089229585,0.70001894235611,0.992847263813019,0.0874598692708906,132
sweden,W,Nucifraga caryocatactes_Eurasian Nutcracker,0.856120254312243,0.870217084884644,0.705239057540894,0.959844470024109,0.09375944326039803,7
sweden,W,Numenius arquata_Eurasian Curlew,0.8484280746872142,0.8531658947467805,0.700241029262543,0.997337162494659,0.08543313184329986,590
sweden,W,Numenius phaeopus_Whimbrel,0.8248779917585439,0.806751430034637,0.714036464691162,0.973918199539185,0.06833430063941749,29
sweden,W,Nycticorax nycticorax_Black-crowned Night-Heron,0.818448552640818,0.812516868114471,0.701960146427155,0.965628087520599,0.07693881185169141,59
sweden,W,Oriolus oriolus_Eurasian Golden Oriole,0.8122714634599357,0.807220101356506,0.70122241973877,0.938221454620361,0.0662180944113581,29
sweden,W,Pandion haliaetus_Osprey,0.8847851826720041,0.911284327507019,0.702122569084167,0.999708116054535,0.08040946530292045,73
sweden,W,Panurus biarmicus_Bearded Reedling,0.7899169836725507,0.78965562582016,0.702175378799438,0.881171464920044,0.059526541724058045,7
sweden,W,Parus major_Great Tit,0.6920454468086416,0.673819482326508,0.500043153762817,0.997504770755768,0.13150969605859705,841
sweden,W,Passer montanus_Eurasian Tree Sparrow,0.74534660577774,0.74534660577774,0.74534660577774,0.74534660577774,NA,1
sweden,W,Perdix perdix_Gray Partridge,0.7918854355812073,0.800684094429016,0.740429699420929,0.825743854045868,0.036478294866054306,4
sweden,W,Periparus ater_Coal Tit,0.8542723938038475,0.887998342514038,0.701057314872742,0.998527765274048,0.10464958143430592,19
sweden,W,Pernis apivorus_European Honey-buzzard,0.979133069515228,0.979133069515228,0.979133069515228,0.979133069515228,NA,1
sweden,W,Phalacrocorax carbo_Great Cormorant,0.763324797153473,0.763324797153473,0.763324797153473,0.763324797153473,NA,1
sweden,W,Phalaropus lobatus_Red-necked Phalarope,0.74173492193222,0.74173492193222,0.74173492193222,0.74173492193222,NA,1
sweden,W,Phasianus colchicus_Ring-necked Pheasant,0.8218371273829923,0.8591162860393524,0.518474042415619,0.999815404415131,0.146522443216838,1026
sweden,W,Phoenicopterus roseus_Greater Flamingo,0.8217426498730978,0.788337051868439,0.700727939605713,0.962641596794128,0.09311129936484028,15
sweden,W,Phoenicurus ochruros_Black Redstart,0.8097388943036399,0.800413548946381,0.718190908432007,0.913776993751526,0.06341271675114954,9
sweden,W,Phoenicurus phoenicurus_Common Redstart,0.8678167739305914,0.875776648521423,0.700086534023285,0.999909162521362,0.08866590654625027,3947
sweden,W,Phylloscopus collybita_Common Chiffchaff,0.7392226294920848,0.7303242981433871,0.50000661611557,0.999552547931671,0.14826929770837544,12520
sweden,W,Phylloscopus trochilus_Willow Warbler,0.8300657706124193,0.8188455104827881,0.719052791595459,0.99798309803009,0.07554188392000426,1642
sweden,W,Pica pica_Eurasian Magpie,0.8319273491033772,0.8398133814334869,0.64189702272415206,0.999405264854431,0.10485560185202873,298
sweden,W,Picoides tridactylus_Eurasian Three-toed Woodpecker,0.7505128234624863,0.7460039556026461,0.723316729068756,0.786726653575897,0.029575567555136267,4
sweden,W,Picus canus_Gray-headed Woodpecker,0.760601341724396,0.77416604757309,0.726537644863129,0.781100332736969,0.029703074934688448,3
sweden,W,Picus viridis_Eurasian Green Woodpecker,0.8798578059163075,0.893119215965271,0.700268089771271,0.998154103755951,0.08445824817383145,257
sweden,W,Pinicola enucleator_Pine Grosbeak,0.7843132019042968,0.782289057970047,0.721454262733459,0.851220428943634,0.07011838097106196,4
sweden,W,Pluvialis apricaria_European Golden-Plover,0.847280672618321,0.844861745834351,0.736876368522644,0.944376468658447,0.08587948064357488,7
sweden,W,Pluvialis squatarola_Black-bellied Plover,0.8011329128192022,0.7833114862442014,0.701764285564423,0.99206960201263406,0.07732499722096807,26
sweden,W,Podiceps cristatus_Great Crested Grebe,0.8084027071793874,0.801811546087265,0.717116594314575,0.919080913066864,0.06658382313220565,18
sweden,W,Poecile montanus_Willow Tit,0.854126036167145,0.789171934127808,0.77979576587677,0.993410408496857,0.12071487238211093,3
sweden,W,Poecile palustris_Marsh Tit,0.9226616990717151,0.922597289085388,0.846246898174286,0.997317254543304,0.04114110736703258,237
sweden,W,Porzana porzana_Spotted Crake,0.812644777992959,0.802445590496063,0.700877666473389,0.998525559902191,0.07648374423579313,494
sweden,W,Prunella modularis_Dunnock,0.7342595162391663,0.729608356952667,0.502198457717896,0.975508332252502,0.14081107375940902,125
sweden,W,Ptyonoprogne rupestris_Eurasian Crag-Martin,0.8005114197731017,0.758579909801483,0.748356521129608,0.894597828388214,0.08164140269220921,3
sweden,W,Pyrrhocorax graculus_Yellow-billed Chough,0.762986600399017,0.762986600399017,0.762986600399017,0.762986600399017,NA,1
sweden,W,Pyrrhocorax pyrrhocorax_Red-billed Chough,0.8299005478620529,0.8287524282932279,0.71431028842926,0.996665179729462,0.07764177114725324,32
sweden,W,Pyrrhula pyrrhula_Eurasian Bullfinch,0.8090731501579286,0.8147736191749575,0.702257394790649,0.935513913631439,0.08339269270486135,10
sweden,W,Rallus aquaticus_Water Rail,0.8815287446975707,0.8871536552906034,0.707390964031219,0.998504638671875,0.08995190475908252,50
sweden,W,Recurvirostra avosetta_Pied Avocet,0.8456214106812768,0.835795283317566,0.701929211616516,0.998008668422699,0.09889015968907727,49
sweden,W,Regulus ignicapilla_Common Firecrest,0.7652305513620377,0.7411276400089264,0.728164613246918,0.85050231218338,0.05755368299874905,4
sweden,W,Regulus regulus_Goldcrest,0.7648120224475861,0.7621286511421205,0.665401756763458,0.858606696128845,0.08715852691917636,6
sweden,W,Remiz pendulinus_Eurasian Penduline-Tit,0.8484564977032798,0.8643322288990021,0.705766081809998,0.982852756977081,0.08636395956541557,14
sweden,W,Riparia riparia_Bank Swallow,0.8182403833969779,0.804913699626923,0.710162937641144,0.953570008277893,0.08204982494786889,23
sweden,W,Saxicola rubetra_Whinchat,0.8412346793045788,0.83733794093132,0.70020592212677,0.997945249080658,0.08545917672145864,318
sweden,W,Saxicola rubicola_European Stonechat,0.82968170568347,0.7939959168434145,0.709295749664307,0.980827450752258,0.09334240370517007,16
sweden,W,Scolopax rusticola_Eurasian Woodcock,0.9176609843007979,0.955370306968689,0.710736930370331,0.999997973442078,0.09283800382463611,93
sweden,W,Serinus serinus_European Serin,0.7210783958435061,0.7210783958435061,0.71864128112793,0.723515510559082,0.003446600683826635,2
sweden,W,Sitta europaea_Eurasian Nuthatch,0.7987751218468644,0.834660708904266,0.500430822372437,0.999278247356415,0.14550805437350794,860
sweden,W,Spinus spinus_Eurasian Siskin,0.9375398568485094,0.937969446182251,0.874362528324127,0.996911108493805,0.03559456749781373,115
sweden,W,Stercorarius skua_Great Skua,0.8327426195144652,0.806571424007416,0.790663957595825,0.924291610717773,0.05492320974207107,5
sweden,W,Sterna hirundo_Common Tern,0.9005840818339715,0.924497067928314,0.701749205589294,0.998585939407349,0.08224439766944378,787
sweden,W,Sterna paradisaea_Arctic Tern,0.77298891544342,0.77298891544342,0.77298891544342,0.77298891544342,NA,1
sweden,W,Sternula albifrons_Little Tern,0.845012247562408,0.845012247562408,0.845012247562408,0.845012247562408,NA,1
sweden,W,Streptopelia decaocto_Eurasian Collared-Dove,0.7906141316890717,0.7752925753593445,0.702732622623444,0.971880197525024,0.06778797190787779,50
sweden,W,Streptopelia turtur_European Turtle-Dove,0.7439370453357694,0.7439370453357694,0.715174078941345,0.772700011730194,0.04067697716907668,2
sweden,W,Strix aluco_Tawny Owl,0.8907954855325754,0.913051545619965,0.700105249881744,0.99997341632843,0.0911410015671501,4457
sweden,W,Sturnus vulgaris_European Starling,0.8542151568933974,0.8544682264328005,0.701159298419952,0.996725261211395,0.08076052954149375,430
sweden,W,Sylvia atricapilla_Eurasian Blackcap,0.7384727433522542,0.715073525905609,0.608335018157959,0.994405150413513,0.10070794289606635,375
sweden,W,Sylvia borin_Garden Warbler,0.823964150570492,0.8171783685684204,0.700104653835297,0.995042681694031,0.0782227492097201,2436
sweden,W,Tachybaptus ruficollis_Little Grebe,0.8599923472294863,0.868575215339661,0.701372087001801,0.997295558452606,0.0969651042868356,87
sweden,W,Tadorna tadorna_Common Shelduck,0.8958808963115399,0.878222167491913,0.791364729404449,0.999916434288025,0.07271276637157748,13
sweden,W,Tetrastes bonasia_Hazel Grouse,0.7633860111236574,0.7633860111236574,0.733806133270264,0.792965888977051,0.04183226443360864,2
sweden,W,Thalasseus sandvicensis_Sandwich Tern,0.7592466473579405,0.7592466473579405,0.756810069084167,0.761683225631714,0.003445842040554067,2
sweden,W,Tringa erythropus_Spotted Redshank,0.9268232529100618,0.96120086312294,0.724671542644501,0.99997365474700906,0.07991076835746719,76
sweden,W,Tringa glareola_Wood Sandpiper,0.8668855313373649,0.8733339607715604,0.702462196350098,0.995983958244324,0.08122771268924782,460
sweden,W,Tringa nebularia_Common Greenshank,0.9539153397315208,0.957372307777405,0.900263249874115,0.999756395816803,0.03005319497598449,257
sweden,W,Tringa ochropus_Green Sandpiper,0.9112344865968242,0.93893826007843,0.700822949409485,0.999860525131226,0.08269437653859102,845
sweden,W,Tringa totanus_Common Redshank,0.8473900298345579,0.847198098897934,0.700204730033875,0.997373104095459,0.08301054504084987,584
sweden,W,Troglodytes troglodytes_Eurasian Wren,0.7162333221662612,0.700458645820618,0.509648084640503,0.979148507118225,0.14516792464758535,105
sweden,W,Turdus iliacus_Redwing,0.780025906032986,0.75544399023056,0.703044354915619,0.889705061912537,0.05923040931869566,9
sweden,W,Turdus merula_Eurasian Blackbird,0.7276894682538385,0.714182198047638,0.50029546022415206,0.999847292900085,0.1474775817747551,3163
sweden,W,Turdus philomelos_Song Thrush,0.9443622133948586,0.941511571407318,0.900165975093842,0.990961134433746,0.028222110802788615,55
sweden,W,Turdus pilaris_Fieldfare,0.8399199724197388,0.811697363853455,0.732259213924408,0.99476683139801,0.10840719216993609,5
sweden,W,Turdus viscivorus_Mistle Thrush,0.83027760045869,0.8177176117897029,0.758391797542572,0.922009766101837,0.04734648666816739,14
sweden,W,Tyto alba_Barn Owl,0.8260740778025458,0.837039291858673,0.709450602531433,0.952152907848358,0.0764091982687688,17
sweden,W,Vanellus vanellus_Northern Lapwing,0.8705714895279163,0.8827188313007355,0.700026154518127,0.999491453170776,0.08413907779236063,2202
sweden,W,Zapornia parva_Little Crake,0.8660054504871371,0.8660054504871371,0.793966829776764,0.93804407119751,0.10187799442326079,2
the_netherlands,F,Acanthis flammea_Common Redpoll,0.743415236473083,0.743415236473083,0.743415236473083,0.743415236473083,NA,1
the_netherlands,F,Accipiter gentilis_Northern Goshawk,0.7955934134396639,0.767507076263428,0.710070967674255,0.949697434902191,0.07981324755311281,11
the_netherlands,F,Accipiter nisus_Eurasian Sparrowhawk,0.7323666612307234,0.711689651012421,0.701217293739319,0.78419303894043,0.04518736146972692,3
the_netherlands,F,Actitis hypoleucos_Common Sandpiper,0.8729813789066515,0.890962779521942,0.701112389564514,0.998734652996063,0.08722532358173914,19
the_netherlands,F,Aegithalos caudatus_Long-tailed Tit,0.9212446916017601,0.93630576133728,0.789783358573914,0.999531984329224,0.06249717090865577,278
the_netherlands,F,Aegolius funereus_Boreal Owl,0.7788224667310715,0.784264326095581,0.711597740650177,0.835163474082947,0.05120340716671156,4
the_netherlands,F,Aix galericulata_Mandarin Duck,0.802355396747589,0.795989155769348,0.7150958776474,0.880894601345062,0.06647220186155249,5
the_netherlands,F,Alcedo atthis_Common Kingfisher,0.8245742559432983,0.854999005794525,0.703987419605255,0.940954864025116,0.10708299361453497,5
the_netherlands,F,Anas acuta_Northern Pintail,0.7343811690807345,0.7343811690807345,0.702865600585938,0.765896737575531,0.0445697443912394,2
the_netherlands,F,Anas crecca_Green-winged Teal,0.849076668084678,0.839744865894318,0.701404809951782,0.993941068649292,0.09175055395611932,59
the_netherlands,F,Anas platyrhynchos_Mallard,0.8002817332744595,0.8002817332744595,0.795743882656097,0.804819583892822,0.0064174898885114365,2
the_netherlands,F,Anser albifrons_Greater White-fronted Goose,0.702331483364105,0.702331483364105,0.702331483364105,0.702331483364105,NA,1
the_netherlands,F,Anthus pratensis_Meadow Pipit,0.6514481173621286,0.624226033687592,0.545262694358826,0.779424548149109,0.09784847035489952,9
the_netherlands,F,Anthus trivialis_Tree Pipit,0.8755013588978815,0.8903591334819795,0.700067400932312,0.999910950660706,0.09027585327803214,8462
the_netherlands,F,Apus apus_Common Swift,0.9354089558124542,0.936275154352188,0.861521303653717,0.981421709060669,0.04118400910524915,10
the_netherlands,F,Apus melba_Alpine Swift,0.8355789120708194,0.8354089260101315,0.709399819374084,0.981536328792572,0.08622950128315726,28
the_netherlands,F,Ardea cinerea_Gray Heron,0.8927760413198761,0.903771102428436,0.710569143295288,0.996276021003723,0.09621275951405404,33
the_netherlands,F,Athene noctua_Little Owl,0.743492066860199,0.7165163457393645,0.703100621700287,0.83783495426178,0.06347617409694462,4
the_netherlands,F,Bombycilla garrulus_Bohemian Waxwing,0.8128132820129395,0.8195947110652925,0.70287162065506,0.909192085266113,0.10000425991290024,4
the_netherlands,F,Botaurus stellaris_Great Bittern,0.8017786820729574,0.783136427402496,0.703579902648926,0.963249683380127,0.07682578297264647,15
the_netherlands,F,Branta leucopsis_Barnacle Goose,0.9046623309453327,0.931397974491119,0.810915648937225,0.971673369407654,0.08364721842098313,3
the_netherlands,F,Bubo bubo_Eurasian Eagle-Owl,0.7766862132332542,0.747192144393921,0.706737339496613,0.861408233642578,0.058397805223033596,11
the_netherlands,F,Burhinus oedicnemus_Eurasian Thick-knee,0.8246890008449554,0.8246890008449554,0.793631076812744,0.855746924877167,0.04392253738550674,2
the_netherlands,F,Buteo buteo_Common Buzzard,0.8657889627479576,0.872684478759766,0.700147688388824,0.996795356273651,0.08171550138263174,333
the_netherlands,F,Calidris alpina_Dunlin,0.863366350531578,0.888804107904434,0.700408756732941,0.975448429584503,0.1215805769381995,4
the_netherlands,F,Caprimulgus europaeus_Eurasian Nightjar,0.9210792519785614,0.960170686244965,0.700122654438019,0.99996817111969,0.08704543861848482,1235
the_netherlands,F,Carduelis carduelis_European Goldfinch,0.8191268547223164,0.808042049407959,0.709423720836639,0.980209767818451,0.07591235840853623,52
the_netherlands,F,Certhia brachydactyla_Short-toed Treecreeper,0.8574120385174367,0.864584982395172,0.686079859733582,0.999696850776672,0.09360843394643059,4133
the_netherlands,F,Certhia familiaris_Eurasian Treecreeper,0.6732234077449011,0.652353852987289,0.500657439231873,0.973740875720978,0.12410870202172357,1036
the_netherlands,F,Cettia cetti_Cetti's Warbler,0.696949779987335,0.696949779987335,0.696949779987335,0.696949779987335,NA,1
the_netherlands,F,Charadrius dubius_Little Ringed Plover,0.8258985561483047,0.829501807689667,0.706961691379547,0.954441249370575,0.0807514379078824,17
the_netherlands,F,Chloris chloris_European Greenfinch,0.8284611344337462,0.810555189847946,0.7193683385849,0.923783659934998,0.06806237184574694,10
the_netherlands,F,Coccothraustes coccothraustes_Hawfinch,0.8579184876988596,0.8543671667575835,0.700515806674957,0.999996662139893,0.09328290469006734,1052
the_netherlands,F,Columba livia_Rock Pigeon,0.776890695095062,0.776890695095062,0.776890695095062,0.776890695095062,NA,1
the_netherlands,F,Columba oenas_Stock Dove,0.7746969254151722,0.759784936904907,0.700121223926544,0.971573114395142,0.060157299003106735,831
the_netherlands,F,Columba palumbus_Common Wood-Pigeon,0.8803274805347124,0.8945645391941071,0.70133900642395,0.998978495597839,0.08637034745462042,456
the_netherlands,F,Corvus corax_Common Raven,0.7708030954385415,0.800212204456329,0.500192046165466,0.998928725719452,0.1448090042734159,429
the_netherlands,F,Corvus cornix_Hooded Crow,0.707588732242584,0.707588732242584,0.707588732242584,0.707588732242584,NA,1
the_netherlands,F,Corvus corone_Carrion Crow,0.7994388043880463,0.8008879423141475,0.712801575660706,0.883177757263184,0.07758265132632616,4
the_netherlands,F,Corvus frugilegus_Rook,0.7807120829820633,0.757401019334793,0.751290619373322,0.856755673885345,0.0507804194530091,4
the_netherlands,F,Corvus monedula_Eurasian Jackdaw,0.7620457212130228,0.808095276355743,0.529821276664734,0.948163986206055,0.15521353011129213,12
the_netherlands,F,Coturnix coturnix_Common Quail,0.9266794686732085,0.969083935022354,0.714269280433655,0.999938488006592,0.0815856226683154,46
the_netherlands,F,Cuculus canorus_Common Cuckoo,0.6962993360947871,0.6750673055648806,0.501683592796326,0.969820082187653,0.12921915318831004,138
the_netherlands,F,Curruca curruca_Lesser Whitethroat,0.729940265417099,0.729940265417099,0.719488620758057,0.740391910076141,0.014780857625921556,2
the_netherlands,F,Cyanistes caeruleus_Eurasian Blue Tit,0.6995277539673811,0.674513578414917,0.50017511844635,0.999152779579163,0.13669169367619058,1551
the_netherlands,F,Cygnus columbianus_Tundra Swan,0.712440609931946,0.712440609931946,0.712440609931946,0.712440609931946,NA,1
the_netherlands,F,Delichon urbicum_Common House-Martin,0.8134712477525076,0.8078815937042235,0.644117176532745,0.97542816400528,0.08911839223066922,30
the_netherlands,F,Dendrocopos major_Great Spotted Woodpecker,0.7664329802300459,0.779035687446594,0.500029683113098,0.999415874481201,0.1415999616982578,19727
the_netherlands,F,Dendrocoptes medius_Middle Spotted Woodpecker,0.8869187221175335,0.9056245386600494,0.70320588350296,0.998889744281769,0.09375032285412904,122
the_netherlands,F,Dryobates minor_Lesser Spotted Woodpecker,0.8294162811601863,0.8036284148693085,0.702102422714233,0.998195230960846,0.09717627858533125,68
the_netherlands,F,Dryocopus martius_Black Woodpecker,0.9259924372870051,0.9571419656276705,0.706088364124298,0.999964952468872,0.07715403389837054,1002
the_netherlands,F,Emberiza cia_Rock Bunting,0.8271159870283944,0.79877126216888406,0.766311645507812,0.915897309780121,0.05909640499176784,7
the_netherlands,F,Emberiza cirlus_Cirl Bunting,0.765647172927856,0.765647172927856,0.765647172927856,0.765647172927856,NA,1
the_netherlands,F,Emberiza hortulana_Ortolan Bunting,0.7934135768724524,0.759427309036255,0.703392624855042,0.986236155033112,0.08498227584799124,23
the_netherlands,F,Emberiza schoeniclus_Reed Bunting,0.794588029384613,0.794588029384613,0.794588029384613,0.794588029384613,NA,1
the_netherlands,F,Erithacus rubecula_European Robin,0.7995833052071387,0.792904794216156,0.633006930351257,0.999422430992126,0.1036918674170081,11196
the_netherlands,F,Falco subbuteo_Eurasian Hobby,0.800850450992584,0.800850450992584,0.73858642578125,0.863114476203918,0.08805462890180886,2
the_netherlands,F,Ficedula albicollis_Collared Flycatcher,0.8756360496793476,0.906387686729431,0.755137622356415,0.962906897068024,0.08501615264160427,7
the_netherlands,F,Ficedula hypoleuca_European Pied Flycatcher,0.8821621140835545,0.900629580020905,0.700071275234222,0.999996304512024,0.0918878011822225,4209
the_netherlands,F,Ficedula parva_Red-breasted Flycatcher,0.7887346491100281,0.7633997797966,0.700029790401459,0.990885674953461,0.0718225197803473,127
the_netherlands,F,Fratercula arctica_Atlantic Puffin,0.869241416454315,0.869241416454315,0.869241416454315,0.869241416454315,NA,1
the_netherlands,F,Fringilla coelebs_Common Chaffinch,0.7054305484087643,0.682361721992493,0.500003576278687,0.998731911182404,0.1453873482093581,4337
the_netherlands,F,Fringilla montifringilla_Brambling,0.8364257637192222,0.822948813438416,0.70959210395813,0.986024796962738,0.08913068670979497,17
the_netherlands,F,Fulica atra_Eurasian Coot,0.8965176545804547,0.9212084710597994,0.712338924407959,0.999193012714386,0.09462398149711408,62
the_netherlands,F,Gallinago gallinago_Common Snipe,0.91200989484787,0.91200989484787,0.91200989484787,0.91200989484787,NA,1
the_netherlands,F,Gallinula chloropus_Eurasian Moorhen,0.8934015804362074,0.931481838226318,0.711986780166626,0.999297857284546,0.09731368578032334,107
the_netherlands,F,Garrulus glandarius_Eurasian Jay,0.8042083630143076,0.8259157538414,0.530124962329865,0.999245285987854,0.1378292490505761,1765
the_netherlands,F,Glaucidium passerinum_Eurasian Pygmy-Owl,0.858537614345551,0.858537614345551,0.858537614345551,0.858537614345551,NA,1
the_netherlands,F,Grus grus_Common Crane,0.8314554904188429,0.8029895126819611,0.753766298294067,0.971725165843964,0.060524861090279124,14
the_netherlands,F,Haematopus ostralegus_Eurasian Oystercatcher,0.8707610902033355,0.909091949462891,0.729878664016724,0.995863437652588,0.0932158714531091,19
the_netherlands,F,Hippolais icterina_Icterine Warbler,0.898268103599548,0.898268103599548,0.898268103599548,0.898268103599548,NA,1
the_netherlands,F,Hirundo rustica_Barn Swallow,0.8475646841526032,0.8520371913909914,0.72769832611084,0.982952475547791,0.07309335998407214,50
the_netherlands,F,Ixobrychus minutus_Little Bittern,0.842667496204376,0.816725730895996,0.709298729896545,0.95444518327713,0.10420153185704878,5
the_netherlands,F,Linaria cannabina_Eurasian Linnet,0.5890418995510448,0.58951199054718,0.522249221801758,0.679430544376373,0.05093308939980151,11
the_netherlands,F,Locustella luscinioides_Savi's Warbler,0.8621859728902126,0.864590764045715,0.700398921966553,0.998588621616364,0.08717937524574172,461
the_netherlands,F,Lophophanes cristatus_Crested Tit,0.8944964316751717,0.919691562652588,0.700335502624512,0.999962091445923,0.08994267909124778,2491
the_netherlands,F,Loxia curvirostra_Red Crossbill,0.7863032817840574,0.7863032817840574,0.782455265522003,0.790151298046112,0.005441916786029694,2
the_netherlands,F,Lullula arborea_Wood Lark,0.8247789201282321,0.816083669662476,0.714137017726898,0.941444158554077,0.07181924908971249,42
the_netherlands,F,Luscinia megarhynchos_Common Nightingale,0.8323517243067423,0.877008557319641,0.718211591243744,0.901835024356842,0.0996246247075317,3
the_netherlands,F,Mareca penelope_Eurasian Wigeon,0.9264498233795165,0.985116302967072,0.70106053352356,0.999671697616577,0.09311262135908015,25
the_netherlands,F,Mareca strepera_Gadwall,0.8876056373119354,0.8876056373119354,0.834985613822937,0.940225660800934,0.07441595087053246,2
the_netherlands,F,Melanitta nigra_Common Scoter,0.7436757385730746,0.7436757385730746,0.723128437995911,0.764223039150238,0.02905827114638119,2
the_netherlands,F,Motacilla alba_White Wagtail,0.8182331820329032,0.7966237366199496,0.715081214904785,0.945900917053223,0.10880823040752174,6
the_netherlands,F,Motacilla cinerea_Gray Wagtail,0.7949154178301493,0.799920976161957,0.700926005840302,0.952267467975616,0.07300620805079977,21
the_netherlands,F,Motacilla flava_Western Yellow Wagtail,0.764639258384705,0.764639258384705,0.764639258384705,0.764639258384705,NA,1
the_netherlands,F,Muscicapa striata_Spotted Flycatcher,0.8551014482263473,0.857389211654663,0.700025022029877,0.998579621315002,0.08683415914680565,1089
the_netherlands,F,Nucifraga caryocatactes_Eurasian Nutcracker,0.8372807928494044,0.832456350326538,0.757340610027313,0.921953797340393,0.06946420287731704,7
the_netherlands,F,Numenius arquata_Eurasian Curlew,0.885040424590887,0.911490082740784,0.720644116401672,0.991739988327026,0.07745642509614632,43
the_netherlands,F,Numenius phaeopus_Whimbrel,0.8977805137634277,0.9296748638153075,0.792972803115845,0.972667872905731,0.07219573226613037,10
the_netherlands,F,Nycticorax nycticorax_Black-crowned Night-Heron,0.8038724490574428,0.8042396306991575,0.7124143242836,0.981486022472382,0.06688435856162586,28
the_netherlands,F,Oriolus oriolus_Eurasian Golden Oriole,0.7795990467071534,0.776451468467712,0.70815497636795,0.890175580978394,0.05356066231282925,15
the_netherlands,F,Otus scops_Eurasian Scops-Owl,0.8592281341552737,0.879508137702942,0.744386911392212,0.953789353370667,0.10616404563012435,3
the_netherlands,F,Parus major_Great Tit,0.6846565127372741,0.6487528085708616,0.500375688076019,0.992142796516418,0.1396336330003364,800
the_netherlands,F,Passer montanus_Eurasian Tree Sparrow,0.91301554441452,0.91301554441452,0.91301554441452,0.91301554441452,NA,1
the_netherlands,F,Periparus ater_Coal Tit,0.8301397708595777,0.819325923919678,0.700390577316284,0.993910074234009,0.07888800417708927,305
the_netherlands,F,Pernis apivorus_European Honey-buzzard,0.9532229751348495,0.9511848092079165,0.905571222305298,0.994957864284515,0.03134142573264925,12
the_netherlands,F,Phalacrocorax carbo_Great Cormorant,0.901481568813324,0.901481568813324,0.901481568813324,0.901481568813324,NA,1
the_netherlands,F,Phoenicurus ochruros_Black Redstart,0.8477518432754001,0.847580134868622,0.700049757957458,0.985314726829529,0.08105867449551246,237
the_netherlands,F,Phoenicurus phoenicurus_Common Redstart,0.8042509428998257,0.801372647285461,0.704656541347504,0.992009997367859,0.06901317184007415,47
the_netherlands,F,Phylloscopus bonelli_Western Bonelli's Warbler,0.732850581407547,0.732850581407547,0.723262906074524,0.74243825674057,0.01355902048759105,2
the_netherlands,F,Phylloscopus collybita_Common Chiffchaff,0.7050362530107825,0.688301384449005,0.500016331672668,0.996828734874725,0.1362736768760205,13609
the_netherlands,F,Phylloscopus inornatus_Yellow-browed Warbler,0.902505397796631,0.902505397796631,0.902505397796631,0.902505397796631,NA,1
the_netherlands,F,Phylloscopus sibilatrix_Wood Warbler,0.8421323942313405,0.8395057022571559,0.700139582157135,0.993724882602692,0.08473492069629111,636
the_netherlands,F,Phylloscopus trochilus_Willow Warbler,0.8128527496136776,0.795590937137604,0.720288872718811,0.991569221019745,0.07066290461330484,147
the_netherlands,F,Pica pica_Eurasian Magpie,0.7282533049583435,0.713451474905014,0.66245311498642,0.823657155036926,0.07879042616798371,4
the_netherlands,F,Picus canus_Gray-headed Woodpecker,0.8283498974946829,0.834338843822479,0.729864299297333,0.937139689922333,0.05772805743576026,13
the_netherlands,F,Picus viridis_Eurasian Green Woodpecker,0.8700982397649346,0.868331044912338,0.703740298748016,0.99844777584075906,0.09414045976717594,82
the_netherlands,F,Pluvialis apricaria_European Golden-Plover,0.705690085887909,0.705690085887909,0.705690085887909,0.705690085887909,NA,1
the_netherlands,F,Pluvialis squatarola_Black-bellied Plover,0.8093073219060898,0.8168885409832,0.708425998687744,0.895026206970215,0.09228329388924175,4
the_netherlands,F,Podiceps cristatus_Great Crested Grebe,0.738730132579803,0.738730132579803,0.738730132579803,0.738730132579803,NA,1
the_netherlands,F,Poecile montanus_Willow Tit,0.7574764788150785,0.7574764788150785,0.721597611904144,0.793355345726013,0.05074038018802285,2
the_netherlands,F,Poecile palustris_Marsh Tit,0.9217089495846765,0.922438621520996,0.846746921539307,0.99880051612854,0.04251130746002677,939
the_netherlands,F,Porzana porzana_Spotted Crake,0.8167495897838049,0.826426804065704,0.737104177474976,0.895705044269562,0.05544392332156682,7
the_netherlands,F,Prunella modularis_Dunnock,0.6721096262335776,0.6475214660167695,0.502475738525391,0.946834087371826,0.1268381148949535,24
the_netherlands,F,Pyrrhula pyrrhula_Eurasian Bullfinch,0.8578090505792916,0.860859215259552,0.700581550598145,0.999372899532318,0.08655819967884308,173
the_netherlands,F,Rallus aquaticus_Water Rail,0.8398926797367278,0.8280927836894985,0.712476313114166,0.979873418807983,0.088000118191278065,42
the_netherlands,F,Regulus ignicapilla_Common Firecrest,0.8897332134974529,0.914301931858063,0.700747847557068,0.999675750732422,0.0926667246312776,249
the_netherlands,F,Regulus regulus_Goldcrest,0.8587959764741703,0.8742488324642179,0.660050988197327,0.999931573867798,0.10167040404164754,8762
the_netherlands,F,Remiz pendulinus_Eurasian Penduline-Tit,0.8157588402430215,0.81681764125824,0.716381013393402,0.928791582584381,0.05831695500472226,15
the_netherlands,F,Scolopax rusticola_Eurasian Woodcock,0.9365479457413867,0.977271467447281,0.700371503829956,0.999997138977051,0.08253374889571134,672
the_netherlands,F,Sitta europaea_Eurasian Nuthatch,0.7900203373156437,0.81150558590889,0.500206351280212,0.999765455722809,0.14768528221288707,2940
the_netherlands,F,Spinus spinus_Eurasian Siskin,0.9632136921087899,0.9841448962688445,0.883684098720551,0.996057033538818,0.043603695531977495,6
the_netherlands,F,Strix aluco_Tawny Owl,0.8696727170128128,0.880428075790405,0.700298964977264,0.998693764209747,0.09320984667010115,707
the_netherlands,F,Sylvia atricapilla_Eurasian Blackcap,0.7747511505878464,0.767458736896515,0.608046531677246,0.99582326412200906,0.10583777963805384,3538
the_netherlands,F,Sylvia borin_Garden Warbler,0.8317734673619269,0.8221184611320496,0.755870223045349,0.966022253036499,0.06896722112363413,8
the_netherlands,F,Tachybaptus ruficollis_Little Grebe,0.853641450405121,0.853641450405121,0.853641450405121,0.853641450405121,NA,1
the_netherlands,F,Tringa glareola_Wood Sandpiper,0.817195296287537,0.817195296287537,0.817195296287537,0.817195296287537,NA,1
the_netherlands,F,Tringa nebularia_Common Greenshank,0.9687942167123158,0.9710360467433929,0.936677753925323,0.996485948562622,0.025227763049355416,6
the_netherlands,F,Tringa ochropus_Green Sandpiper,0.8255782013847716,0.820860266685486,0.705202758312225,0.993615031242371,0.08442716506603176,21
the_netherlands,F,Tringa totanus_Common Redshank,0.8326149086157482,0.8069632053375245,0.729740560054779,0.931996822357178,0.08230990727993226,6
the_netherlands,F,Troglodytes troglodytes_Eurasian Wren,0.8160894836668422,0.855095565319061,0.500015139579773,0.999742686748505,0.14848084949674387,37669
the_netherlands,F,Turdus iliacus_Redwing,0.8341018217982668,0.831828117370605,0.70026296377182,0.997081816196442,0.0886776208261624,165
the_netherlands,F,Turdus merula_Eurasian Blackbird,0.7047349255789751,0.687581598758698,0.500001311302185,0.998750448226929,0.13614382788073429,1431
the_netherlands,F,Turdus philomelos_Song Thrush,0.9471197210252285,0.9440992474555969,0.900347113609314,0.996614396572113,0.027099701018263683,160
the_netherlands,F,Turdus pilaris_Fieldfare,0.8164294958114623,0.7917672097682951,0.712879657745361,0.969303905963898,0.10958828290754404,4
the_netherlands,F,Turdus torquatus_Ring Ouzel,0.772644102573395,0.772644102573395,0.772644102573395,0.772644102573395,NA,1
the_netherlands,F,Turdus viscivorus_Mistle Thrush,0.8851593490627697,0.8891992568969724,0.747174561023712,0.999311685562134,0.07497459420074067,598
the_netherlands,F,Tyto alba_Barn Owl,0.8618110199769339,0.8520594835281374,0.709858298301697,0.996655821800232,0.09101053136285102,30
the_netherlands,F,Upupa epops_Eurasian Hoopoe,0.838249742984772,0.838249742984772,0.838249742984772,0.838249742984772,NA,1
the_netherlands,F,Vanellus vanellus_Northern Lapwing,0.8065481321378188,0.8048739433288575,0.70835417509079,0.972064793109894,0.07044828944055512,22
the_netherlands,G,Acanthis flammea_Common Redpoll,0.7721484825015069,0.7674952149391174,0.705971002578735,0.819669008255005,0.041919306182857385,8
the_netherlands,G,Accipiter nisus_Eurasian Sparrowhawk,0.778334140777588,0.778334140777588,0.777006447315216,0.77966183423996,0.0018776421011606431,2
the_netherlands,G,Actitis hypoleucos_Common Sandpiper,0.8598775640130043,0.8451294898986815,0.728064298629761,0.998863935470581,0.10717894109380736,16
the_netherlands,G,Aegithalos caudatus_Long-tailed Tit,0.9287254784024995,0.94836562871933,0.789499998092651,0.999258816242218,0.059337047636757914,725
the_netherlands,G,Alca torda_Razorbill,0.752158522605896,0.752158522605896,0.752158522605896,0.752158522605896,NA,1
the_netherlands,G,Alopochen aegyptiaca_Egyptian Goose,0.8569634628706965,0.8582282066345215,0.700795292854309,0.998184621334076,0.08774312205629121,58
the_netherlands,G,Anas acuta_Northern Pintail,0.829294913344913,0.87016749382019,0.701703667640686,0.919558465480804,0.08906306418066792,9
the_netherlands,G,Anas crecca_Green-winged Teal,0.8645762965792702,0.866416454315186,0.702510833740234,0.998450875282288,0.08512003460248697,105
the_netherlands,G,Anas platyrhynchos_Mallard,0.7917451472194107,0.7852224707603455,0.703056931495667,0.929232656955719,0.06250101557925114,54
the_netherlands,G,Anser albifrons_Greater White-fronted Goose,0.775447239478429,0.7623916864395139,0.704440116882324,0.922267436981201,0.06400033662548373,12
the_netherlands,G,Anser anser_Graylag Goose,0.9107424580058483,0.908227980136871,0.835310876369476,0.999264419078827,0.04544144558163456,973
the_netherlands,G,Anser brachyrhynchus_Pink-footed Goose,0.8017680469681234,0.788329005241394,0.70050984621048,0.972506999969482,0.07849346252279636,17
the_netherlands,G,Anthus campestris_Tawny Pipit,0.895600855350494,0.895600855350494,0.895600855350494,0.895600855350494,NA,1
the_netherlands,G,Anthus petrosus_Rock Pipit,0.7372336983680726,0.734015345573425,0.706705749034882,0.770980000495911,0.03225776179855025,3
the_netherlands,G,Anthus pratensis_Meadow Pipit,0.7814656758020001,0.7917169034481044,0.54428368806839,0.999332368373871,0.13210683906648166,248
the_netherlands,G,Anthus spinoletta_Water Pipit,0.7181303799152374,0.7181303799152374,0.700033962726593,0.736226797103882,0.0255921986185426,2
the_netherlands,G,Anthus trivialis_Tree Pipit,0.919342943160399,0.951732814311981,0.70000946521759,0.999966621398926,0.08133765605026343,44177
the_netherlands,G,Apus apus_Common Swift,0.939075017561678,0.945749044418335,0.856463074684143,0.995228171348572,0.04025082561668793,122
the_netherlands,G,Ardea cinerea_Gray Heron,0.8889505689737027,0.90743225812912,0.701476156711578,0.999195754528046,0.08898122613743004,378
the_netherlands,G,Ardea purpurea_Purple Heron,0.7706285417079926,0.7706285417079926,0.729316473007202,0.811940610408783,0.058424087846346916,2
the_netherlands,G,Asio otus_Long-eared Owl,0.796567022800446,0.796567022800446,0.796567022800446,0.796567022800446,NA,1
the_netherlands,G,Athene noctua_Little Owl,0.8074470153078437,0.7959209978580475,0.70065176486969,0.992058873176575,0.07981176224150614,128
the_netherlands,G,Bombycilla garrulus_Bohemian Waxwing,0.8113345967398748,0.807831048965454,0.706825017929077,0.958985209465027,0.08945188165836795,9
the_netherlands,G,Botaurus stellaris_Great Bittern,0.8314436699908513,0.8168286979198456,0.700815737247467,0.999303698539734,0.08785643896697377,416
the_netherlands,G,Branta bernicla_Brant,0.8403799335161845,0.8576098680496216,0.703009605407715,0.940103054046631,0.07322765034269967,12
the_netherlands,G,Branta canadensis_Canada Goose,0.7989758306977439,0.787725865840912,0.700950264930725,0.980321228504181,0.07129938994774246,177
the_netherlands,G,Branta leucopsis_Barnacle Goose,0.9112258020867693,0.9493617415428165,0.704083263874054,0.998885571956635,0.08998689648196642,94
the_netherlands,G,Bubo bubo_Eurasian Eagle-Owl,0.7586561838785807,0.770148396492004,0.711724936962128,0.79409521818161,0.04237061505463699,3
the_netherlands,G,Bucephala clangula_Common Goldeneye,0.8342982292175294,0.819440841674805,0.72965669631958,0.946824312210083,0.08333071112810589,5
the_netherlands,G,Burhinus oedicnemus_Eurasian Thick-knee,0.8396588712930678,0.8528488278388979,0.724175572395325,0.970115482807159,0.07813276138524007,12
the_netherlands,G,Buteo buteo_Common Buzzard,0.8698598033162803,0.8736309111118314,0.701083898544312,0.997826635837555,0.08297969853583641,442
the_netherlands,G,Calidris alpina_Dunlin,0.8472000577233055,0.812313199043274,0.717479586601257,0.98199200630188,0.10600693448978239,11
the_netherlands,G,Calidris canutus_Red Knot,0.723987817764282,0.723987817764282,0.723987817764282,0.723987817764282,NA,1
the_netherlands,G,Caprimulgus europaeus_Eurasian Nightjar,0.8090182581255513,0.803601324558258,0.701210737228394,0.954820513725281,0.06606001777222402,31
the_netherlands,G,Carduelis carduelis_European Goldfinch,0.8460888809587327,0.8460950553417206,0.70911693572998,0.992330431938171,0.07771464884719627,326
the_netherlands,G,Certhia brachydactyla_Short-toed Treecreeper,0.8409919613286069,0.855237305164337,0.687260985374451,0.993126273155212,0.08770962781269293,171
the_netherlands,G,Certhia familiaris_Eurasian Treecreeper,0.6589102745056152,0.614201635122299,0.500965714454651,0.906272113323212,0.17349339855394907,4
the_netherlands,G,Charadrius dubius_Little Ringed Plover,0.8114098519086838,0.7865609526634215,0.70057874917984,0.995990335941315,0.08789932566786167,80
the_netherlands,G,Charadrius hiaticula_Common Ringed Plover,0.848562058280496,0.835250079631805,0.700209259986877,0.998496055603027,0.09508343863191218,17
the_netherlands,G,Chloris chloris_European Greenfinch,0.79890623608151,0.775191366672516,0.709826350212097,0.964529991149902,0.07575549069491042,37
the_netherlands,G,Chroicocephalus ridibundus_Black-headed Gull,0.834634800752004,0.82364284992218,0.743411481380463,0.957668781280518,0.06877475307719351,9
the_netherlands,G,Clangula hyemalis_Long-tailed Duck,0.742666780948639,0.742666780948639,0.742666780948639,0.742666780948639,NA,1
the_netherlands,G,Coccothraustes coccothraustes_Hawfinch,0.8889662151289459,0.893113791942596,0.70362800359726,0.999894499778748,0.09620589880478117,101
the_netherlands,G,Columba livia_Rock Pigeon,0.818703055381775,0.818703055381775,0.807998716831207,0.829407393932343,0.015138220754446367,2
the_netherlands,G,Columba oenas_Stock Dove,0.7478444874286649,0.7478444874286649,0.716184318065643,0.779504656791687,0.044774240900214896,2
the_netherlands,G,Columba palumbus_Common Wood-Pigeon,0.7921247541904448,0.7941501438617705,0.709629654884338,0.913831114768982,0.07046078157061761,10
the_netherlands,G,Corvus corax_Common Raven,0.7039646175172593,0.651515245437622,0.522261261940002,0.955685496330261,0.130886451377386,45
the_netherlands,G,Corvus cornix_Hooded Crow,0.77647022269238,0.76024466753006,0.700025916099548,0.939488351345062,0.055321788931074554,87
the_netherlands,G,Corvus corone_Carrion Crow,0.7710021372701301,0.756513148546219,0.700251042842865,0.938076376914978,0.05532898288541937,244
the_netherlands,G,Corvus frugilegus_Rook,0.8032344229081096,0.771935105323792,0.700314283370972,0.915700435638428,0.0741748206512467,17
the_netherlands,G,Corvus monedula_Eurasian Jackdaw,0.7392091843270764,0.74255782365799,0.500638067722321,0.998373508453369,0.14293482051824216,679
the_netherlands,G,Coturnix coturnix_Common Quail,0.8955487132072448,0.921713352203369,0.708956658840179,0.998754739761353,0.10848937051349851,15
the_netherlands,G,Cuculus canorus_Common Cuckoo,0.7158853554092678,0.703406751155853,0.50057327747345,0.993882298469543,0.13378540798179495,339
the_netherlands,G,Curruca communis_Greater Whitethroat,0.8769683671462072,0.878629684448242,0.732349693775177,0.999389290809631,0.08186626987554246,154
the_netherlands,G,Curruca curruca_Lesser Whitethroat,0.85165441295375,0.838700592517853,0.707607746124268,0.990965843200684,0.08794909295678512,23
the_netherlands,G,Cyanistes caeruleus_Eurasian Blue Tit,0.6963829655995529,0.6799396574497225,0.50005829334259,0.983689367771149,0.13256111178680888,534
the_netherlands,G,Cygnus columbianus_Tundra Swan,0.8133607726348073,0.798295319080353,0.711004972457886,0.923557579517365,0.06091084914363413,19
the_netherlands,G,Cygnus cygnus_Whooper Swan,0.8272892290895636,0.832647919654846,0.701708674430847,0.966212630271912,0.08402597923982107,11
the_netherlands,G,Cygnus olor_Mute Swan,0.8572462466028,0.839817106723785,0.709292888641357,0.991859376430511,0.10968740840103523,9
the_netherlands,G,Delichon urbicum_Common House-Martin,0.8361294472101822,0.856106221675873,0.639492869377136,0.991466760635376,0.10452624580728263,103
the_netherlands,G,Dendrocopos major_Great Spotted Woodpecker,0.7461162290550429,0.754589796066284,0.500037312507629,0.996729731559753,0.14062970322387264,1471
the_netherlands,G,Dryobates minor_Lesser Spotted Woodpecker,0.804815888404846,0.804815888404846,0.804815888404846,0.804815888404846,NA,1
the_netherlands,G,Dryocopus martius_Black Woodpecker,0.867367148399353,0.867367148399353,0.867367148399353,0.867367148399353,NA,1
the_netherlands,G,Egretta garzetta_Little Egret,0.7784896890322367,0.761963367462158,0.724105715751648,0.849399983882904,0.06426120824506033,3
the_netherlands,G,Elanus caeruleus_Black-winged Kite,0.874586999416351,0.874586999416351,0.874586999416351,0.874586999416351,NA,1
the_netherlands,G,Emberiza cia_Rock Bunting,0.7962638437747955,0.796885013580322,0.705084323883057,0.886201024055481,0.09564266144556231,4
the_netherlands,G,Emberiza cirlus_Cirl Bunting,0.746185660362244,0.746185660362244,0.746185660362244,0.746185660362244,NA,1
the_netherlands,G,Emberiza citrinella_Yellowhammer,0.75203400850296,0.75203400850296,0.75203400850296,0.75203400850296,NA,1
the_netherlands,G,Emberiza hortulana_Ortolan Bunting,0.7812364753335714,0.761849284172058,0.700328588485718,0.962419033050537,0.06996052759401311,32
the_netherlands,G,Emberiza schoeniclus_Reed Bunting,0.9387472470601403,0.959574639797211,0.890374302864075,0.966292798519135,0.04202665477765244,3
the_netherlands,G,Erithacus rubecula_European Robin,0.7932120056552742,0.789887189865112,0.63482940196991,0.983951985836029,0.10071439519496232,131
the_netherlands,G,Falco peregrinus_Peregrine Falcon,0.9414794785635812,0.97797566652298,0.762202739715576,0.999230623245239,0.08357702849732164,7
the_netherlands,G,Falco subbuteo_Eurasian Hobby,0.9503428538640339,0.953061044216156,0.92720490694046,0.970762610435486,0.021905702511741693,3
the_netherlands,G,Falco tinnunculus_Eurasian Kestrel,0.8769114635608813,0.882266998291016,0.701254308223724,0.999126851558685,0.08424863090558114,27
the_netherlands,G,Ficedula hypoleuca_European Pied Flycatcher,0.7961151599884032,0.802319586277008,0.709362208843231,0.864686667919159,0.05557954514371951,5
the_netherlands,G,Ficedula parva_Red-breasted Flycatcher,0.7839335501194,0.7839335501194,0.714725911617279,0.853141188621521,0.09787438098951387,2
the_netherlands,G,Fringilla coelebs_Common Chaffinch,0.6901985387814488,0.672204732894897,0.500012636184692,0.999185621738434,0.12855424846835534,1157
the_netherlands,G,Fringilla montifringilla_Brambling,0.8059765001138052,0.7966156899929044,0.718644440174103,0.961700320243835,0.08731181428759088,6
the_netherlands,G,Fulica atra_Eurasian Coot,0.8672379321874456,0.8779853880405425,0.700295209884644,0.99951183795929,0.0946459414002245,752
the_netherlands,G,Gallinago gallinago_Common Snipe,0.7947506010532377,0.8145557045936584,0.632339537143707,0.927507638931274,0.14430301715835708,6
the_netherlands,G,Gallinula chloropus_Eurasian Moorhen,0.903077768031941,0.9482881724834445,0.701565802097321,0.999628782272339,0.09846914328282609,172
the_netherlands,G,Garrulus glandarius_Eurasian Jay,0.7563450864909851,0.7536581158638005,0.530511558055878,0.987656474113464,0.12804975388205148,194
the_netherlands,G,Gavia arctica_Arctic Loon,0.763731956481934,0.763731956481934,0.763731956481934,0.763731956481934,NA,1
the_netherlands,G,Gavia immer_Common Loon,0.7513478845357895,0.742718905210495,0.708848834037781,0.811104893684387,0.04377563930986811,4
the_netherlands,G,Grus grus_Common Crane,0.798084981739521,0.752570748329163,0.702891528606415,0.944779574871063,0.0858610769751128,16
the_netherlands,G,Haematopus ostralegus_Eurasian Oystercatcher,0.8659110306060477,0.882435381412506,0.700127124786377,0.998733460903168,0.08827084704813692,292
the_netherlands,G,Himantopus himantopus_Black-winged Stilt,0.769265870253245,0.755739152431488,0.743594527244568,0.808463931083679,0.03448534413171043,3
the_netherlands,G,Hippolais polyglotta_Melodious Warbler,0.796547412872314,0.796547412872314,0.796547412872314,0.796547412872314,NA,1
the_netherlands,G,Hirundo rustica_Barn Swallow,0.8441357333213091,0.839600771665573,0.724133193492889,0.994900822639465,0.07043676733371404,96
the_netherlands,G,Hydroprogne caspia_Caspian Tern,0.810306310653687,0.810306310653687,0.810306310653687,0.810306310653687,NA,1
the_netherlands,G,Ichthyaetus melanocephalus_Mediterranean Gull,0.945632219314575,0.959500432014465,0.915195107460022,0.962201118469238,0.026393877327264302,3
the_netherlands,G,Ixobrychus minutus_Little Bittern,0.8536348845347885,0.859855651855469,0.702233910560608,0.987083315849304,0.08342694444375023,121
the_netherlands,G,Lanius collurio_Red-backed Shrike,0.8817455459790058,0.902331709861755,0.701994657516479,0.998242259025574,0.09246159034993691,83
the_netherlands,G,Larus argentatus_Herring Gull,0.8051134269316118,0.791464924812317,0.702387571334839,0.970975399017334,0.0695406988247768,91
the_netherlands,G,Larus cachinnans_Caspian Gull,0.718427717685699,0.718427717685699,0.718427717685699,0.718427717685699,NA,1
the_netherlands,G,Larus canus_Common Gull,0.787864724795024,0.746641337871552,0.704330444335938,0.912622392177582,0.11009500263862228,3
the_netherlands,G,Larus delawarensis_Ring-billed Gull,0.7494242787361145,0.7494242787361145,0.73256653547287,0.766282021999359,0.023840449153884075,2
the_netherlands,G,Larus fuscus_Lesser Black-backed Gull,0.7840112599459562,0.768705010414124,0.700501203536987,0.926920235157013,0.06224028636720942,55
the_netherlands,G,Larus marinus_Great Black-backed Gull,0.8093999028205872,0.7993102967739105,0.715254247188568,0.962199151515961,0.07552259803525686,10
the_netherlands,G,Larus michahellis_Yellow-legged Gull,0.7958507787796759,0.770356297492981,0.702666819095612,0.960022568702698,0.07659053525829937,31
the_netherlands,G,Limosa lapponica_Bar-tailed Godwit,0.966193616390228,0.966193616390228,0.966193616390228,0.966193616390228,NA,1
the_netherlands,G,Linaria cannabina_Eurasian Linnet,0.7444369028155176,0.750908851623535,0.501215100288391,0.993712067604065,0.13448459724222817,763
the_netherlands,G,Locustella naevia_Common Grasshopper-Warbler,0.82147745291392,0.7992491126060486,0.774341583251953,0.888713240623474,0.04983597759603854,6
the_netherlands,G,Lophophanes cristatus_Crested Tit,0.8671064531361616,0.88433313369751,0.721206903457642,0.995260775089264,0.08899960170128636,27
the_netherlands,G,Loxia curvirostra_Red Crossbill,0.7703399419784545,0.773052871227264,0.748004496097565,0.78797835111618,0.015047194445479875,5
the_netherlands,G,Lullula arborea_Wood Lark,0.9017656286335034,0.928593456745148,0.700014710426331,0.999992847442627,0.08703744348496538,33935
the_netherlands,G,Luscinia megarhynchos_Common Nightingale,0.8409504550205034,0.835242211818695,0.700273334980011,0.996942579746246,0.0812273286402813,1179
the_netherlands,G,Luscinia svecica_Bluethroat,0.8031209111213684,0.789014339447021,0.736739337444305,0.917818546295166,0.06877338611025773,5
the_netherlands,G,Lymnocryptes minimus_Jack Snipe,0.749764770269394,0.749764770269394,0.744491815567017,0.755037724971771,0.007457084053880521,2
the_netherlands,G,Mareca penelope_Eurasian Wigeon,0.8357666808625926,0.822212338447571,0.701188564300537,0.998509585857391,0.09163717537373117,23
the_netherlands,G,Mareca strepera_Gadwall,0.8719533436438617,0.8955211639404295,0.701379835605621,0.9971764087677,0.10374296083440836,68
the_netherlands,G,Melanitta nigra_Common Scoter,0.8106264881789684,0.8000341653823855,0.700089395046234,0.990496754646301,0.07922301648398396,80
the_netherlands,G,Mergus merganser_Common Merganser,0.7088624536991119,0.7088624536991119,0.700434148311615,0.717290759086609,0.011919423786820487,2
the_netherlands,G,Motacilla alba_White Wagtail,0.8683240504728422,0.873787015676498,0.6994788646698,0.992858409881592,0.08026901284285132,72
the_netherlands,G,Motacilla cinerea_Gray Wagtail,0.7718278169631958,0.765413582324982,0.706077694892883,0.852850556373596,0.04531085358694039,8
the_netherlands,G,Motacilla flava_Western Yellow Wagtail,0.8369226398922148,0.81514436006546,0.71425449848175,0.974379420280457,0.07882231142580813,21
the_netherlands,G,Muscicapa striata_Spotted Flycatcher,0.8006035930970135,0.818305909633636,0.70224416255950906,0.918862700462341,0.07826124132764357,17
the_netherlands,G,Numenius arquata_Eurasian Curlew,0.8294105588734805,0.824719190597534,0.701389193534851,0.986276626586914,0.0865722337188365,91
the_netherlands,G,Numenius phaeopus_Whimbrel,0.8639405237809392,0.874422132968903,0.704024255275726,0.997045695781708,0.09183348130462095,131
the_netherlands,G,Nycticorax nycticorax_Black-crowned Night-Heron,0.8137953311019802,0.801620721817017,0.700313687324524,0.985885500907898,0.07647925629550484,161
the_netherlands,G,Oriolus oriolus_Eurasian Golden Oriole,0.8301786303520204,0.82039749622345,0.751320242881775,0.92267119884491,0.06378833616189233,5
the_netherlands,G,Otus scops_Eurasian Scops-Owl,0.8452692531404041,0.851254284381866,0.700470149517059,0.997813701629639,0.08554240429180524,105
the_netherlands,G,Pandion haliaetus_Osprey,0.782895684242249,0.782895684242249,0.782895684242249,0.782895684242249,NA,1
the_netherlands,G,Panurus biarmicus_Bearded Reedling,0.8221441159645716,0.816670417785645,0.708179473876953,0.986494421958923,0.08275807887213728,12
the_netherlands,G,Parus major_Great Tit,0.7445321725931204,0.741477370262146,0.500160396099091,0.998897433280945,0.15005376687955727,1566
the_netherlands,G,Periparus ater_Coal Tit,0.8110914807165822,0.792035400867462,0.700897812843323,0.969244301319122,0.08760011106932303,31
the_netherlands,G,Pernis apivorus_European Honey-buzzard,0.9511876106262208,0.9602005779743195,0.902089595794678,0.98522424697876,0.030160453923405463,10
the_netherlands,G,Phalacrocorax carbo_Great Cormorant,0.7549177408218385,0.7549177408218385,0.747542917728424,0.762292563915253,0.010429574838809129,2
the_netherlands,G,Phoenicurus ochruros_Black Redstart,0.7911517061293125,0.781916052103043,0.702489376068115,0.91775906085968,0.06180360390025574,32
the_netherlands,G,Phoenicurus phoenicurus_Common Redstart,0.8529443118955862,0.859408497810364,0.7000532746315,0.999309301376343,0.08342431784829925,5351
the_netherlands,G,Phylloscopus bonelli_Western Bonelli's Warbler,0.8522737272854509,0.847512543201447,0.744940936565399,0.989692986011505,0.06596740996481754,29
the_netherlands,G,Phylloscopus collybita_Common Chiffchaff,0.6895132126489562,0.670817971229553,0.500023543834686,0.989570736885071,0.12717021416880545,4011
the_netherlands,G,Phylloscopus inornatus_Yellow-browed Warbler,0.824859976768494,0.824859976768494,0.824859976768494,0.824859976768494,NA,1
the_netherlands,G,Phylloscopus sibilatrix_Wood Warbler,0.830225110054016,0.830225110054016,0.821619391441345,0.838830828666687,0.012170323976005917,2
the_netherlands,G,Phylloscopus trochilus_Willow Warbler,0.7915936609109242,0.7799662947654725,0.720387816429138,0.924706995487213,0.060097368156803575,36
the_netherlands,G,Pica pica_Eurasian Magpie,0.6654208501180013,0.669468939304352,0.642963647842407,0.683829963207245,0.02073171971689964,3
the_netherlands,G,Picus viridis_Eurasian Green Woodpecker,0.8878386591871579,0.9126775562763214,0.707240402698517,0.988388359546661,0.08560975168779066,24
the_netherlands,G,Plectrophenax nivalis_Snow Bunting,0.767668932676315,0.767668932676315,0.754334449768066,0.781003415584564,0.018857806576077985,2
the_netherlands,G,Pluvialis apricaria_European Golden-Plover,0.7777106563250225,0.773687243461609,0.709158778190613,0.869154870510101,0.04336528369972736,9
the_netherlands,G,Pluvialis squatarola_Black-bellied Plover,0.8421115495941855,0.8248437345027925,0.702714502811432,0.991049289703369,0.07850307229300467,44
the_netherlands,G,Podiceps cristatus_Great Crested Grebe,0.8185191798210144,0.800535261631012,0.700295805931091,0.989840447902679,0.09368796959751001,25
the_netherlands,G,Poecile palustris_Marsh Tit,0.9088115890820823,0.914157509803772,0.852070510387421,0.953744173049927,0.04379823134238501,6
the_netherlands,G,Porzana porzana_Spotted Crake,0.8050756936377668,0.7988139986991885,0.701523900032043,0.9833744764328,0.07656679141248184,94
the_netherlands,G,Prunella modularis_Dunnock,0.6267478027764489,0.586337149143219,0.501447379589081,0.957195222377777,0.10541142363279087,34
the_netherlands,G,Psittacula krameri_Rose-ringed Parakeet,0.791319890664174,0.782417893409729,0.704909265041351,0.918057799339294,0.06348466293782411,26
the_netherlands,G,Puffinus puffinus_Manx Shearwater,0.7508460481961566,0.742104589939117,0.723997533321381,0.786436021327972,0.03212399438864939,3
the_netherlands,G,Pyrrhocorax pyrrhocorax_Red-billed Chough,0.8252472281455995,0.8252472281455995,0.768050253391266,0.882444202899933,0.08088873742428995,2
the_netherlands,G,Pyrrhula pyrrhula_Eurasian Bullfinch,0.7785032629966734,0.767391741275787,0.70581042766571,0.858962118625641,0.06641327124619144,5
the_netherlands,G,Rallus aquaticus_Water Rail,0.8475763592226752,0.818932116031647,0.700004935264587,0.993370056152344,0.10048307366957866,29
the_netherlands,G,Recurvirostra avosetta_Pied Avocet,0.9142916268772548,0.937169909477234,0.785839915275574,0.979037642478943,0.06692981253814047,9
the_netherlands,G,Regulus ignicapilla_Common Firecrest,0.820543169975281,0.820543169975281,0.820543169975281,0.820543169975281,NA,1
the_netherlands,G,Regulus regulus_Goldcrest,0.664975643157959,0.664975643157959,0.664975643157959,0.664975643157959,NA,1
the_netherlands,G,Remiz pendulinus_Eurasian Penduline-Tit,0.81668962270785594,0.801023006439209,0.703068554401398,0.959253132343292,0.07533634539487383,39
the_netherlands,G,Riparia riparia_Bank Swallow,0.9084148340755038,0.914936780929565,0.818626940250397,0.990603148937225,0.07225887073276696,9
the_netherlands,G,Saxicola rubetra_Whinchat,0.788576078414917,0.777153074741364,0.715213656425476,0.911170959472656,0.07538440260643127,5
the_netherlands,G,Saxicola rubicola_European Stonechat,0.869525208932544,0.8872546553611755,0.701547026634216,0.998908758163452,0.09478410704979333,218
the_netherlands,G,Scolopax rusticola_Eurasian Woodcock,0.9382715662320456,0.97945499420166,0.703961908817291,0.999998450279236,0.0889854833109274,45
the_netherlands,G,Serinus serinus_European Serin,0.8386456767717994,0.787020921707153,0.772051632404327,0.956864476203918,0.10265370577790436,3
the_netherlands,G,Sitta europaea_Eurasian Nuthatch,0.6871554877447047,0.656084835529327,0.51851499080658,0.93101042509079,0.11986905105710244,23
the_netherlands,G,Spinus spinus_Eurasian Siskin,0.9383854031562806,0.935431092977524,0.90102756023407,0.994549453258514,0.029924397128051047,10
the_netherlands,G,Stercorarius skua_Great Skua,0.8418648540973666,0.8418648540973666,0.774616062641144,0.909113645553589,0.09510415293058974,2
the_netherlands,G,Sterna hirundo_Common Tern,0.929839912801981,0.9460987448692325,0.777998328208923,0.996843218803406,0.056413967749984306,16
the_netherlands,G,Streptopelia decaocto_Eurasian Collared-Dove,0.7656935453414918,0.766897261142731,0.715260744094849,0.808387994766235,0.0373104939217532,5
the_netherlands,G,Streptopelia turtur_European Turtle-Dove,0.7632150411605834,0.74361789226532,0.706722497940063,0.850527584552765,0.05425395305494568,5
the_netherlands,G,Strix aluco_Tawny Owl,0.8991433903418778,0.92311680316925,0.70007741451263406,0.999958872795105,0.08454024604953819,10019
the_netherlands,G,Sturnus vulgaris_European Starling,0.838317930698395,0.838317930698395,0.838317930698395,0.838317930698395,NA,1
the_netherlands,G,Sylvia atricapilla_Eurasian Blackcap,0.646997928619385,0.646997928619385,0.646997928619385,0.646997928619385,NA,1
the_netherlands,G,Tachybaptus ruficollis_Little Grebe,0.865662247576612,0.870412468910217,0.700170636177063,0.993836462497711,0.09019286609167554,47
the_netherlands,G,Tadorna tadorna_Common Shelduck,0.8691281165395465,0.873771071434021,0.700247168540955,0.997463583946228,0.09531617723610446,7
the_netherlands,G,Tetrax tetrax_Little Bustard,0.742926955223083,0.742926955223083,0.742926955223083,0.742926955223083,NA,1
the_netherlands,G,Thalasseus sandvicensis_Sandwich Tern,0.7509035766124725,0.7509035766124725,0.70945280790329,0.792354345321655,0.05862023927931623,2
the_netherlands,G,Tringa erythropus_Spotted Redshank,0.8007958769798282,0.801128745079041,0.728454172611237,0.897601664066315,0.062027302915891945,5
the_netherlands,G,Tringa glareola_Wood Sandpiper,0.7876937577598973,0.764783024787903,0.702514290809631,0.970185279846191,0.07567416819554583,19
the_netherlands,G,Tringa nebularia_Common Greenshank,0.9485053268345919,0.952864468097687,0.902148723602295,0.993463635444641,0.029350961620731794,55
the_netherlands,G,Tringa ochropus_Green Sandpiper,0.9056129110486885,0.945256382226944,0.702471375465393,0.999567925930023,0.08893147382865903,76
the_netherlands,G,Tringa totanus_Common Redshank,0.8563727696736654,0.8932176828384399,0.701896131038666,0.994333386421204,0.09543740389798057,30
the_netherlands,G,Troglodytes troglodytes_Eurasian Wren,0.6270519755780698,0.611583471298218,0.501687705516815,0.7729771733284,0.0922093486887332,16
the_netherlands,G,Turdus iliacus_Redwing,0.8455681779554912,0.844248741865158,0.70182204246521,0.995830953121185,0.10482469950828928,28
the_netherlands,G,Turdus merula_Eurasian Blackbird,0.6275593842330732,0.5833290815353396,0.504759907722473,0.958147168159485,0.10987021379592236,38
the_netherlands,G,Turdus philomelos_Song Thrush,0.9536076678949243,0.949335217475891,0.912588238716125,0.995090961456299,0.02548419319216844,17
the_netherlands,G,Turdus pilaris_Fieldfare,0.7891685962677003,0.820048570632935,0.709896743297577,0.837560474872589,0.06920756246619542,3
the_netherlands,G,Turdus torquatus_Ring Ouzel,0.9063767547960635,0.941493391990662,0.723897218704224,0.989835321903229,0.07401694404670048,27
the_netherlands,G,Turdus viscivorus_Mistle Thrush,0.870930003559049,0.870711505413055,0.747036635875702,0.999986529350281,0.0700441600257405,1743
the_netherlands,G,Tyto alba_Barn Owl,0.8849836386483291,0.889967441558838,0.700580894947052,0.999476492404938,0.09186040866531461,145
the_netherlands,G,Upupa epops_Eurasian Hoopoe,0.8278526067733762,0.8153228163719175,0.73590475320816,0.958063960075378,0.07418117486382032,10
the_netherlands,G,Vanellus vanellus_Northern Lapwing,0.8104629069566724,0.7813267409801481,0.725156664848328,0.954041481018066,0.1003691817002933,4
the_netherlands,W,Acanthis flammea_Common Redpoll,0.717166066169739,0.717166066169739,0.70979243516922,0.724539697170258,0.010427888964868693,2
the_netherlands,W,Accipiter gentilis_Northern Goshawk,0.8599217181057893,0.868960559368134,0.7000452876091,0.995783090591431,0.08793190869534782,645
the_netherlands,W,Accipiter nisus_Eurasian Sparrowhawk,0.801504899263382,0.797187566757202,0.701208055019379,0.943788886070251,0.06339925574278704,50
the_netherlands,W,Acrocephalus arundinaceus_Great Reed Warbler,0.7809620174494656,0.757639646530151,0.706746399402618,0.934594988822937,0.06695161207261877,11
the_netherlands,W,Acrocephalus schoenobaenus_Sedge Warbler,0.883022675286457,0.9002111554145815,0.700051009654999,0.999875664710999,0.08760774870026011,26316
the_netherlands,W,Acrocephalus scirpaceus_Eurasian Reed Warbler,0.8347489727981183,0.831710994243622,0.70002669095993,0.998480141162872,0.08232593676038277,3159
the_netherlands,W,Actitis hypoleucos_Common Sandpiper,0.8990644589066505,0.9386274218559265,0.713166236877441,0.99865049123764,0.0933169852594388,72
the_netherlands,W,Aegithalos caudatus_Long-tailed Tit,0.9129931704289671,0.9212797582149506,0.790058553218842,0.999337017536163,0.06032689449363574,552
the_netherlands,W,Aegolius funereus_Boreal Owl,0.746393322944641,0.746393322944641,0.746393322944641,0.746393322944641,NA,1
the_netherlands,W,Aix galericulata_Mandarin Duck,0.771921008825302,0.771921008825302,0.701165974140167,0.842676043510437,0.10006272965789667,2
the_netherlands,W,Alca torda_Razorbill,0.7889409831592015,0.771237671375275,0.72467565536499,0.920861005783081,0.06619308308814341,7
the_netherlands,W,Alcedo atthis_Common Kingfisher,0.9025221935032938,0.9294921159744265,0.700543642044067,0.999947071075439,0.09085406509269578,1108
the_netherlands,W,Alopochen aegyptiaca_Egyptian Goose,0.8724070175743659,0.880055487155914,0.7006476521492,0.999943494796753,0.09357080974803236,343
the_netherlands,W,Anas acuta_Northern Pintail,0.709668755531311,0.709668755531311,0.709668755531311,0.709668755531311,NA,1
the_netherlands,W,Anas crecca_Green-winged Teal,0.8853639820953468,0.90038788318634,0.704033136367798,0.999275147914886,0.08440505536281928,231
the_netherlands,W,Anas platyrhynchos_Mallard,0.8276173580079448,0.824059545993805,0.700061798095703,0.997747123241425,0.07926771520787235,3731
the_netherlands,W,Anser albifrons_Greater White-fronted Goose,0.7887438427318226,0.7685640156269075,0.70041024684906,0.920596182346344,0.06712249671756765,22
the_netherlands,W,Anser anser_Graylag Goose,0.9235516543286156,0.927578389644623,0.835000455379486,0.999833941459656,0.047533579855978704,9937
the_netherlands,W,Anser brachyrhynchus_Pink-footed Goose,0.806793648463029,0.77288144826889,0.702739477157593,0.953888952732086,0.07861905382941767,13
the_netherlands,W,Anthus campestris_Tawny Pipit,0.779764801263809,0.779764801263809,0.747093141078949,0.812436461448669,0.04620470493867408,2
the_netherlands,W,Anthus pratensis_Meadow Pipit,0.6241984632280138,0.612343013286591,0.547465085983276,0.762196838855743,0.07843211195832155,9
the_netherlands,W,Anthus spinoletta_Water Pipit,0.8149273097515111,0.8149273097515111,0.77982372045517,0.850030899047852,0.04964397207086045,2
the_netherlands,W,Anthus trivialis_Tree Pipit,0.8456358399587808,0.834296941757202,0.706319808959961,0.991569101810455,0.09281470333388767,97
the_netherlands,W,Apus apus_Common Swift,0.928619432349165,0.926317870616913,0.859548211097717,0.998156487941742,0.04039248688255086,119
the_netherlands,W,Apus melba_Alpine Swift,0.7911150267249659,0.78705495595932,0.701874196529388,0.964619636535645,0.07204976916590615,19
the_netherlands,W,Ardea alba_Great Egret,0.759914259115855,0.736141324043274,0.70752888917923,0.836072564125061,0.06748876516590545,3
the_netherlands,W,Ardea cinerea_Gray Heron,0.8876250495239335,0.91316819190979,0.702876150608063,0.999865889549255,0.09115481115701764,689
the_netherlands,W,Ardea purpurea_Purple Heron,0.8234214186668396,0.783201634883881,0.729938864707947,0.970505714416504,0.08556658402920822,11
the_netherlands,W,Arenaria interpres_Ruddy Turnstone,0.787251234054565,0.787251234054565,0.787251234054565,0.787251234054565,NA,1
the_netherlands,W,Asio flammeus_Short-eared Owl,0.706271052360535,0.706271052360535,0.706271052360535,0.706271052360535,NA,1
the_netherlands,W,Asio otus_Long-eared Owl,0.7700531979401907,0.7403290569782259,0.720042526721954,0.852982461452484,0.05569546940663582,6
the_netherlands,W,Athene noctua_Little Owl,0.8141533370877876,0.781150102615356,0.703954041004181,0.99297297000885,0.08311485453360029,61
the_netherlands,W,Botaurus stellaris_Great Bittern,0.8337642099612799,0.8255378305912016,0.70197457075119,0.999743282794952,0.0889241265444806,156
the_netherlands,W,Branta bernicla_Brant,0.8049117041958702,0.7879628241062164,0.701224446296692,0.992387175559998,0.07868658810355125,90
the_netherlands,W,Branta canadensis_Canada Goose,0.7758539644154635,0.767242074012756,0.712804615497589,0.911547482013702,0.049929215512850046,33
the_netherlands,W,Branta leucopsis_Barnacle Goose,0.9130491236722247,0.953459918498993,0.700073003768921,0.999690413475037,0.09168587631539396,161
the_netherlands,W,Bubo bubo_Eurasian Eagle-Owl,0.7560060109410965,0.738263189792633,0.704920172691345,0.82058048248291,0.04466261859096631,7
the_netherlands,W,Bucephala clangula_Common Goldeneye,0.742109149694443,0.742109149694443,0.727578163146973,0.756640136241913,0.020549918250093044,2
the_netherlands,W,Burhinus oedicnemus_Eurasian Thick-knee,0.8017323229994091,0.7852601408958435,0.714681327342987,0.991638123989105,0.0822531785003344,14
the_netherlands,W,Buteo buteo_Common Buzzard,0.8496391063189914,0.8531343936920166,0.701166450977325,0.995023369789124,0.08204461285543664,936
the_netherlands,W,Calidris alpina_Dunlin,0.875271260738373,0.875271260738373,0.784720361232758,0.965822160243988,0.12805831016592395,2
the_netherlands,W,Calidris canutus_Red Knot,0.773412883281708,0.773412883281708,0.773412883281708,0.773412883281708,NA,1
the_netherlands,W,Caprimulgus europaeus_Eurasian Nightjar,0.8220122703934778,0.816222071647644,0.700568735599518,0.9912388920784,0.08142617830306671,359
the_netherlands,W,Carduelis carduelis_European Goldfinch,0.8686874150554725,0.877991110086441,0.709136188030243,0.998963594436646,0.08302509133774993,1236
the_netherlands,W,Certhia brachydactyla_Short-toed Treecreeper,0.861530605852264,0.8714310824871061,0.686216413974762,0.998051285743713,0.08645424789475306,1754
the_netherlands,W,Certhia familiaris_Eurasian Treecreeper,0.6054091478915925,0.583735555410385,0.50013267993927,0.89820808172226,0.09559158091305504,94
the_netherlands,W,Cettia cetti_Cetti's Warbler,0.8439368653084754,0.85734224319458,0.63602089881897,0.999968290328979,0.10855348460482948,3139
the_netherlands,W,Charadrius dubius_Little Ringed Plover,0.8568483808086914,0.8622371256351471,0.70305597782135,0.997130334377289,0.08545541108774427,206
the_netherlands,W,Charadrius hiaticula_Common Ringed Plover,0.9851850569248197,0.985288679599762,0.976614415645599,0.993548452854156,0.006977101363479583,4
the_netherlands,W,Chlidonias hybrida_Whiskered Tern,0.817995131015778,0.817995131015778,0.817995131015778,0.817995131015778,NA,1
the_netherlands,W,Chlidonias niger_Black Tern,0.8280405646020715,0.821838706731796,0.70407646894455,0.960183680057526,0.07280577157586951,44
the_netherlands,W,Chloris chloris_European Greenfinch,0.8245521011401196,0.8208743929862975,0.700187027454376,0.989348173141479,0.08139927038786084,98
the_netherlands,W,Chroicocephalus ridibundus_Black-headed Gull,0.8312230424748526,0.834280878305435,0.706504166126251,0.988466858863831,0.08018575430046809,36
the_netherlands,W,Ciconia ciconia_White Stork,0.8268714376858303,0.787225067615509,0.706113338470459,0.976030111312866,0.10547228670945433,7
the_netherlands,W,Cinclus cinclus_White-throated Dipper,0.831544041633606,0.831544041633606,0.831544041633606,0.831544041633606,NA,1
the_netherlands,W,Circus aeruginosus_Eurasian Marsh-Harrier,0.8573108060019355,0.8815803825855255,0.707335829734802,0.995074570178986,0.09364729886633455,56
the_netherlands,W,Circus cyaneus_Hen Harrier,0.773462196191152,0.795448541641235,0.725121557712555,0.799816489219666,0.04192114905272502,3
the_netherlands,W,Circus pygargus_Montagu's Harrier,0.709422409534454,0.709422409534454,0.709422409534454,0.709422409534454,NA,1
the_netherlands,W,Cisticola juncidis_Zitting Cisticola,0.711434900760651,0.711434900760651,0.711434900760651,0.711434900760651,NA,1
the_netherlands,W,Coccothraustes coccothraustes_Hawfinch,0.8836566162899168,0.902390241622925,0.700940728187561,0.99998152256012,0.09332760563644182,483
the_netherlands,W,Columba livia_Rock Pigeon,0.791859839971249,0.769909739494324,0.710760295391083,0.943669736385345,0.06771527018154719,26
the_netherlands,W,Columba oenas_Stock Dove,0.7708541282585689,0.770432323217392,0.700309932231903,0.870626091957092,0.04846040002513642,14
the_netherlands,W,Columba palumbus_Common Wood-Pigeon,0.8457990312163934,0.8477368354797366,0.701113224029541,0.994005143642426,0.08376536715183386,636
the_netherlands,W,Corvus corax_Common Raven,0.6345864272699123,0.612110257148743,0.502966225147247,0.900178849697113,0.10277173258110424,82
the_netherlands,W,Corvus cornix_Hooded Crow,0.7834846911331018,0.7738433480262754,0.700031101703644,0.931801378726959,0.06317948897901374,48
the_netherlands,W,Corvus corone_Carrion Crow,0.7691818020560525,0.757812261581421,0.700815677642822,0.941940784454346,0.05196649896803682,110
the_netherlands,W,Corvus frugilegus_Rook,0.7823219448328018,0.7716053426265714,0.707984566688538,0.877341091632843,0.052274223344574086,12
the_netherlands,W,Corvus monedula_Eurasian Jackdaw,0.6753403137369854,0.638130784034729,0.500051498413086,0.961026608943939,0.15029575386566207,41
the_netherlands,W,Coturnix coturnix_Common Quail,0.8385163772673834,0.827105581760406,0.710289418697357,0.998343110084534,0.08215897009178562,21
the_netherlands,W,Crex crex_Corn Crake,0.8157265836542303,0.805500566959381,0.70291554927825906,0.984473824501038,0.07714522994476009,55
the_netherlands,W,Cuculus canorus_Common Cuckoo,0.8172618860934697,0.853876978158951,0.500226736068726,0.999989748001099,0.1473459336930869,7178
the_netherlands,W,Curruca communis_Greater Whitethroat,0.862042337656021,0.8793866038322444,0.734118223190308,0.955277919769287,0.09905913620444656,4
the_netherlands,W,Curruca curruca_Lesser Whitethroat,0.7973444539567699,0.795570015907288,0.718879878520966,0.920073270797729,0.05503438276782355,23
the_netherlands,W,Curruca melanocephala_Sardinian Warbler,0.782945732275645,0.784826219081879,0.703355193138123,0.908332526683807,0.058826325646497986,12
the_netherlands,W,Curruca undata_Dartford Warbler,0.764240920543671,0.764240920543671,0.764240920543671,0.764240920543671,NA,1
the_netherlands,W,Cyanistes caeruleus_Eurasian Blue Tit,0.6858112168758678,0.663372665643692,0.500164270401001,0.992273151874542,0.1350198098729828,694
the_netherlands,W,Cygnus atratus_Black Swan,0.743590474128723,0.743590474128723,0.743590474128723,0.743590474128723,NA,1
the_netherlands,W,Cygnus columbianus_Tundra Swan,0.7762648661931356,0.781897068023682,0.700201034545898,0.846696496009827,0.07340995389235293,3
the_netherlands,W,Cygnus cygnus_Whooper Swan,0.768039007981618,0.7599858045578,0.717378556728363,0.826752662658691,0.055129976655660703,3
the_netherlands,W,Cygnus olor_Mute Swan,0.8639840715461308,0.8882964849472045,0.710514783859253,0.999372899532318,0.10703562113528535,18
the_netherlands,W,Delichon urbicum_Common House-Martin,0.8057232923805714,0.800316780805588,0.642756700515747,0.992321312427521,0.1026486477588524,80
the_netherlands,W,Dendrocopos major_Great Spotted Woodpecker,0.7984603525006982,0.82425856590271,0.500160217285156,0.998851418495178,0.14157458607763906,6267
the_netherlands,W,Dendrocoptes medius_Middle Spotted Woodpecker,0.778531491756439,0.778531491756439,0.778531491756439,0.778531491756439,NA,1
the_netherlands,W,Dryobates minor_Lesser Spotted Woodpecker,0.8417235806584359,0.8348648250102995,0.702001392841339,0.992657959461212,0.08338541713288752,80
the_netherlands,W,Dryocopus martius_Black Woodpecker,0.8261486964348035,0.814945757389069,0.709796249866486,0.997715592384338,0.07888703719921036,39
the_netherlands,W,Egretta garzetta_Little Egret,0.8060225943724315,0.8098487854003905,0.711114823818207,0.908099293708801,0.0805989257337456,6
the_netherlands,W,Emberiza cirlus_Cirl Bunting,0.7666927955367349,0.731770157814026,0.704984962940216,0.910383939743042,0.0734728189824999,11
the_netherlands,W,Emberiza citrinella_Yellowhammer,0.7570672035217286,0.733465433120728,0.70053493976593,0.837201237678528,0.07132462352392697,3
the_netherlands,W,Emberiza hortulana_Ortolan Bunting,0.7475682411875043,0.721169888973236,0.702087342739105,0.828114628791809,0.05380498251609873,7
the_netherlands,W,Emberiza schoeniclus_Reed Bunting,0.8858815429181706,0.8886757493019105,0.771098673343658,0.999184668064117,0.06516467951234535,1976
the_netherlands,W,Erithacus rubecula_European Robin,0.7956336852143573,0.788054585456848,0.633909463882446,0.996279060840607,0.11162189385215238,191
the_netherlands,W,Falco peregrinus_Peregrine Falcon,0.8234295547008512,0.818472534418106,0.783593714237213,0.87317943572998,0.037063794999442776,4
the_netherlands,W,Ficedula albicollis_Collared Flycatcher,0.8170021176338196,0.80368310213089,0.701736092567444,0.930097103118896,0.10819767188744106,5
the_netherlands,W,Ficedula hypoleuca_European Pied Flycatcher,0.7986531853675842,0.756626725196838,0.707777678966522,0.982556760311127,0.08255236220608915,23
the_netherlands,W,Ficedula parva_Red-breasted Flycatcher,0.7907820885831659,0.755020320415497,0.705678343772888,0.96936821937561,0.08054375678991364,11
the_netherlands,W,Fratercula arctica_Atlantic Puffin,0.723452985286713,0.723452985286713,0.723452985286713,0.723452985286713,NA,1
the_netherlands,W,Fringilla coelebs_Common Chaffinch,0.7171077749885797,0.7017368376255035,0.500011086463928,0.999893069267273,0.14424421157781145,7032
the_netherlands,W,Fringilla montifringilla_Brambling,0.7975197831789653,0.766538828611374,0.70338499546051,0.900565445423126,0.08273636052918663,6
the_netherlands,W,Fulica atra_Eurasian Coot,0.8834301981470566,0.898438811302185,0.700082004070282,0.99988329410553,0.09232735139119941,3581
the_netherlands,W,Fulmarus glacialis_Northern Fulmar,0.815639658220883,0.800962328910828,0.701401770114899,0.941568374633789,0.06744282771133489,29
the_netherlands,W,Gallinago gallinago_Common Snipe,0.8172298854794995,0.831654489040375,0.619928181171417,0.990496754646301,0.09313090052748858,29
the_netherlands,W,Gallinula chloropus_Eurasian Moorhen,0.8563930395144772,0.853512167930603,0.700299322605133,0.999586641788483,0.09156778663188135,207
the_netherlands,W,Garrulus glandarius_Eurasian Jay,0.8246775887375393,0.853892207145691,0.531176626682281,0.998751163482666,0.13378154969182432,519
the_netherlands,W,Gavia immer_Common Loon,0.705859422683716,0.705859422683716,0.705859422683716,0.705859422683716,NA,1
the_netherlands,W,Gavia stellata_Red-throated Loon,0.7616243958473206,0.7616243958473206,0.730700969696045,0.792547821998596,0.04373232865817661,2
the_netherlands,W,Grus grus_Common Crane,0.8245715339009355,0.82166862487793,0.709952712059021,0.983720779418945,0.07434201720986132,41
the_netherlands,W,Haematopus ostralegus_Eurasian Oystercatcher,0.8924126702161571,0.924418926239014,0.70022189617157,0.99852055311203,0.08715039236396488,201
the_netherlands,W,Himantopus himantopus_Black-winged Stilt,0.7480774819850919,0.7480774819850919,0.725632309913635,0.770522654056549,0.03174226675325226,2
the_netherlands,W,Hippolais icterina_Icterine Warbler,0.959023594856262,0.959023594856262,0.959023594856262,0.959023594856262,NA,1
the_netherlands,W,Hippolais polyglotta_Melodious Warbler,0.789087678704943,0.777638077735901,0.715958654880524,0.943171501159668,0.07631757529385096,7
the_netherlands,W,Hirundo rustica_Barn Swallow,0.8477784324406017,0.844346702098846,0.723157048225403,0.998779118061066,0.0750370723544216,1069
the_netherlands,W,Hydroprogne caspia_Caspian Tern,0.798935910065969,0.771579504013062,0.712368130683899,0.939574241638184,0.08172217682041184,15
the_netherlands,W,Ichthyaetus melanocephalus_Mediterranean Gull,0.8688266118367514,0.894255340099335,0.731733202934265,0.979740560054779,0.08273293376084036,15
the_netherlands,W,Ixobrychus minutus_Little Bittern,0.8265514322689601,0.807494580745697,0.700739562511444,0.997727930545807,0.09848776658005928,70
the_netherlands,W,Jynx torquilla_Eurasian Wryneck,0.761882245540619,0.761882245540619,0.761882245540619,0.761882245540619,NA,1
the_netherlands,W,Lagopus lagopus_Willow Ptarmigan,0.8459744453430176,0.8459744453430176,0.767960488796234,0.923988401889801,0.11032839540284654,2
the_netherlands,W,Lanius collurio_Red-backed Shrike,0.7908872706549508,0.76045560836792,0.700748562812805,0.940664410591125,0.07086840611828125,21
the_netherlands,W,Larus argentatus_Herring Gull,0.704214811325073,0.704214811325073,0.704214811325073,0.704214811325073,NA,1
the_netherlands,W,Larus fuscus_Lesser Black-backed Gull,0.829549640417099,0.829549640417099,0.772010028362274,0.887089252471924,0.08137329974162003,2
the_netherlands,W,Larus marinus_Great Black-backed Gull,0.729250907897949,0.729250907897949,0.729250907897949,0.729250907897949,NA,1
the_netherlands,W,Larus michahellis_Yellow-legged Gull,0.8031770706176756,0.80236154794693,0.710557997226715,0.898866832256317,0.08440887531580514,5
the_netherlands,W,Leiothrix lutea_Red-billed Leiothrix,0.804691016674042,0.804691016674042,0.804691016674042,0.804691016674042,NA,1
the_netherlands,W,Linaria cannabina_Eurasian Linnet,0.7357795323644366,0.746867179870605,0.513524830341339,0.946521878242493,0.15430175455317127,7
the_netherlands,W,Locustella luscinioides_Savi's Warbler,0.8687076665040478,0.880223751068115,0.700008690357208,0.999892473220825,0.08608262574895598,25279
the_netherlands,W,Locustella naevia_Common Grasshopper-Warbler,0.9013538966262821,0.929388046264648,0.70000946521759,0.999910950660706,0.08646215655896944,12329
the_netherlands,W,Lophophanes cristatus_Crested Tit,0.817346341907978,0.8083066940307619,0.714688658714294,0.931960165500641,0.07154340411976597,8
the_netherlands,W,Loxia curvirostra_Red Crossbill,0.804054975509644,0.804054975509644,0.804054975509644,0.804054975509644,NA,1
the_netherlands,W,Lullula arborea_Wood Lark,0.8657258086734348,0.894162595272064,0.712451100349426,0.985492050647736,0.08573156709964687,27
the_netherlands,W,Luscinia megarhynchos_Common Nightingale,0.719989418983459,0.719989418983459,0.719989418983459,0.719989418983459,NA,1
the_netherlands,W,Luscinia svecica_Bluethroat,0.8738159062390659,0.8869070112705231,0.700975179672241,0.998637855052948,0.08721302373716527,748
the_netherlands,W,Mareca penelope_Eurasian Wigeon,0.8893026548718649,0.920400142669678,0.706103980541229,0.997478663921356,0.0916114807343386,63
the_netherlands,W,Mareca strepera_Gadwall,0.888531145448715,0.9074916839599609,0.700869262218475,0.999432265758514,0.08795031403349211,1258
the_netherlands,W,Melanitta nigra_Common Scoter,0.9019586145877838,0.8722423613071445,0.826263070106506,0.994329392910004,0.07259507776717632,6
the_netherlands,W,Mergus merganser_Common Merganser,0.8275358855724334,0.8211297392845155,0.701854288578033,0.952997267246246,0.08132012050232937,10
the_netherlands,W,Milvus milvus_Red Kite,0.797044485807419,0.797044485807419,0.789030432701111,0.805058538913727,0.01133358259251906,2
the_netherlands,W,Motacilla alba_White Wagtail,0.8539077046344865,0.863418310880661,0.688141822814941,0.997791528701782,0.09123704287479097,424
the_netherlands,W,Motacilla cinerea_Gray Wagtail,0.809146245320638,0.775087833404541,0.702922463417053,0.942347407341003,0.08677782823826913,12
the_netherlands,W,Motacilla flava_Western Yellow Wagtail,0.7743588345391411,0.740535855293274,0.704681754112244,0.926806569099426,0.08038682435704533,7
the_netherlands,W,Muscicapa striata_Spotted Flycatcher,0.8315955135419125,0.827095508575439,0.700053155422211,0.992135405540466,0.08275048018834585,479
the_netherlands,W,Numenius arquata_Eurasian Curlew,0.8767796646464955,0.882413387298584,0.704990088939667,0.98714405298233,0.08019512617670183,33
the_netherlands,W,Numenius phaeopus_Whimbrel,0.8489039018750191,0.8554202914237975,0.706771075725555,0.991358876228333,0.0897550391883674,24
the_netherlands,W,Nycticorax nycticorax_Black-crowned Night-Heron,0.8273848328064746,0.817953407764435,0.712059080600739,0.99889862537384,0.07828443997608742,127
the_netherlands,W,Oriolus oriolus_Eurasian Golden Oriole,0.7603126913309097,0.761060357093811,0.716603398323059,0.802526652812958,0.03902876317107228,4
the_netherlands,W,Otus scops_Eurasian Scops-Owl,0.8422314327367595,0.8404024839401245,0.700319290161133,0.99901294708252,0.08680239125897445,284
the_netherlands,W,Pandion haliaetus_Osprey,0.7545471986134848,0.7352030873298645,0.708193063735962,0.818589508533478,0.04844914882508793,6
the_netherlands,W,Panurus biarmicus_Bearded Reedling,0.7352701624234517,0.735157549381256,0.706692516803741,0.763960421085358,0.028634118224158147,3
the_netherlands,W,Parus major_Great Tit,0.6841223606696496,0.654557913541794,0.500101149082184,0.997847318649292,0.13350386180785567,728
the_netherlands,W,Passer montanus_Eurasian Tree Sparrow,0.7674294412136076,0.7674294412136076,0.725610792636871,0.809248089790344,0.059140499977335094,2
the_netherlands,W,Perdix perdix_Gray Partridge,0.8235751191775004,0.879483044147491,0.705806910991669,0.885435402393341,0.10203367476792999,3
the_netherlands,W,Phalacrocorax carbo_Great Cormorant,0.8137057065963744,0.793677449226379,0.720108032226562,0.988751351833344,0.07872445672655615,15
the_netherlands,W,Phasianus colchicus_Ring-necked Pheasant,0.6031504720449448,0.607110947370529,0.528693497180939,0.669686496257782,0.060321551621045584,4
the_netherlands,W,Phoenicurus ochruros_Black Redstart,0.7965662564550127,0.776371598243713,0.716622531414032,0.925152122974396,0.06498103325453006,7
the_netherlands,W,Phoenicurus phoenicurus_Common Redstart,0.8085087397984699,0.7993810176849365,0.700326681137085,0.995227694511414,0.07704522014729809,678
the_netherlands,W,Phylloscopus bonelli_Western Bonelli's Warbler,0.7676560878753663,0.754167497158051,0.715413987636566,0.833386778831482,0.06013195012000066,3
the_netherlands,W,Phylloscopus collybita_Common Chiffchaff,0.7251686664962583,0.7190316319465635,0.500000059604645,0.999788820743561,0.1378802471245235,83308
the_netherlands,W,Phylloscopus inornatus_Yellow-browed Warbler,0.827387034893036,0.827387034893036,0.827387034893036,0.827387034893036,NA,1
the_netherlands,W,Phylloscopus sibilatrix_Wood Warbler,0.833818773428599,0.85181051492691,0.769738554954529,0.879907250404358,0.05724563246122647,3
the_netherlands,W,Phylloscopus trochilus_Willow Warbler,0.7955023109912873,0.792559802532196,0.725075304508209,0.978528201580048,0.07521325034697972,10
the_netherlands,W,Pica pica_Eurasian Magpie,0.7375329809804116,0.701306164264679,0.64189624786377,0.957123219966888,0.08467163400362761,31
the_netherlands,W,Picus canus_Gray-headed Woodpecker,0.8056138396263122,0.821892201900482,0.727128803730011,0.911630690097809,0.07849412658228483,5
the_netherlands,W,Picus viridis_Eurasian Green Woodpecker,0.9096287687619528,0.9320752620697019,0.707616984844208,0.999511957168579,0.08060390138102809,114
the_netherlands,W,Pluvialis apricaria_European Golden-Plover,0.7382024973630905,0.733119875192642,0.71830952167511,0.768260717391968,0.021337789246923516,4
the_netherlands,W,Pluvialis squatarola_Black-bellied Plover,0.849097013473511,0.849097013473511,0.849097013473511,0.849097013473511,NA,1
the_netherlands,W,Podiceps auritus_Horned Grebe,0.744298994541168,0.744298994541168,0.715120196342468,0.773477792739868,0.041265052146349186,2
the_netherlands,W,Podiceps cristatus_Great Crested Grebe,0.7817619442939759,0.758381485939026,0.718554019927979,0.868350327014923,0.07758684024296371,3
the_netherlands,W,Poecile montanus_Willow Tit,0.8137800991535185,0.8137800991535185,0.800725698471069,0.826834499835968,0.01846171049377268,2
the_netherlands,W,Porzana porzana_Spotted Crake,0.788422841578722,0.779231607913971,0.700739979743958,0.986028373241425,0.0730388985026951,32
the_netherlands,W,Prunella modularis_Dunnock,0.7775016799400183,0.7966738641262054,0.500023782253265,0.999101519584656,0.15785191395635428,882
the_netherlands,W,Psittacula krameri_Rose-ringed Parakeet,0.8610045167864585,0.884151577949524,0.703269302845001,0.995602965354919,0.09103024185280265,49
the_netherlands,W,Pyrrhula pyrrhula_Eurasian Bullfinch,0.8042038679122925,0.78971791267395,0.706791043281555,0.958412170410156,0.0720802332908373,27
the_netherlands,W,Rallus aquaticus_Water Rail,0.8734305630358615,0.8893164396286015,0.700163602828979,0.999336779117584,0.09299098535639466,516
the_netherlands,W,Recurvirostra avosetta_Pied Avocet,0.824689507484436,0.824689507484436,0.824689507484436,0.824689507484436,NA,1
the_netherlands,W,Regulus ignicapilla_Common Firecrest,0.8310265430697689,0.833943843841553,0.701430976390839,0.982167959213257,0.09002379922963992,27
the_netherlands,W,Regulus regulus_Goldcrest,0.7135644316673277,0.721956968307495,0.686598002910614,0.738322079181671,0.025233264163037606,5
the_netherlands,W,Remiz pendulinus_Eurasian Penduline-Tit,0.7983789920806884,0.807332277297974,0.744058907032013,0.859549045562744,0.04981927556691279,5
the_netherlands,W,Riparia riparia_Bank Swallow,0.7917501476075914,0.767813146114349,0.701383471488953,0.954871714115143,0.07180785337684877,45
the_netherlands,W,Saxicola rubetra_Whinchat,0.7948620617389675,0.7948620617389675,0.749884486198425,0.83983963727951,0.06360789733209565,2
the_netherlands,W,Saxicola rubicola_European Stonechat,0.833587944507599,0.833587944507599,0.795063257217407,0.872112631797791,0.0544821352519719,2
the_netherlands,W,Scolopax rusticola_Eurasian Woodcock,0.8072904516011477,0.793112576007843,0.705087125301361,0.977876842021942,0.0786244345397126,32
the_netherlands,W,Serinus serinus_European Serin,0.78620707988739,0.78620707988739,0.78620707988739,0.78620707988739,NA,1
the_netherlands,W,Sitta europaea_Eurasian Nuthatch,0.6834971482103521,0.661159634590149,0.501575708389282,0.980135798454285,0.1502629328838594,55
the_netherlands,W,Somateria mollissima_Common Eider,0.879508763551712,0.879508763551712,0.841575622558594,0.91744190454483,0.0536455624558783,2
the_netherlands,W,Spatula clypeata_Northern Shoveler,0.863505959510803,0.859480500221252,0.816473364830017,0.91456401348114,0.04916906629241999,3
the_netherlands,W,Spatula querquedula_Garganey,0.810686349868774,0.810686349868774,0.714617788791656,0.906754910945892,0.13586146199292828,2
the_netherlands,W,Spinus spinus_Eurasian Siskin,0.966968655586243,0.966968655586243,0.966968655586243,0.966968655586243,NA,1
the_netherlands,W,Stercorarius skua_Great Skua,0.953997731208801,0.953997731208801,0.953997731208801,0.953997731208801,NA,1
the_netherlands,W,Sterna hirundo_Common Tern,0.8730131114522618,0.8752021789550786,0.721209824085236,0.995078802108765,0.08966644630533593,24
the_netherlands,W,Sternula albifrons_Little Tern,0.7745802203814189,0.774606764316559,0.71562123298645,0.833512663841248,0.058945719909788835,3
the_netherlands,W,Streptopelia decaocto_Eurasian Collared-Dove,0.823727548122406,0.850848913192749,0.764135777950287,0.856197953224182,0.05167724220098688,3
the_netherlands,W,Streptopelia turtur_European Turtle-Dove,0.7966156237655215,0.7997145056724551,0.705603897571564,0.945700764656067,0.07017466494476154,18
the_netherlands,W,Strix aluco_Tawny Owl,0.8826728969747558,0.904620349407196,0.700000464916229,0.999951601028442,0.0947222164164108,2758
the_netherlands,W,Sturnus vulgaris_European Starling,0.8127591013908386,0.7904207408428194,0.704807996749878,0.997914731502533,0.09408093350907164,30
the_netherlands,W,Sylvia atricapilla_Eurasian Blackcap,0.7688903064687248,0.7585206627845765,0.608144223690033,0.995980978012085,0.10481007152176655,2588
the_netherlands,W,Sylvia borin_Garden Warbler,0.820850946165029,0.8114858567714696,0.70032799243927,0.998178482055664,0.0796198206287227,478
the_netherlands,W,Tachybaptus ruficollis_Little Grebe,0.8606661829081448,0.8658349215984344,0.729142010211945,0.990293741226196,0.06397580520672795,22
the_netherlands,W,Tadorna tadorna_Common Shelduck,0.8525870353788944,0.8553993701934814,0.700574338436127,0.995835542678833,0.08589395309036697,74
the_netherlands,W,Thalasseus sandvicensis_Sandwich Tern,0.7399484316507976,0.743248283863068,0.72347766160965,0.753119349479675,0.01509384587880489,3
the_netherlands,W,Tringa erythropus_Spotted Redshank,0.8337235516972012,0.804433524608612,0.705747902393341,0.938372611999512,0.08540808914367017,9
the_netherlands,W,Tringa glareola_Wood Sandpiper,0.8685475525103117,0.894052922725677,0.704496443271637,0.97124856710434,0.08580637265763504,19
the_netherlands,W,Tringa nebularia_Common Greenshank,0.9563411831855775,0.960403382778168,0.904228389263153,0.990242779254913,0.023674788037264038,25
the_netherlands,W,Tringa ochropus_Green Sandpiper,0.9255863446990649,0.960576891899109,0.701892733573914,0.999918460845947,0.08105118034107228,600
the_netherlands,W,Tringa totanus_Common Redshank,0.8817713260650633,0.8942023813724516,0.787120819091797,0.951559722423553,0.08195844766855773,4
the_netherlands,W,Troglodytes troglodytes_Eurasian Wren,0.7198759906952262,0.703719794750214,0.500003755092621,0.998368561267853,0.1440488741586548,6243
the_netherlands,W,Turdus iliacus_Redwing,0.8420549799566683,0.829394668340683,0.708539545536041,0.992660403251648,0.08503580719377468,92
the_netherlands,W,Turdus merula_Eurasian Blackbird,0.6549474044102375,0.6244423389434814,0.500477731227875,0.994230389595032,0.12112927730031528,428
the_netherlands,W,Turdus philomelos_Song Thrush,0.9441931956800921,0.939821749925613,0.906740367412567,0.994805514812469,0.023792783312433265,58
the_netherlands,W,Turdus pilaris_Fieldfare,0.8478846102952955,0.8290066123008726,0.77996426820755,0.953560948371887,0.07784715246490063,4
the_netherlands,W,Turdus torquatus_Ring Ouzel,0.742698311805725,0.742698311805725,0.742698311805725,0.742698311805725,NA,1
the_netherlands,W,Turdus viscivorus_Mistle Thrush,0.8424629994801114,0.8371303379535675,0.747928023338318,0.994009375572205,0.06774470937846938,14
the_netherlands,W,Tyto alba_Barn Owl,0.8575790800430158,0.8552176356315615,0.703561544418335,0.999434769153595,0.08122699908051634,108
the_netherlands,W,Upupa epops_Eurasian Hoopoe,0.791297396024068,0.734113574028015,0.706651747226715,0.933126866817474,0.12359303002989028,3
the_netherlands,W,Vanellus vanellus_Northern Lapwing,0.7853082776069642,0.786812603473663,0.700947225093842,0.888869881629944,0.07250152246635776,5
the_netherlands,W,Zapornia parva_Little Crake,0.9026855826377868,0.9005226790905,0.822501718997955,0.987195253372192,0.06793189524988995,4
